Date,DJI,SP500,CAC40,NYSE,NASDAQ,FTSE,N225,SSE,SZ,SH,HSI
2009-12-31,10428.0498046875,1115.0999755859375,3936.330078125,7184.9599609375,2269.14990234375,5412.89990234375,,3277.138916015625,13699.81640625,3437.4599609375,21872.5
2010-01-04,10583.9599609375,1132.989990234375,4013.969970703125,7326.740234375,2308.419921875,5500.2998046875,10654.7900390625,3243.760009765625,13533.3876953125,3402.31005859375,21823.279296875
2010-01-05,10572.01953125,1136.52001953125,4012.909912109375,7354.8701171875,2308.7099609375,5522.5,10681.830078125,3282.178955078125,13517.228515625,3442.580078125,22279.580078125
2010-01-06,10573.6796875,1137.1400146484375,4017.669921875,7377.7001953125,2301.090087890625,5530.0,10731.4501953125,3254.215087890625,13505.0283203125,3413.159912109375,22416.669921875
2010-01-07,10606.8603515625,1141.68994140625,4024.800048828125,7393.93017578125,2300.050048828125,5526.7001953125,10681.66015625,3192.77587890625,13235.33203125,3348.659912109375,22269.44921875
2010-01-08,10618.1904296875,1144.97998046875,4045.139892578125,7425.35009765625,2317.169921875,5534.2001953125,10798.3203125,3195.9970703125,13267.2919921875,3351.8701171875,22296.75
2010-01-11,10663.990234375,1146.97998046875,4043.090087890625,7449.0498046875,2312.409912109375,5538.10009765625,,3212.75,13160.9423828125,3369.43994140625,22411.51953125
2010-01-12,10627.259765625,1136.219970703125,4000.050048828125,7370.4501953125,2282.31005859375,5498.7001953125,10879.1396484375,3273.966064453125,13381.099609375,3433.760009765625,22326.640625
2010-01-13,10680.76953125,1145.6800537109375,4000.860107421875,7430.14013671875,2307.89990234375,5473.5,10735.0302734375,3172.657958984375,13016.4140625,3327.139892578125,21748.599609375
2010-01-14,10710.5498046875,1148.4599609375,4015.77001953125,7448.52001953125,2316.739990234375,5498.2001953125,10907.6796875,3215.550048828125,13204.04296875,3372.159912109375,21716.94921875
2010-01-15,10609.650390625,1136.030029296875,3954.3798828125,7356.7900390625,2287.989990234375,5455.39990234375,10982.099609375,3224.152099609375,13264.2216796875,3381.139892578125,21654.16015625
2010-01-18,,,3977.4599609375,,,5494.39990234375,10855.080078125,3237.097900390625,13361.3701171875,3394.56005859375,21460.009765625
2010-01-19,10725.4296875,1150.22998046875,4009.669921875,7443.68017578125,2320.39990234375,5513.10009765625,10764.900390625,3246.8740234375,13350.5205078125,3404.909912109375,21677.98046875
2010-01-20,10603.150390625,1138.0400390625,3928.949951171875,7329.830078125,2291.25,5420.7998046875,10737.51953125,3151.85009765625,12916.005859375,3304.949951171875,21286.169921875
2010-01-21,10389.8798828125,1116.47998046875,3862.159912109375,7174.4599609375,2265.699951171875,5335.10009765625,10868.41015625,3158.863037109375,12917.005859375,3312.159912109375,20862.669921875
2010-01-22,10172.98046875,1091.760009765625,3820.780029296875,7030.60986328125,2205.2900390625,5303.0,10590.5498046875,3128.587890625,12595.798828125,3280.60009765625,20726.1796875
2010-01-25,10196.8603515625,1096.780029296875,3781.85009765625,7073.1298828125,2210.800048828125,5260.2998046875,10512.6904296875,3094.410888671875,12470.05078125,3245.0,20598.55078125
2010-01-26,10194.2900390625,1092.1700439453125,3807.0400390625,7028.31982421875,2203.72998046875,5276.89990234375,10325.2802734375,3019.39404296875,12162.4228515625,3166.18994140625,20109.330078125
2010-01-27,10236.16015625,1097.5,3759.800048828125,7035.60986328125,2221.409912109375,5217.5,10252.080078125,2986.60693359375,12046.64453125,3131.6298828125,20033.0703125
2010-01-28,10120.4599609375,1084.530029296875,3688.7900390625,6956.990234375,2179.0,5145.7001953125,10414.2900390625,2994.14306640625,12120.3447265625,3139.47998046875,20356.369140625
2010-01-29,10067.330078125,1073.8699951171875,3739.4599609375,6883.77978515625,2147.35009765625,5188.5,10198.0400390625,2989.2919921875,12137.064453125,3134.75,20121.990234375
2010-02-01,10185.5302734375,1089.18994140625,3762.010009765625,7008.22998046875,2171.199951171875,5247.39990234375,10205.01953125,2941.360107421875,11988.9765625,3084.56005859375,20243.75
2010-02-02,10296.849609375,1103.3199462890625,3812.1298828125,7101.43994140625,2190.06005859375,5283.2998046875,10371.08984375,2934.712890625,11912.7958984375,3077.580078125,20272.1796875
2010-02-03,10270.5498046875,1097.280029296875,3793.469970703125,7042.6201171875,2190.909912109375,5253.2001953125,10404.330078125,3003.8349609375,12262.43359375,3150.010009765625,20722.080078125
2010-02-04,10002.1796875,1063.1099853515625,3689.25,6787.85986328125,2125.429931640625,5139.2998046875,10355.98046875,2995.30810546875,12169.34375,3140.97998046875,20341.640625
2010-02-05,10012.23046875,1066.18994140625,3563.760009765625,6782.75,2141.1201171875,5060.89990234375,10057.08984375,2939.402099609375,11917.005859375,3082.35009765625,19665.080078125
2010-02-08,9908.3896484375,1056.739990234375,3607.27001953125,6713.8701171875,2126.050048828125,5092.2998046875,9951.8203125,2935.174072265625,11947.2060546875,3077.840087890625,19550.890625
2010-02-09,10058.6396484375,1070.52001953125,3612.760009765625,6835.16015625,2150.8701171875,5111.7998046875,9932.900390625,2948.842041015625,11970.306640625,3092.110107421875,19790.279296875
2010-02-10,10038.3798828125,1068.1300048828125,3635.610107421875,6819.1201171875,2147.8701171875,5132.0,9963.990234375,2982.5,12185.2431640625,3127.389892578125,19922.220703125
2010-02-11,10144.1904296875,1078.469970703125,3616.75,6898.72021484375,2177.409912109375,5161.5,,2985.4990234375,12224.462890625,3130.429931640625,20290.689453125
2010-02-12,10099.1396484375,1075.510009765625,3599.070068359375,6874.56005859375,2183.530029296875,5142.5,10092.1904296875,3018.133056640625,12304.6416015625,3164.64990234375,20268.689453125
2010-02-15,,,3609.219970703125,,,5167.5,10013.2998046875,,,,
2010-02-16,10268.8095703125,1094.8699951171875,3669.0400390625,7013.35009765625,2214.18994140625,5244.10009765625,10034.25,,,,
2010-02-17,10309.240234375,1099.510009765625,3725.2099609375,7035.2001953125,2226.2900390625,5276.60009765625,10306.830078125,,,,20534.009765625
2010-02-18,10392.900390625,1106.75,3747.830078125,7080.3798828125,2241.7099609375,5325.10009765625,10335.6904296875,,,,20422.150390625
2010-02-19,10402.349609375,1109.1700439453125,3769.5400390625,7083.25,2243.8701171875,5358.2001953125,10123.580078125,,,,19894.01953125
2010-02-22,10383.3798828125,1108.010009765625,3756.699951171875,7078.52978515625,2242.030029296875,5352.10009765625,10400.4697265625,3003.39794921875,12213.4033203125,3149.1298828125,20377.26953125
2010-02-23,10282.41015625,1094.5999755859375,3707.06005859375,6974.60009765625,2213.43994140625,5315.10009765625,10352.099609375,2982.574951171875,12069.07421875,3127.2099609375,20623.0
2010-02-24,10374.16015625,1105.239990234375,3715.679931640625,7030.669921875,2235.89990234375,5342.89990234375,10198.830078125,3022.177001953125,12281.953125,3168.85009765625,20467.740234375
2010-02-25,10321.0302734375,1102.93994140625,3640.77001953125,7013.4501953125,2234.219970703125,5278.2001953125,10101.9599609375,3060.617919921875,12494.1298828125,3209.18994140625,20399.5703125
2010-02-26,10325.259765625,1104.489990234375,3708.800048828125,7035.0400390625,2238.260009765625,5354.5,10126.0302734375,3051.943115234375,12436.5205078125,3200.050048828125,20608.69921875
2010-03-01,10403.7900390625,1115.7099609375,3769.5400390625,7100.75,2273.570068359375,5405.89990234375,10172.0595703125,3087.842041015625,12588.1181640625,3237.85009765625,21056.9296875
2010-03-02,10405.98046875,1118.31005859375,3811.919921875,7135.97021484375,2280.7900390625,5484.10009765625,10221.83984375,3073.10791015625,12548.76953125,3222.5,20906.109375
2010-03-03,10396.759765625,1118.7900390625,3842.52001953125,7164.66015625,2280.679931640625,5533.2001953125,10253.1396484375,3097.0048828125,12612.548828125,3247.550048828125,20876.7890625
2010-03-04,10444.1396484375,1122.969970703125,3828.409912109375,7173.06982421875,2292.31005859375,5527.2001953125,10145.7197265625,3023.373046875,12312.7509765625,3170.239990234375,20575.779296875
2010-03-05,10566.2001953125,1138.699951171875,3910.419921875,7291.31005859375,2326.35009765625,5599.7998046875,10368.9599609375,3031.06494140625,12341.6015625,3178.14990234375,20787.970703125
2010-03-08,10552.51953125,1138.5,3903.5400390625,7292.52978515625,2332.2099609375,5606.7001953125,10585.919921875,3053.23193359375,12437.4306640625,3201.3798828125,21196.869140625
2010-03-09,10564.3798828125,1140.449951171875,3910.010009765625,7294.02001953125,2340.679931640625,5602.2998046875,10567.650390625,3069.14111328125,12507.5205078125,3218.110107421875,21207.55078125
2010-03-10,10567.330078125,1145.6099853515625,3943.550048828125,7327.669921875,2358.949951171875,5640.60009765625,10563.919921875,3048.927001953125,12391.51171875,3196.949951171875,21208.2890625
2010-03-11,10611.83984375,1150.239990234375,3928.949951171875,7353.240234375,2368.4599609375,5617.2998046875,10664.9501953125,3051.281982421875,12367.5517578125,3199.6298828125,21228.19921875
2010-03-12,10624.6904296875,1149.989990234375,3927.39990234375,7362.85009765625,2367.659912109375,5625.7001953125,10751.259765625,3013.412109375,12168.9736328125,3159.830078125,21209.740234375
2010-03-15,10642.150390625,1150.510009765625,3890.909912109375,7350.9599609375,2362.2099609375,5593.89990234375,10751.98046875,2976.93896484375,11903.1962890625,3121.510009765625,21079.099609375
2010-03-16,10685.98046875,1159.4599609375,3938.949951171875,7426.7001953125,2378.010009765625,5620.39990234375,10721.7099609375,2992.841064453125,11948.6259765625,3138.1298828125,21022.9296875
2010-03-17,10733.669921875,1166.2099609375,3957.889892578125,7474.1298828125,2389.090087890625,5644.60009765625,10846.98046875,3050.47900390625,12233.6328125,3198.60009765625,21384.490234375
2010-03-18,10779.169921875,1165.8299560546875,3938.179931640625,7443.56982421875,2391.280029296875,5642.60009765625,10744.0302734375,3046.089111328125,12236.59375,3193.969970703125,21330.669921875
2010-03-19,10741.98046875,1159.9000244140625,3925.43994140625,7386.85009765625,2374.409912109375,5650.10009765625,10824.7197265625,3067.75,12352.78125,3216.679931640625,21370.8203125
2010-03-22,10785.8896484375,1165.81005859375,3928.0,7419.02001953125,2395.39990234375,5644.5,,3074.575927734375,12352.3115234375,3223.85009765625,20933.25
2010-03-23,10888.830078125,1174.1700439453125,3952.550048828125,7478.85986328125,2415.239990234375,5673.60009765625,10774.150390625,3053.125,12304.841796875,3201.330078125,20987.779296875
2010-03-24,10836.150390625,1167.719970703125,3949.81005859375,7408.16015625,2398.760009765625,5677.89990234375,10815.0302734375,3056.80810546875,12289.9013671875,3205.14990234375,21008.619140625
2010-03-25,10841.2099609375,1165.72998046875,4000.47998046875,7385.60009765625,2397.409912109375,5727.7001953125,10828.849609375,3019.176025390625,12086.7646484375,3165.610107421875,20778.55078125
2010-03-26,10850.3603515625,1166.5899658203125,3988.929931640625,7403.580078125,2395.1298828125,5703.0,10996.3701171875,3059.715087890625,12240.2236328125,3208.219970703125,21053.109375
2010-03-29,10895.8603515625,1173.219970703125,4000.659912109375,7464.89990234375,2404.360107421875,5710.7001953125,10986.4697265625,3123.798095703125,12552.3095703125,3275.550048828125,21237.4296875
2010-03-30,10907.419921875,1173.27001953125,3987.409912109375,7460.72021484375,2410.68994140625,5672.2998046875,11097.1396484375,3128.468017578125,12592.8984375,3280.449951171875,21374.7890625
2010-03-31,10856.6298828125,1169.4300537109375,3974.010009765625,7447.7998046875,2397.9599609375,5679.60009765625,11089.9404296875,3109.10498046875,12494.2099609375,3260.0,21239.349609375
2010-04-01,10927.0703125,1178.0999755859375,4034.22998046875,7539.0498046875,2402.580078125,5744.89990234375,11244.400390625,3147.416015625,12685.91796875,3300.070068359375,21537.0
2010-04-02,,,,,,,11286.08984375,3157.95703125,12767.7177734375,3311.14990234375,
2010-04-05,10973.5498046875,1187.43994140625,,7600.93017578125,2429.530029296875,,11339.2998046875,,,,
2010-04-06,10969.990234375,1189.43994140625,4053.93994140625,7604.43994140625,2436.81005859375,5780.39990234375,11282.3203125,3158.680908203125,12702.697265625,3311.89990234375,
2010-04-07,10897.51953125,1182.449951171875,4026.969970703125,7546.18017578125,2431.159912109375,5762.10009765625,11292.830078125,3148.221923828125,12631.828125,3300.800048828125,21928.76953125
2010-04-08,10927.0703125,1186.43994140625,3978.4599609375,7565.330078125,2436.81005859375,5712.7001953125,11168.2001953125,3118.708984375,12426.8603515625,3269.7099609375,21867.0390625
2010-04-09,10997.349609375,1194.3699951171875,4050.5400390625,7629.0498046875,2454.050048828125,5771.0,11204.33984375,3145.346923828125,12554.9794921875,3297.68994140625,22208.5
2010-04-12,11005.9697265625,1196.47998046875,4050.5,7641.75,2457.8701171875,5777.7001953125,11251.900390625,3129.262939453125,12399.0615234375,3280.89990234375,22138.169921875
2010-04-13,11019.419921875,1197.300048828125,4031.989990234375,7638.35009765625,2465.989990234375,5761.7001953125,11161.23046875,3161.2509765625,12511.75,3314.610107421875,22103.529296875
2010-04-14,11123.1103515625,1210.6500244140625,4057.699951171875,7728.9599609375,2504.860107421875,5796.2998046875,11204.900390625,3166.18310546875,12557.55859375,3319.780029296875,22121.4296875
2010-04-15,11144.5703125,1211.6700439453125,4065.64990234375,7719.66015625,2515.68994140625,5825.0,11273.7900390625,3164.966064453125,12513.150390625,3318.489990234375,22157.8203125
2010-04-16,11018.66015625,1192.1300048828125,3986.6298828125,7584.6201171875,2481.260009765625,5744.0,11102.1796875,3130.302001953125,12416.7216796875,3282.010009765625,21865.259765625
2010-04-19,11092.0498046875,1197.52001953125,3970.469970703125,7596.56005859375,2480.110107421875,5727.89990234375,10908.76953125,2980.297119140625,11644.44921875,3124.550048828125,21405.169921875
2010-04-20,11117.0595703125,1207.1700439453125,4026.64990234375,7669.10986328125,2500.31005859375,5783.7001953125,10900.6796875,2979.532958984375,11538.8515625,3123.639892578125,21623.380859375
2010-04-21,11124.919921875,1205.93994140625,3977.669921875,7644.669921875,2504.610107421875,5723.39990234375,11090.0498046875,3033.278076171875,11766.6884765625,3179.909912109375,21510.9296875
2010-04-22,11134.2900390625,1208.6700439453125,3924.64990234375,7642.830078125,2519.070068359375,5665.2998046875,10949.08984375,2999.48388671875,11703.8291015625,3144.330078125,21454.939453125
2010-04-23,11204.2802734375,1217.280029296875,3951.300048828125,7701.60986328125,2530.14990234375,5723.7001953125,10914.4599609375,2983.537109375,11702.7392578125,3127.489990234375,21244.490234375
2010-04-26,11205.0302734375,1212.050048828125,3997.389892578125,7677.64990234375,2522.949951171875,5753.89990234375,11165.7900390625,2969.5029296875,11602.5,3112.77001953125,21587.060546875
2010-04-27,10991.990234375,1183.7099609375,3844.60009765625,7463.08984375,2471.469970703125,5603.5,11212.66015625,2907.927978515625,11355.2421875,3048.280029296875,21261.7890625
2010-04-28,11045.26953125,1191.3599853515625,3787.0,7499.72021484375,2471.72998046875,5586.60009765625,10924.7900390625,2900.3310546875,11333.72265625,3040.4599609375,20949.400390625
2010-04-29,11167.3203125,1206.780029296875,3840.6201171875,7589.2900390625,2511.919921875,5617.7998046875,,2868.431884765625,11196.224609375,3007.18994140625,20778.919921875
2010-04-30,11008.6103515625,1186.68994140625,3816.989990234375,7474.39990234375,2461.18994140625,5553.2998046875,11057.400390625,2870.611083984375,11162.4150390625,3009.3701171875,21108.58984375
2010-05-03,11151.830078125,1202.260009765625,3828.4599609375,7543.1201171875,2498.739990234375,,,,,,20811.359375
2010-05-04,10926.76953125,1173.5999755859375,3689.2900390625,7337.25,2424.25,5411.10009765625,,2835.277099609375,10960.646484375,2972.2900390625,20763.05078125
2010-05-05,10866.830078125,1165.8699951171875,3636.030029296875,7258.02001953125,2402.2900390625,5341.89990234375,,2857.15087890625,11003.607421875,2995.7099609375,20327.5390625
2010-05-06,10520.3203125,1128.1500244140625,3556.110107421875,7011.919921875,2319.639892578125,5261.0,10695.6904296875,2739.701904296875,10422.4423828125,2872.47998046875,20133.41015625
2010-05-07,10380.4296875,1110.8800048828125,3392.590087890625,6916.18017578125,2265.639892578125,5123.0,10364.58984375,2688.383056640625,10146.3056640625,2818.860107421875,19920.2890625
2010-05-10,10785.1396484375,1159.72998046875,3720.2900390625,7257.6201171875,2374.669921875,5387.39990234375,10530.7001953125,2698.757080078125,10263.935546875,2829.7900390625,20426.640625
2010-05-11,10748.259765625,1155.7900390625,3693.199951171875,7221.66015625,2375.31005859375,5334.2001953125,10411.099609375,2647.572998046875,10091.0869140625,2775.97998046875,20146.509765625
2010-05-12,10896.91015625,1171.6700439453125,3733.8701171875,7316.35986328125,2425.02001953125,5383.5,10394.0302734375,2655.714111328125,10146.515625,2784.820068359375,20212.490234375
2010-05-13,10782.9501953125,1157.43994140625,3731.5400390625,7234.3701171875,2394.360107421875,5433.7001953125,10620.5498046875,2710.507080078125,10417.6923828125,2842.159912109375,20422.4609375
2010-05-14,10620.16015625,1135.6800537109375,3560.360107421875,7077.64013671875,2346.85009765625,5262.89990234375,10462.509765625,2696.62890625,10330.0234375,2827.489990234375,20145.4296875
2010-05-17,10625.830078125,1136.93994140625,3543.550048828125,7063.830078125,2354.22998046875,5262.5,10235.759765625,2559.930908203125,9731.611328125,2684.199951171875,19715.19921875
2010-05-18,10510.9501953125,1120.800048828125,3617.320068359375,6959.2099609375,2317.260009765625,5307.2998046875,10242.6396484375,2594.782958984375,10003.6982421875,2720.89990234375,19944.939453125
2010-05-19,10444.3701171875,1115.050048828125,3511.669921875,6927.2099609375,2298.3701171875,5158.10009765625,10186.83984375,2587.806884765625,9991.2890625,2713.64990234375,19578.98046875
2010-05-20,10068.009765625,1071.5899658203125,3432.52001953125,6653.0,2204.010009765625,5073.10009765625,10030.3095703125,2555.93994140625,9945.4384765625,2680.56005859375,19545.830078125
2010-05-21,10193.3896484375,1087.68994140625,3430.739990234375,6775.4501953125,2229.0400390625,5062.89990234375,9784.5400390625,2583.52197265625,10208.9560546875,2709.469970703125,
2010-05-24,10066.5703125,1073.6500244140625,3430.929931640625,6666.740234375,2213.550048828125,5069.60009765625,9758.400390625,2673.423095703125,10620.0107421875,2803.669921875,19667.759765625
2010-05-25,10043.75,1074.030029296875,3331.2900390625,6665.830078125,2210.949951171875,4940.7001953125,9459.8896484375,2622.6298828125,10365.1142578125,2750.550048828125,18985.5
2010-05-26,9974.4501953125,1067.949951171875,3408.590087890625,6631.35986328125,2195.8798828125,5038.10009765625,9522.66015625,2625.79296875,10361.583984375,2753.93994140625,19196.44921875
2010-05-27,10258.990234375,1103.06005859375,3525.31005859375,6893.2900390625,2277.679931640625,5195.2001953125,9639.7197265625,2655.91796875,10543.2119140625,2785.39990234375,19431.369140625
2010-05-28,10136.6298828125,1089.4100341796875,3515.06005859375,6791.56982421875,2257.0400390625,5188.39990234375,9762.98046875,2655.76708984375,10495.533203125,2785.159912109375,19766.7109375
2010-05-31,,,3507.56005859375,,,,9768.7001953125,2592.14599609375,10204.0556640625,2718.419921875,19765.189453125
2010-06-01,10024.01953125,1070.7099609375,3503.080078125,6661.10009765625,2222.330078125,5163.2998046875,9711.830078125,2568.282958984375,10098.3369140625,2693.43994140625,19496.94921875
2010-06-02,10249.5400390625,1098.3800048828125,3501.5,6839.60986328125,2281.070068359375,5151.2998046875,9603.240234375,2571.423095703125,10188.025390625,2696.6201171875,19471.80078125
2010-06-03,10255.2802734375,1102.8299560546875,3557.340087890625,6860.39013671875,2303.030029296875,5211.2001953125,9914.1904296875,2552.656005859375,10117.9267578125,2676.840087890625,19786.7109375
2010-06-04,9931.9697265625,1064.8800048828125,3455.610107421875,6600.27001953125,2219.169921875,5126.0,9901.1904296875,2553.593017578125,10187.0859375,2677.6298828125,19780.0703125
2010-06-07,9816.490234375,1050.469970703125,3413.719970703125,6512.419921875,2173.89990234375,5069.10009765625,9520.7998046875,2511.72900390625,9992.55859375,2633.56005859375,19378.150390625
2010-06-08,9939.98046875,1062.0,3380.360107421875,6596.1201171875,2170.570068359375,5028.2001953125,9537.9404296875,2513.947021484375,10038.66796875,2635.68994140625,19487.48046875
2010-06-09,9899.25,1055.68994140625,3446.77001953125,6559.7099609375,2158.85009765625,5085.89990234375,9439.1298828125,2583.8701171875,10346.1533203125,2708.919921875,19621.240234375
2010-06-10,10172.5302734375,1086.8399658203125,3516.639892578125,6783.509765625,2218.7099609375,5132.5,9542.650390625,2562.580078125,10222.10546875,2686.530029296875,19632.69921875
2010-06-11,10211.0703125,1091.5999755859375,3555.52001953125,6814.759765625,2243.60009765625,5163.7001953125,9705.25,2569.94091796875,10239.2158203125,2694.25,19872.380859375
2010-06-14,10190.8896484375,1089.6300048828125,3626.0400390625,6817.97021484375,2243.9599609375,5202.10009765625,9879.849609375,,,,20051.91015625
2010-06-15,10404.76953125,1115.22998046875,3661.510009765625,6989.8798828125,2305.8798828125,5217.7998046875,9887.8896484375,,,,20062.150390625
2010-06-16,10409.4599609375,1114.6099853515625,3675.929931640625,6976.080078125,2305.929931640625,5237.89990234375,10067.150390625,,,,
2010-06-17,10434.169921875,1116.0400390625,3683.080078125,6982.0400390625,2307.159912109375,5253.89990234375,9999.400390625,2560.2451171875,10162.255859375,2684.06005859375,20138.400390625
2010-06-18,10450.6396484375,1117.510009765625,3687.2099609375,6988.25,2309.800048828125,5250.7998046875,9995.01953125,2513.221923828125,9966.4287109375,2634.8798828125,20286.7109375
2010-06-21,10442.41015625,1113.199951171875,3736.14990234375,6978.85986328125,2289.090087890625,5299.10009765625,10238.009765625,2586.208984375,10309.494140625,2711.2900390625,20912.1796875
2010-06-22,10293.51953125,1095.31005859375,3705.320068359375,6858.9501953125,2261.800048828125,5247.0,10112.8896484375,2588.697998046875,10345.43359375,2713.85009765625,20819.080078125
2010-06-23,10298.4404296875,1092.0400390625,3641.7900390625,6850.0498046875,2254.22998046875,5178.5,9923.7001953125,2569.8720703125,10256.1552734375,2693.780029296875,20856.609375
2010-06-24,10152.7998046875,1073.68994140625,3555.360107421875,6730.240234375,2217.419921875,5100.2001953125,9928.33984375,2566.7451171875,10250.7861328125,2690.5,20733.490234375
2010-06-25,10143.8095703125,1076.760009765625,3519.72998046875,6763.93017578125,2223.47998046875,5046.5,9737.48046875,2552.81689453125,10104.716796875,2675.860107421875,20690.7890625
2010-06-28,10138.51953125,1074.5699462890625,3576.449951171875,6736.60009765625,2220.64990234375,5071.7001953125,9693.9404296875,2535.278076171875,10011.947265625,2657.699951171875,20726.6796875
2010-06-29,9870.2998046875,1041.239990234375,3432.989990234375,6520.08984375,2135.179931640625,4914.2001953125,9570.669921875,2427.052001953125,9508.8037109375,2544.360107421875,20248.900390625
2010-06-30,9774.01953125,1030.7099609375,3442.889892578125,6469.64990234375,2109.239990234375,4916.89990234375,9382.6396484375,2398.3701171875,9386.8349609375,2514.159912109375,20128.990234375
2010-07-01,9732.5302734375,1027.3699951171875,3339.89990234375,6462.02978515625,2101.360107421875,4805.7998046875,9191.599609375,2373.7919921875,9203.806640625,2488.300048828125,
2010-07-02,9686.48046875,1022.5800170898438,3348.3701171875,6434.81005859375,2091.7900390625,4838.10009765625,9203.7099609375,2382.90087890625,9227.7861328125,2497.7900390625,19905.3203125
2010-07-05,,,3332.4599609375,,,4823.5,9266.7802734375,2363.947998046875,9170.927734375,2477.8798828125,19842.19921875
2010-07-06,9743.6201171875,1028.06005859375,3423.360107421875,6486.08984375,2093.8798828125,4965.0,9338.0400390625,2409.424072265625,9362.9140625,2525.419921875,20084.119140625
2010-07-07,10018.2802734375,1060.27001953125,3483.43994140625,6685.77978515625,2159.469970703125,5014.7998046875,9279.650390625,2421.116943359375,9485.3232421875,2537.610107421875,19857.0703125
2010-07-08,10138.990234375,1070.25,3538.25,6755.81005859375,2175.39990234375,5105.5,9535.740234375,2415.14990234375,9465.6943359375,2531.340087890625,20050.560546875
2010-07-09,10198.0302734375,1077.9599609375,3554.47998046875,6808.7099609375,2196.449951171875,5132.89990234375,9585.3203125,2470.923095703125,9816.75,2589.75,20378.66015625
2010-07-12,10216.26953125,1078.75,3567.659912109375,6794.47998046875,2198.360107421875,5167.0,9548.1103515625,2490.718017578125,9959.1083984375,2610.489990234375,20467.4296875
2010-07-13,10363.01953125,1095.3399658203125,3637.760009765625,6907.77978515625,2242.030029296875,5271.0,9537.23046875,2450.284912109375,9801.650390625,2568.050048828125,20431.060546875
2010-07-14,10366.7197265625,1095.1700439453125,3632.97998046875,6903.35986328125,2249.840087890625,5253.5,9795.240234375,2470.43994140625,9803.6103515625,2589.14990234375,20560.810546875
2010-07-15,10359.3095703125,1096.47998046875,3581.820068359375,6916.81005859375,2249.080078125,5211.2998046875,9685.5302734375,2424.303955078125,9718.6220703125,2540.75,20255.619140625
2010-07-16,10097.900390625,1064.8800048828125,3500.159912109375,6709.509765625,2179.050048828125,5158.89990234375,9408.3603515625,2424.27099609375,9806.529296875,2540.669921875,20250.16015625
2010-07-19,10154.4296875,1071.25,3486.330078125,6739.64013671875,2198.22998046875,5148.2998046875,,2475.4208984375,10096.986328125,2594.320068359375,20090.94921875
2010-07-20,10229.9599609375,1083.47998046875,3468.02001953125,6820.0400390625,2222.489990234375,5139.5,,2528.72900390625,10339.3134765625,2650.22998046875,20264.58984375
2010-07-21,10120.5302734375,1069.5899658203125,3493.919921875,6731.16015625,2187.330078125,5214.60009765625,9278.830078125,2535.39404296875,10324.013671875,2657.25,20487.23046875
2010-07-22,10322.2998046875,1093.6700439453125,3600.570068359375,6901.91015625,2245.889892578125,5313.7998046875,9220.8798828125,2562.406005859375,10471.65234375,2685.60009765625,20589.69921875
2010-07-23,10424.6201171875,1102.6600341796875,3607.050048828125,6965.10986328125,2269.469970703125,5312.60009765625,9430.9599609375,2572.028076171875,10527.8330078125,2695.760009765625,20815.330078125
2010-07-26,10525.4296875,1115.010009765625,3636.179931640625,7046.0,2296.429931640625,5351.10009765625,9503.66015625,2588.68310546875,10591.0107421875,2713.199951171875,20839.91015625
2010-07-27,10537.6904296875,1113.8399658203125,3666.39990234375,7044.990234375,2288.25,5365.7001953125,9496.849609375,2575.367919921875,10566.0908203125,2699.2099609375,20973.390625
2010-07-28,10497.8798828125,1106.1300048828125,3670.360107421875,6999.18017578125,2264.56005859375,5319.7001953125,9753.26953125,2633.6630859375,10825.0478515625,2760.360107421875,21091.1796875
2010-07-29,10467.16015625,1101.530029296875,3651.909912109375,6994.56982421875,2251.68994140625,5314.0,9696.01953125,2648.115966796875,10838.7880859375,2775.5400390625,21093.8203125
2010-07-30,10465.9404296875,1101.5999755859375,3643.139892578125,6998.990234375,2254.699951171875,5258.0,9537.2998046875,2637.5029296875,10785.2294921875,2764.360107421875,21029.810546875
2010-08-02,10674.3798828125,1125.8599853515625,3752.030029296875,7174.89990234375,2295.360107421875,5397.10009765625,9570.3095703125,2672.51611328125,11004.6171875,2801.050048828125,21412.7890625
2010-08-03,10636.3798828125,1120.4599609375,3747.510009765625,7146.990234375,2283.52001953125,5396.5,9694.009765625,2627.001953125,10830.578125,2753.22998046875,21457.66015625
2010-08-04,10680.4296875,1127.239990234375,3760.719970703125,7182.14013671875,2303.570068359375,5386.2001953125,9489.33984375,2638.52197265625,10870.2578125,2765.320068359375,21549.880859375
2010-08-05,10674.98046875,1125.81005859375,3764.18994140625,7174.27001953125,2293.06005859375,5365.7998046875,9653.919921875,2620.757080078125,10767.9599609375,2746.580078125,21551.720703125
2010-08-06,10653.5595703125,1121.6400146484375,3716.050048828125,7153.72021484375,2288.469970703125,5332.39990234375,9642.1201171875,2658.39208984375,10942.8076171875,2786.010009765625,21678.80078125
2010-08-09,10698.75,1127.7900390625,3777.3701171875,7188.2998046875,2305.68994140625,5410.5,9572.490234375,2672.531982421875,11017.287109375,2800.72998046875,21801.58984375
2010-08-10,10644.25,1121.06005859375,3730.580078125,7139.75,2277.169921875,5376.39990234375,9551.0498046875,2595.27294921875,10715.26953125,2719.6201171875,21473.599609375
2010-08-11,10378.830078125,1089.469970703125,3628.2900390625,6902.7099609375,2208.6298828125,5245.2001953125,9292.849609375,2607.4970703125,10806.5087890625,2732.3798828125,21294.5390625
2010-08-12,10319.9501953125,1083.6099853515625,3621.070068359375,6881.93994140625,2190.27001953125,5266.10009765625,9212.58984375,2575.47509765625,10679.8994140625,2698.840087890625,21105.7109375
2010-08-13,10303.150390625,1079.25,3610.909912109375,6861.0400390625,2173.47998046875,5275.39990234375,9253.4599609375,2606.699951171875,10886.4482421875,2731.510009765625,21071.5703125
2010-08-16,10302.009765625,1079.3800048828125,3597.60009765625,6871.580078125,2181.8701171875,5276.10009765625,9196.669921875,2661.7080078125,11164.6650390625,2789.260009765625,21112.119140625
2010-08-17,10405.849609375,1092.5400390625,3663.1298828125,6959.7900390625,2209.43994140625,5350.60009765625,9161.6796875,2671.89306640625,11281.84375,2799.969970703125,21137.4296875
2010-08-18,10415.5400390625,1094.1600341796875,3647.929931640625,6968.080078125,2215.699951171875,5302.89990234375,9240.5400390625,2666.301025390625,11282.2041015625,2794.110107421875,21022.73046875
2010-08-19,10271.2099609375,1075.6300048828125,3572.39990234375,6850.4501953125,2178.949951171875,5211.2998046875,9362.6796875,2687.97900390625,11321.04296875,2816.93994140625,21072.4609375
2010-08-20,10213.6201171875,1071.68994140625,3526.1201171875,6813.14990234375,2179.760009765625,5195.2998046875,9179.3798828125,2642.306884765625,11090.3349609375,2768.989990234375,20981.8203125
2010-08-23,10174.41015625,1067.3599853515625,3553.22998046875,6784.97021484375,2159.6298828125,5234.7998046875,9116.6904296875,2639.365966796875,11078.736328125,2766.0400390625,20889.009765625
2010-08-24,10040.4501953125,1051.8699951171875,3491.110107421875,6681.02978515625,2123.760009765625,5156.0,8995.1396484375,2650.306884765625,11214.1142578125,2776.85009765625,20658.7109375
2010-08-25,10060.0595703125,1055.3299560546875,3450.18994140625,6696.1201171875,2141.5400390625,5109.39990234375,8845.3896484375,2596.580078125,10963.8671875,2720.389892578125,20634.98046875
2010-08-26,9985.8095703125,1047.219970703125,3475.030029296875,6665.259765625,2118.68994140625,5155.7998046875,8906.48046875,2603.48095703125,11009.3671875,2727.530029296875,20612.060546875
2010-08-27,10150.650390625,1064.5899658203125,3507.43994140625,6794.91015625,2153.6298828125,5201.60009765625,8991.0595703125,2610.741943359375,11034.607421875,2735.199951171875,20597.349609375
2010-08-30,10009.73046875,1048.9200439453125,3487.010009765625,6695.27978515625,2119.969970703125,,9149.259765625,2652.6640625,11303.203125,2779.10009765625,20737.220703125
2010-08-31,10014.7197265625,1049.3299560546875,3490.7900390625,6704.14990234375,2114.030029296875,5225.2001953125,8824.0595703125,2638.798095703125,11338.5830078125,2764.60009765625,20536.490234375
2010-09-01,10269.4697265625,1080.2900390625,3623.840087890625,6910.97998046875,2176.840087890625,5366.39990234375,8927.01953125,2622.882080078125,11318.61328125,2748.25,20623.830078125
2010-09-02,10320.099609375,1090.0999755859375,3631.429931640625,6966.25,2200.010009765625,5371.0,9062.83984375,2655.77587890625,11465.0224609375,2782.580078125,20868.919921875
2010-09-03,10447.9296875,1104.510009765625,3672.199951171875,7055.02978515625,2233.75,5428.2001953125,9114.1298828125,2655.39404296875,11466.9619140625,2781.97998046875,20971.5
2010-09-06,,,3684.72998046875,,,5439.2001953125,9301.3203125,2696.25,11655.94921875,2825.030029296875,21355.76953125
2010-09-07,10340.6904296875,1091.8399658203125,3643.81005859375,6959.93994140625,2208.889892578125,5407.7998046875,9226.0,2698.363037109375,11682.5693359375,2827.139892578125,21401.7890625
2010-09-08,10387.009765625,1098.8699951171875,3677.2099609375,6999.93994140625,2228.8701171875,5429.7001953125,9024.599609375,2695.291015625,11722.6494140625,2823.919921875,21088.859375
2010-09-09,10415.240234375,1104.1800537109375,3722.14990234375,7034.3701171875,2236.199951171875,5494.2001953125,9098.3896484375,2656.35205078125,11465.2216796875,2783.10009765625,21167.26953125
2010-09-10,10462.76953125,1109.550048828125,3725.820068359375,7067.509765625,2242.47998046875,5501.60009765625,9239.169921875,2663.208984375,11530.861328125,2790.199951171875,21257.390625
2010-09-13,10544.1298828125,1121.9000244140625,3767.14990234375,7156.18017578125,2285.7099609375,5565.5,9321.8203125,2688.320068359375,11690.21875,2816.52001953125,21658.349609375
2010-09-14,10526.490234375,1121.0999755859375,3774.39990234375,7162.080078125,2289.77001953125,5567.39990234375,9299.3095703125,2688.52197265625,11665.279296875,2816.75,21696.0390625
2010-09-15,10572.73046875,1125.0699462890625,3755.639892578125,7179.7900390625,2301.320068359375,5555.60009765625,,2652.5029296875,11411.9716796875,2778.909912109375,21725.640625
2010-09-16,10594.830078125,1124.6600341796875,3736.300048828125,7169.47998046875,2303.25,5540.10009765625,9509.5,2602.465087890625,11163.89453125,2726.5,21691.44921875
2010-09-17,10607.849609375,1125.5899658203125,3722.02001953125,7154.64990234375,2315.610107421875,5508.5,9626.08984375,2598.68896484375,11208.125,2722.570068359375,21970.859375
2010-09-20,10753.6201171875,1142.7099609375,3788.010009765625,7266.02001953125,2355.830078125,5602.5,,2588.712890625,11150.205078125,2712.0400390625,21977.33984375
2010-09-21,10761.0302734375,1139.780029296875,3784.39990234375,7245.9501953125,2349.35009765625,5576.2001953125,9602.1103515625,2591.550048828125,11210.615234375,2714.9599609375,22002.58984375
2010-09-22,10739.3095703125,1134.280029296875,3735.050048828125,7210.85009765625,2334.550048828125,5551.89990234375,9566.3203125,,,,22047.7109375
2010-09-23,10662.419921875,1124.8299560546875,3710.610107421875,7141.509765625,2327.080078125,5547.10009765625,,,,,
2010-09-24,10860.259765625,1148.6700439453125,3782.47998046875,7301.0400390625,2381.219970703125,5598.5,9471.669921875,,,,22119.4296875
2010-09-27,10812.0400390625,1142.1600341796875,3766.159912109375,7263.3701171875,2369.77001953125,5573.39990234375,9603.1396484375,2627.967041015625,11409.681640625,2753.0400390625,22340.83984375
2010-09-28,10858.1396484375,1147.699951171875,3762.35009765625,7310.31982421875,2379.590087890625,5578.39990234375,9495.759765625,2611.35400390625,11274.3642578125,2735.580078125,22109.94921875
2010-09-29,10835.2802734375,1144.72998046875,3737.1201171875,7299.31005859375,2376.56005859375,5569.2998046875,9559.3798828125,2610.677978515625,11223.734375,2734.81005859375,22378.669921875
2010-09-30,10788.0498046875,1141.199951171875,3715.179931640625,7281.06982421875,2368.6201171875,5548.60009765625,9369.349609375,2655.657958984375,11468.412109375,2782.02001953125,22358.169921875
2010-10-01,10829.6796875,1146.239990234375,3692.090087890625,7335.91015625,2370.75,5592.89990234375,9404.23046875,,,,
2010-10-04,10751.26953125,1137.030029296875,3649.81005859375,7272.52978515625,2344.52001953125,5556.0,9381.0595703125,,,,22618.66015625
2010-10-05,10944.7197265625,1160.75,3731.929931640625,7434.18017578125,2399.830078125,5635.7998046875,9518.759765625,,,,22639.140625
2010-10-06,10967.650390625,1159.969970703125,3764.909912109375,7448.330078125,2380.659912109375,5681.39990234375,9691.4296875,,,,22880.41015625
2010-10-07,10948.580078125,1158.06005859375,3770.469970703125,7425.009765625,2383.669921875,5662.10009765625,9684.8095703125,,,,22884.3203125
2010-10-08,11006.48046875,1165.1500244140625,3763.179931640625,7478.419921875,2401.909912109375,5657.60009765625,9588.8798828125,2738.743896484375,11911.236328125,2869.22998046875,22944.1796875
2010-10-11,11010.33984375,1165.3199462890625,3768.489990234375,7479.009765625,2402.330078125,5672.39990234375,,2806.94189453125,12237.513671875,2940.830078125,23207.310546875
2010-10-12,11020.400390625,1169.77001953125,3748.860107421875,7489.6201171875,2417.919921875,5661.60009765625,9388.6396484375,2841.406982421875,12373.1416015625,2977.10009765625,23121.69921875
2010-10-13,11096.080078125,1178.0999755859375,3828.340087890625,7561.5,2441.22998046875,5747.39990234375,9403.509765625,2861.361083984375,12602.8583984375,2998.030029296875,23457.689453125
2010-10-14,11094.5703125,1173.81005859375,3819.169921875,7546.58984375,2435.3798828125,5727.2001953125,9583.509765625,2879.635986328125,12507.5703125,3017.409912109375,23852.169921875
2010-10-15,11062.7802734375,1176.18994140625,3827.3701171875,7520.60009765625,2468.77001953125,5703.39990234375,9500.25,2971.159912109375,12765.357421875,3113.659912109375,23757.630859375
2010-10-18,11143.6904296875,1184.7099609375,3834.5,7571.10009765625,2480.659912109375,5742.5,9498.490234375,2955.22705078125,12649.1279296875,3097.02001953125,23469.380859375
2010-10-19,10978.6201171875,1165.9000244140625,3807.169921875,7423.64990234375,2436.949951171875,5703.89990234375,9539.4501953125,3001.85302734375,12970.0546875,3145.840087890625,23763.73046875
2010-10-20,11107.9697265625,1178.1700439453125,3828.14990234375,7523.81005859375,2457.389892578125,5728.89990234375,9381.599609375,3003.950927734375,13129.8623046875,3147.93994140625,23556.5
2010-10-21,11146.5703125,1180.260009765625,3878.27001953125,7515.669921875,2459.669921875,5757.89990234375,9376.48046875,2983.531982421875,13111.3720703125,3126.340087890625,23649.48046875
2010-10-22,11132.5595703125,1183.0799560546875,3868.5400390625,7522.91015625,2479.389892578125,5741.39990234375,9426.7099609375,2975.04296875,13224.8330078125,3117.199951171875,23517.5390625
2010-10-25,11164.0498046875,1185.6199951171875,3870.0,7546.3798828125,2490.85009765625,5752.0,9401.16015625,3051.41796875,13734.046875,3197.239990234375,23627.91015625
2010-10-26,11169.4599609375,1185.6400146484375,3852.659912109375,7530.7998046875,2497.2900390625,5707.2998046875,9377.3798828125,3041.54296875,13729.806640625,3186.85009765625,23601.240234375
2010-10-27,11126.2802734375,1182.449951171875,3815.77001953125,7480.8701171875,2503.260009765625,5646.0,9387.0302734375,2997.048095703125,13452.01953125,3140.070068359375,23164.580078125
2010-10-28,11113.9501953125,1183.780029296875,3834.840087890625,7504.85009765625,2507.3701171875,5677.89990234375,9366.0302734375,2992.5791015625,13444.8798828125,3135.340087890625,23210.859375
2010-10-29,11118.490234375,1183.260009765625,3833.5,7513.35009765625,2507.409912109375,5675.2001953125,9202.4501953125,2978.8349609375,13367.08984375,3120.800048828125,23096.3203125
2010-11-01,11124.6201171875,1184.3800048828125,3841.110107421875,7509.2099609375,2504.840087890625,5694.60009765625,9154.7197265625,3054.02099609375,13743.6162109375,3199.47998046875,23652.939453125
2010-11-02,11188.7197265625,1193.5699462890625,3865.719970703125,7582.14013671875,2533.52001953125,5757.39990234375,9159.98046875,3045.43408203125,13646.306640625,3190.52001953125,23671.419921875
2010-11-03,11215.1298828125,1197.9599609375,3842.93994140625,7608.41015625,2540.27001953125,5749.0,,3030.988037109375,13392.5498046875,3175.389892578125,24144.669921875
2010-11-04,11434.83984375,1221.06005859375,3916.780029296875,7782.43017578125,2577.340087890625,5862.7998046875,9358.7802734375,3086.93896484375,13595.578125,3233.969970703125,24535.630859375
2010-11-05,11444.080078125,1225.8499755859375,3916.72998046875,7800.66015625,2578.97998046875,5875.39990234375,9625.990234375,3129.4970703125,13733.20703125,3278.449951171875,24876.8203125
2010-11-08,11406.83984375,1223.25,3913.699951171875,7782.2001953125,2580.050048828125,5850.0,9732.919921875,3159.511962890625,13807.14453125,3309.760009765625,24964.369140625
2010-11-09,11346.75,1213.4000244140625,3945.7099609375,7702.31005859375,2562.97998046875,5875.2001953125,9694.490234375,3135.0,13714.13671875,3283.81005859375,24710.599609375
2010-11-10,11357.0400390625,1218.7099609375,3888.449951171875,7747.4599609375,2578.780029296875,5816.89990234375,9830.51953125,3115.35595703125,13705.5263671875,3263.06005859375,24500.609375
2010-11-11,11283.099609375,1213.5400390625,3867.35009765625,7723.240234375,2555.52001953125,5815.2001953125,9861.4599609375,3147.743896484375,13684.787109375,3297.159912109375,24700.30078125
2010-11-12,11192.580078125,1199.2099609375,3831.1201171875,7623.240234375,2518.2099609375,5796.89990234375,9724.8095703125,2985.43505859375,12726.3974609375,3127.320068359375,24222.580078125
2010-11-15,11201.9697265625,1197.75,3864.239990234375,7617.509765625,2513.820068359375,5820.39990234375,9827.509765625,3014.4130859375,12807.9462890625,3157.510009765625,24027.1796875
2010-11-16,11023.5,1178.3399658203125,3762.469970703125,7472.6298828125,2469.840087890625,5681.89990234375,9797.099609375,2894.5380859375,12217.1328125,3031.949951171875,23693.01953125
2010-11-17,11007.8798828125,1178.5899658203125,3792.35009765625,7488.759765625,2476.010009765625,5692.60009765625,9811.66015625,2838.85693359375,11917.3564453125,2973.760009765625,23214.4609375
2010-11-18,11181.23046875,1196.68994140625,3867.969970703125,7619.93994140625,2514.39990234375,5768.7001953125,10013.6298828125,2865.451904296875,12146.0146484375,3001.489990234375,23637.390625
2010-11-19,11203.5498046875,1199.72998046875,3860.159912109375,7641.080078125,2518.1201171875,5732.7998046875,10022.3896484375,2888.56591796875,12295.7109375,3025.5,23605.7109375
2010-11-22,11178.580078125,1197.8399658203125,3818.889892578125,7610.2998046875,2532.02001953125,5680.7998046875,10115.1904296875,2884.37109375,12303.4111328125,3020.949951171875,23524.01953125
2010-11-23,11036.3701171875,1180.72998046875,3724.419921875,7470.77001953125,2494.949951171875,5581.2998046875,,2828.281982421875,12062.2744140625,2962.179931640625,22896.140625
2010-11-24,11187.2802734375,1198.3499755859375,3747.610107421875,7579.259765625,2543.1201171875,5657.10009765625,10030.1103515625,2859.93603515625,12407.521484375,2995.25,23023.859375
2010-11-25,,,3760.419921875,,,5698.89990234375,10079.759765625,2898.260986328125,12603.9384765625,3035.27001953125,23054.6796875
2010-11-26,11091.8701171875,1189.4000244140625,3728.64990234375,7500.5400390625,2534.56005859375,5668.7001953125,10039.5595703125,2871.697998046875,12538.869140625,3007.39990234375,22877.25
2010-11-29,11052.490234375,1187.760009765625,3636.9599609375,7483.33984375,2525.219970703125,5551.0,10125.990234375,2866.35595703125,12536.4091796875,3001.81005859375,23166.220703125
2010-11-30,11006.01953125,1180.550048828125,3610.43994140625,7430.93994140625,2498.22998046875,5528.2998046875,9937.0400390625,2820.180908203125,12336.1513671875,2953.320068359375,23007.990234375
2010-12-01,11255.7802734375,1206.0699462890625,3669.2900390625,7603.72998046875,2549.429931640625,5642.5,9988.0498046875,2823.448974609375,12310.2412109375,2956.840087890625,23249.80078125
2010-12-02,11362.41015625,1221.530029296875,3747.0400390625,7712.25,2579.35009765625,5767.60009765625,10168.51953125,2843.60693359375,12408.880859375,2977.969970703125,23448.779296875
2010-12-03,11382.08984375,1224.7099609375,3750.550048828125,7751.580078125,2591.4599609375,5745.2998046875,10178.3203125,2842.429931640625,12442.8603515625,2976.739990234375,23320.51953125
2010-12-06,11362.1904296875,1223.1199951171875,3749.22998046875,7740.68994140625,2594.919921875,5770.2998046875,10167.23046875,2857.177001953125,12422.650390625,2992.3701171875,23237.689453125
2010-12-07,11359.16015625,1223.75,3810.5,7739.64013671875,2598.489990234375,5808.5,10141.099609375,2875.861083984375,12656.8583984375,3011.8701171875,23428.150390625
2010-12-08,11372.48046875,1228.280029296875,3831.97998046875,7750.31982421875,2609.159912109375,5794.5,10232.330078125,2848.5458984375,12615.2685546875,2983.10009765625,23092.51953125
2010-12-09,11370.0595703125,1233.0,3858.050048828125,7782.14013671875,2616.669921875,5808.0,10285.8798828125,2810.948974609375,12353.130859375,2943.68994140625,23171.80078125
2010-12-10,11410.3203125,1240.4000244140625,3857.35009765625,7823.2998046875,2637.5400390625,5813.0,10211.9501953125,2841.0400390625,12460.3203125,2975.260009765625,23162.91015625
2010-12-13,11428.5595703125,1240.4599609375,3892.43994140625,7850.02001953125,2624.909912109375,5860.7998046875,10293.8896484375,2922.9541015625,12904.875,3061.179931640625,23317.609375
2010-12-14,11476.5400390625,1241.5899658203125,3902.8701171875,7855.22021484375,2627.719970703125,5891.2001953125,10316.76953125,2927.076904296875,12926.4755859375,3065.3798828125,23431.189453125
2010-12-15,11457.4697265625,1235.22998046875,3880.18994140625,7798.77978515625,2617.219970703125,5882.2001953125,10309.7802734375,2911.4140625,12829.2158203125,3048.889892578125,22975.349609375
2010-12-16,11499.25,1242.8699951171875,3888.360107421875,7840.240234375,2637.31005859375,5881.10009765625,10311.2900390625,2898.137939453125,12795.5361328125,3034.969970703125,22668.779296875
2010-12-17,11491.91015625,1243.9100341796875,3867.35009765625,7835.31005859375,2642.969970703125,5871.7998046875,10303.830078125,2893.739990234375,12759.45703125,3030.2900390625,22714.849609375
2010-12-20,11478.1298828125,1247.0799560546875,3885.080078125,7846.9599609375,2649.56005859375,5891.60009765625,10216.41015625,,12557.408203125,2987.419921875,22639.080078125
2010-12-21,11533.16015625,1254.5999755859375,3927.489990234375,7906.10009765625,2667.610107421875,5951.7998046875,10370.5302734375,2904.114990234375,12872.3056640625,3041.1298828125,22993.859375
2010-12-22,11559.490234375,1258.8399658203125,3919.7099609375,7931.759765625,2671.47998046875,5983.5,10346.48046875,2877.89990234375,12766.8076171875,3013.590087890625,23045.189453125
2010-12-23,11573.490234375,1256.77001953125,3911.320068359375,7925.35986328125,2665.60009765625,5996.10009765625,,2855.219970703125,12644.4384765625,2989.85009765625,22902.970703125
2010-12-24,,,,,,6008.89990234375,10279.1904296875,2835.156982421875,12556.7080078125,2968.8798828125,22833.80078125
2010-12-27,11555.0302734375,1257.5400390625,3862.18994140625,7920.93994140625,2667.27001953125,,10355.990234375,2781.402099609375,12303.0517578125,2912.469970703125,
2010-12-28,11575.5400390625,1258.510009765625,3858.719970703125,7931.669921875,2662.8798828125,,10292.6298828125,2732.989990234375,12063.6640625,2861.679931640625,22621.73046875
2010-12-29,11585.3798828125,1259.780029296875,3890.64990234375,7961.47998046875,2666.929931640625,5996.39990234375,10344.5400390625,2751.527099609375,12114.423828125,2881.10009765625,22969.30078125
2010-12-30,11569.7099609375,1257.8800048828125,3850.760009765625,7951.91015625,2662.97998046875,5971.0,10228.919921875,2759.574951171875,12138.7646484375,2889.510009765625,22999.33984375
2010-12-31,11577.509765625,1257.6400146484375,,7964.02001953125,2652.8701171875,5899.89990234375,,2808.076904296875,12458.41015625,2940.239990234375,23035.44921875
2011-01-03,11670.75,1271.8699951171875,3900.860107421875,8043.97021484375,2691.52001953125,,,,,,23436.05078125
2011-01-04,11691.1796875,1270.199951171875,3916.030029296875,8022.18017578125,2681.25,6013.89990234375,10398.099609375,2852.64794921875,12714.3671875,2987.030029296875,23668.48046875
2011-01-05,11722.8896484375,1276.56005859375,3904.610107421875,8040.0400390625,2702.199951171875,6043.89990234375,10380.76953125,2839.220947265625,12647.48828125,2972.219970703125,23757.8203125
2011-01-06,11697.3095703125,1273.8499755859375,3904.419921875,8000.89990234375,2709.889892578125,6019.5,10529.759765625,2824.197021484375,12599.5185546875,2957.090087890625,23786.30078125
2011-01-07,11674.759765625,1271.5,3865.580078125,7980.31982421875,2703.169921875,5984.2998046875,10541.0400390625,2838.801025390625,12573.798828125,2972.419921875,23686.630859375
2011-01-10,11637.4501953125,1269.75,3802.030029296875,7966.08984375,2707.800048828125,5956.2998046875,,2791.80908203125,12331.021484375,2923.02001953125,23527.259765625
2011-01-11,11671.8798828125,1274.47998046875,3861.919921875,8018.68017578125,2716.830078125,6014.0,10510.6796875,2804.047119140625,12385.03125,2935.949951171875,23760.33984375
2011-01-12,11755.4404296875,1285.9599609375,3945.070068359375,8122.97998046875,2737.330078125,6050.7001953125,10512.7998046875,2821.304931640625,12409.841796875,2953.97998046875,24125.609375
2011-01-13,11731.900390625,1283.760009765625,3974.830078125,8119.43017578125,2735.2900390625,6023.89990234375,10589.759765625,2827.7119140625,12423.2001953125,2960.7099609375,24238.98046875
2011-01-14,11787.3798828125,1293.239990234375,3983.280029296875,8174.1201171875,2755.300048828125,6002.10009765625,10499.0400390625,2791.343994140625,12294.03125,2922.5,24283.23046875
2011-01-17,,,3975.409912109375,,,5985.7001953125,10502.8603515625,2706.659912109375,11734.4892578125,2833.840087890625,24156.970703125
2011-01-18,11837.9296875,1295.02001953125,4012.679931640625,8190.91015625,2765.85009765625,6056.39990234375,10518.98046875,2708.97900390625,11771.4580078125,2836.3701171875,24153.98046875
2011-01-19,11825.2900390625,1281.9200439453125,3976.7099609375,8104.919921875,2725.360107421875,5976.7001953125,10557.099609375,2758.096923828125,12066.4140625,2887.72998046875,24419.619140625
2011-01-20,11822.7998046875,1280.260009765625,3964.840087890625,8076.72021484375,2704.2900390625,5867.89990234375,10437.3095703125,2677.652099609375,11566.6103515625,2803.320068359375,24003.69921875
2011-01-21,11871.83984375,1283.3499755859375,4017.449951171875,8105.75,2689.5400390625,5896.2998046875,10274.51953125,2715.2939453125,11639.8291015625,2842.780029296875,23876.859375
2011-01-24,11980.51953125,1290.8399658203125,4033.2099609375,8157.419921875,2717.550048828125,5943.89990234375,10345.1103515625,2695.718994140625,11488.791015625,2822.25,23801.779296875
2011-01-25,11977.1904296875,1291.1800537109375,4019.6201171875,8141.1298828125,2719.25,5917.7001953125,10464.419921875,2677.431884765625,11446.2421875,2803.1201171875,23788.830078125
2011-01-26,11985.4404296875,1296.6300048828125,4049.070068359375,8193.6396484375,2739.5,5969.2001953125,10401.900390625,2708.81396484375,11599.5400390625,2836.010009765625,23843.240234375
2011-01-27,11989.830078125,1299.5400390625,4059.570068359375,8207.0595703125,2755.280029296875,5965.10009765625,10478.66015625,2749.14990234375,11795.197265625,2878.330078125,23779.619140625
2011-01-28,11823.7001953125,1276.3399658203125,4002.320068359375,8062.64013671875,2686.889892578125,5881.39990234375,10360.33984375,2752.75,11894.0966796875,2881.969970703125,23617.01953125
2011-01-31,11891.9296875,1286.1199951171875,4005.5,8139.16015625,2700.080078125,5862.89990234375,10237.919921875,2790.694091796875,11994.5458984375,2921.820068359375,23447.33984375
2011-02-01,12040.16015625,1307.5899658203125,4072.6201171875,8290.08984375,2751.18994140625,5957.7998046875,10274.5,2798.9599609375,11991.3759765625,2930.52001953125,23482.94921875
2011-02-02,12041.9697265625,1304.030029296875,4066.530029296875,8272.5703125,2749.56005859375,6000.10009765625,10457.3603515625,,,,23908.9609375
2011-02-03,12062.259765625,1307.0999755859375,4036.590087890625,8289.0498046875,2753.8798828125,5983.2998046875,10431.3603515625,,,,
2011-02-04,12092.150390625,1310.8699951171875,4047.2099609375,8288.5,2769.300048828125,5997.39990234375,10543.51953125,,,,
2011-02-07,12161.6298828125,1319.050048828125,4090.800048828125,8336.6396484375,2783.989990234375,6051.0,10592.0400390625,,,,23553.58984375
2011-02-08,12233.150390625,1324.5699462890625,4108.27001953125,8379.849609375,2797.050048828125,6091.2998046875,10635.98046875,,,,23484.30078125
2011-02-09,12239.8896484375,1320.8800048828125,4090.739990234375,8343.990234375,2789.070068359375,6052.2998046875,10617.830078125,2774.06494140625,11807.796875,2904.5,23164.029296875
2011-02-10,12229.2900390625,1321.8699951171875,4095.139892578125,8337.1298828125,2790.449951171875,6020.0,10605.650390625,2818.1630859375,12170.373046875,2950.739990234375,22708.619140625
2011-02-11,12273.259765625,1329.1500244140625,4101.31005859375,8374.8896484375,2809.43994140625,6062.89990234375,,2827.327880859375,12292.3515625,2960.31005859375,22828.919921875
2011-02-14,12268.1904296875,1332.3199462890625,4096.6201171875,8405.150390625,2817.179931640625,6060.10009765625,10725.5400390625,2899.134033203125,12737.6572265625,3035.719970703125,23121.060546875
2011-02-15,12226.6396484375,1328.010009765625,4110.33984375,8383.669921875,2804.35009765625,6037.10009765625,10746.669921875,2899.237060546875,12711.4375,3035.8701171875,22899.779296875
2011-02-16,12288.169921875,1336.3199462890625,4151.259765625,8453.759765625,2825.56005859375,6085.2998046875,10808.2900390625,2923.89599609375,12884.7255859375,3061.699951171875,23156.970703125
2011-02-17,12318.1396484375,1340.4300537109375,4152.31005859375,8497.41015625,2831.580078125,6087.39990234375,10836.6396484375,2926.964111328125,12788.1962890625,3064.929931640625,23301.83984375
2011-02-18,12391.25,1343.010009765625,4157.14013671875,8507.900390625,2833.949951171875,6083.0,10842.7998046875,2899.7919921875,12612.96875,3036.300048828125,23595.240234375
2011-02-21,,,4097.41015625,,,6014.7998046875,10857.5302734375,2932.24609375,12872.3251953125,3070.360107421875,23485.419921875
2011-02-22,12212.7900390625,1315.43994140625,4050.27001953125,8325.8603515625,2756.419921875,5996.7998046875,10664.7001953125,2855.51611328125,12473.1904296875,2989.919921875,22990.810546875
2011-02-23,12105.7802734375,1307.4000244140625,4013.1201171875,8292.919921875,2722.989990234375,5923.5,10579.099609375,2862.635009765625,12492.5703125,2997.31005859375,22906.900390625
2011-02-24,12068.5,1306.0999755859375,4009.639892578125,8276.2900390625,2737.89990234375,5920.0,10452.7099609375,2878.60302734375,12578.2880859375,3014.070068359375,22601.0390625
2011-02-25,12130.4501953125,1319.8800048828125,4070.3798828125,8378.0400390625,2781.050048828125,6001.2001953125,10526.759765625,2878.56494140625,12633.73828125,3014.010009765625,23012.369140625
2011-02-28,12226.33984375,1327.219970703125,4110.35009765625,8438.5498046875,2782.27001953125,5994.0,10624.08984375,2905.052978515625,12902.2958984375,3041.77001953125,23338.01953125
2011-03-01,12058.01953125,1306.3299560546875,4067.14990234375,8315.849609375,2737.409912109375,5935.7998046875,10754.0302734375,2918.919921875,12948.5751953125,3056.340087890625,23396.419921875
2011-03-02,12066.7998046875,1308.43994140625,4034.320068359375,8338.759765625,2748.070068359375,5914.89990234375,10492.3798828125,2913.80810546875,12880.125,3051.0,23048.66015625
2011-03-03,12258.2001953125,1330.969970703125,4060.760009765625,8465.4501953125,2798.739990234375,6005.10009765625,10586.01953125,2902.97802734375,12698.017578125,3039.679931640625,23122.419921875
2011-03-04,12169.8798828125,1321.1500244140625,4020.2099609375,8413.0498046875,2784.669921875,5990.39990234375,10693.66015625,2942.305908203125,12893.6953125,3080.889892578125,23408.859375
2011-03-07,12090.0302734375,1310.1300048828125,3990.409912109375,8337.01953125,2745.6298828125,5973.7998046875,10505.01953125,2996.2109375,13140.732421875,3137.43994140625,23313.189453125
2011-03-08,12214.3798828125,1321.8199462890625,4015.909912109375,8394.0400390625,2765.77001953125,5974.7998046875,10525.1904296875,2999.94189453125,13144.0322265625,3141.360107421875,23711.69921875
2011-03-09,12213.08984375,1320.02001953125,3993.81005859375,8379.4404296875,2751.719970703125,5937.2998046875,10589.5,3002.154052734375,13158.072265625,3143.699951171875,23810.109375
2011-03-10,11984.6103515625,1295.1099853515625,3963.989990234375,8200.0703125,2701.02001953125,5845.2998046875,10434.3798828125,2957.14306640625,13004.71484375,3096.3701171875,23614.890625
2011-03-11,12044.400390625,1304.280029296875,3928.679931640625,8248.5302734375,2715.610107421875,5828.7001953125,10254.4296875,2933.7958984375,12847.875,3071.7900390625,23249.779296875
2011-03-14,11993.16015625,1296.3900146484375,3878.0400390625,8193.9599609375,2700.969970703125,5775.2001953125,9620.490234375,2937.626953125,12958.1455078125,3075.800048828125,23345.880859375
2011-03-15,11855.419921875,1281.8699951171875,3780.85009765625,8092.10986328125,2667.330078125,5695.2998046875,8605.150390625,2896.256103515625,12705.177734375,3032.5,22678.25
2011-03-16,11613.2998046875,1256.8800048828125,3696.56005859375,7929.8701171875,2616.820068359375,5598.2001953125,9093.7197265625,2930.803955078125,12865.60546875,3068.7900390625,22700.880859375
2011-03-17,11774.58984375,1273.719970703125,3786.2099609375,8064.85986328125,2636.050048828125,5696.10009765625,8962.669921875,2897.298095703125,12650.5283203125,3033.719970703125,22284.4296875
2011-03-18,11858.51953125,1279.2099609375,3810.219970703125,8116.39990234375,2643.669921875,5718.10009765625,9206.75,2906.885009765625,12721.84765625,3043.669921875,22300.23046875
2011-03-21,12036.5302734375,1298.3800048828125,3904.449951171875,8256.3603515625,2692.090087890625,5786.10009765625,,2909.136962890625,12643.5888671875,3045.97998046875,22685.220703125
2011-03-22,12018.6298828125,1293.77001953125,3892.7099609375,8228.41015625,2683.8701171875,5762.7001953125,9608.3203125,2919.14208984375,12667.1181640625,3056.419921875,22857.900390625
2011-03-23,12086.01953125,1297.5400390625,3913.72998046875,8248.830078125,2698.300048828125,5795.89990234375,9449.4697265625,2948.47705078125,12845.3857421875,3087.2099609375,22825.400390625
2011-03-24,12170.5595703125,1309.6600341796875,3968.840087890625,8311.6103515625,2736.419921875,5880.89990234375,9435.009765625,2946.7060546875,12771.3173828125,3085.330078125,22915.279296875
2011-03-25,12220.58984375,1313.800048828125,3972.3798828125,8321.7802734375,2743.06005859375,5900.7998046875,9536.1298828125,2977.81396484375,12941.92578125,3118.0400390625,23158.669921875
2011-03-28,12197.8798828125,1310.18994140625,3976.949951171875,8296.51953125,2730.679931640625,5904.5,9478.5302734375,2984.0048828125,12875.375,3124.530029296875,23068.189453125
2011-03-29,12279.009765625,1319.43994140625,3987.800048828125,8345.3798828125,2756.889892578125,5932.2001953125,9459.080078125,2958.076904296875,12677.46875,3097.3701171875,23060.359375
2011-03-30,12350.6103515625,1328.260009765625,4024.43994140625,8416.6904296875,2776.7900390625,5948.2998046875,9708.7900390625,2955.77099609375,12661.078125,3094.989990234375,23451.4296875
2011-03-31,12319.73046875,1325.8299560546875,3989.179931640625,8404.98046875,2781.070068359375,5908.7998046875,9755.099609375,2928.111083984375,12562.7587890625,3065.919921875,23527.51953125
2011-04-01,12376.7197265625,1332.4100341796875,4054.760009765625,8469.33984375,2789.60009765625,6009.89990234375,9708.3896484375,2967.409912109375,12699.27734375,3107.14990234375,23801.900390625
2011-04-04,12400.0302734375,1332.8699951171875,4042.919921875,8482.41015625,2789.18994140625,6017.0,9718.8896484375,,,,24150.580078125
2011-04-05,12393.900390625,1332.6300048828125,4041.739990234375,8488.3896484375,2791.18994140625,6007.10009765625,9615.5498046875,,,,
2011-04-06,12426.75,1335.5400390625,4048.159912109375,8508.23046875,2799.820068359375,6041.10009765625,9584.3701171875,3001.360107421875,12740.7275390625,3142.800048828125,24285.05078125
2011-04-07,12409.490234375,1333.510009765625,4028.300048828125,8489.330078125,2796.139892578125,6007.39990234375,9590.9296875,3007.908935546875,12890.515625,3149.590087890625,24281.80078125
2011-04-08,12380.0498046875,1328.1700439453125,4061.909912109375,8483.9404296875,2780.419921875,6055.7998046875,9768.080078125,3030.02099609375,13036.083984375,3172.7900390625,24396.0703125
2011-04-11,12381.1103515625,1324.4599609375,4038.699951171875,8445.76953125,2771.510009765625,6053.39990234375,9719.7001953125,3022.74609375,12924.9052734375,3165.1298828125,24303.0703125
2011-04-12,12263.580078125,1314.1600341796875,3976.60009765625,8360.4599609375,2744.7900390625,5964.5,9555.259765625,3021.368896484375,12902.0751953125,3163.679931640625,23976.369140625
2011-04-13,12270.990234375,1314.4100341796875,4006.22998046875,8367.3095703125,2761.52001953125,6010.39990234375,9641.1796875,3050.39697265625,13101.9326171875,3194.1201171875,24135.029296875
2011-04-14,12285.150390625,1314.52001953125,3970.389892578125,8374.16015625,2760.219970703125,5963.7998046875,9653.919921875,3042.635009765625,12991.7841796875,3185.919921875,24014.0
2011-04-15,12341.830078125,1319.6800537109375,3974.47998046875,8400.3095703125,2764.64990234375,5996.0,9591.51953125,3050.52587890625,12965.6044921875,3194.300048828125,24008.0703125
2011-04-18,12201.58984375,1305.1400146484375,3881.239990234375,8277.1103515625,2735.3798828125,5870.10009765625,9556.650390625,3057.3291015625,13001.1845703125,3201.550048828125,23830.310546875
2011-04-19,12266.75,1312.6199951171875,3908.580078125,8332.0302734375,2744.969970703125,5896.89990234375,9441.0302734375,2999.041015625,12799.0966796875,3140.18994140625,23520.619140625
2011-04-20,12453.5400390625,1330.3599853515625,4004.6201171875,8457.650390625,2802.510009765625,6022.2998046875,9606.8203125,3007.037109375,12753.70703125,3148.5,23896.099609375
2011-04-21,12505.990234375,1337.3800048828125,4021.8798828125,8504.3603515625,2820.159912109375,6018.2998046875,9685.76953125,3026.6669921875,12798.6064453125,3169.080078125,24138.310546875
2011-04-22,,,,,,,9682.2099609375,3010.51708984375,12708.27734375,3152.1201171875,
2011-04-25,12479.8798828125,1335.25,,8485.25,2825.8798828125,,9671.9599609375,2964.950927734375,12507.8701171875,3104.449951171875,
2011-04-26,12595.3701171875,1347.239990234375,4045.2900390625,8554.990234375,2847.5400390625,6069.39990234375,9558.6904296875,2938.98095703125,12448.3408203125,3077.219970703125,24007.380859375
2011-04-27,12690.9599609375,1355.6600341796875,4067.719970703125,8609.2802734375,2869.8798828125,6068.2001953125,9691.83984375,2925.407958984375,12358.7412109375,3063.830078125,23892.83984375
2011-04-28,12763.3095703125,1360.47998046875,4104.89990234375,8639.73046875,2872.530029296875,6069.89990234375,9849.740234375,2887.04296875,12149.1142578125,3023.8798828125,23805.630859375
2011-04-29,12810.5400390625,1363.6099853515625,4106.919921875,8671.41015625,2873.5400390625,,,2911.510009765625,12312.8515625,3049.18994140625,23720.810546875
2011-05-02,12807.3603515625,1361.219970703125,4108.77001953125,8649.6103515625,2864.080078125,,10004.2001953125,,,,
2011-05-03,12807.509765625,1356.6199951171875,4096.83984375,8584.6796875,2841.6201171875,6082.89990234375,,2932.18798828125,12423.3203125,3070.719970703125,23633.25
2011-05-04,12723.580078125,1347.3199462890625,4043.1298828125,8506.6103515625,2828.22998046875,5984.10009765625,,2866.01708984375,12070.2744140625,3001.389892578125,23315.240234375
2011-05-05,12584.169921875,1335.0999755859375,4004.8701171875,8397.400390625,2814.719970703125,5920.0,,2872.404052734375,12085.8544921875,3008.1201171875,23261.609375
2011-05-06,12638.740234375,1340.199951171875,4058.010009765625,8425.900390625,2827.56005859375,5976.7998046875,9859.2001953125,2863.885986328125,12067.474609375,2999.169921875,23159.140625
2011-05-09,12684.6796875,1346.2900390625,4007.260009765625,8478.1904296875,2843.25,5942.7001953125,9794.3798828125,2872.4599609375,12124.8740234375,3008.080078125,23336.0
2011-05-10,12760.3603515625,1357.1600341796875,4052.510009765625,8550.490234375,2871.889892578125,6018.89990234375,9818.759765625,2890.634033203125,12216.8037109375,3027.169921875,
2011-05-11,12630.0302734375,1342.0799560546875,4058.080078125,8428.08984375,2845.06005859375,5976.0,9864.259765625,2883.419921875,12202.4833984375,3019.570068359375,23291.80078125
2011-05-12,12695.919921875,1348.6500244140625,4023.2900390625,8456.1796875,2863.0400390625,5945.0,9716.650390625,2844.0830078125,12072.07421875,2978.360107421875,23073.759765625
2011-05-13,12595.75,1337.77001953125,4018.85009765625,8371.669921875,2828.469970703125,5925.89990234375,9648.76953125,2871.031005859375,12156.4736328125,3006.669921875,23276.26953125
2011-05-16,12548.3701171875,1329.469970703125,3989.820068359375,8336.58984375,2782.31005859375,5923.7001953125,9558.2998046875,2849.06689453125,12051.1044921875,2983.6201171875,22960.630859375
2011-05-17,12479.580078125,1328.97998046875,3941.580078125,8333.0703125,2783.2099609375,5861.0,9567.01953125,2852.77294921875,12128.3642578125,2987.47998046875,22901.080078125
2011-05-18,12560.1796875,1340.6800537109375,3978.0,8407.48046875,2815.0,5923.5,9662.080078125,2872.77099609375,12230.5537109375,3008.449951171875,23011.140625
2011-05-19,12605.3203125,1343.5999755859375,4027.739990234375,8427.9501953125,2823.31005859375,5956.0,9620.8203125,2859.573974609375,12157.9736328125,2994.60009765625,23163.380859375
2011-05-20,12512.0400390625,1333.27001953125,3990.85009765625,8357.5302734375,2803.320068359375,5948.5,9607.080078125,2858.458984375,12160.8935546875,2993.52001953125,23199.390625
2011-05-23,12381.259765625,1317.3699951171875,3906.97998046875,8236.5498046875,2758.89990234375,5835.89990234375,9460.6298828125,2774.569091796875,11742.0595703125,2905.75,22711.01953125
2011-05-24,12356.2099609375,1316.280029296875,3916.8798828125,8252.4599609375,2746.159912109375,5858.39990234375,9477.169921875,2767.055908203125,11749.7890625,2897.72998046875,22730.779296875
2011-05-25,12394.66015625,1320.469970703125,3928.989990234375,8295.3701171875,2761.3798828125,5870.10009765625,9422.8798828125,2741.740966796875,11615.2900390625,2871.300048828125,22747.279296875
2011-05-26,12402.759765625,1325.68994140625,3917.219970703125,8341.66015625,2782.919921875,5881.0,9562.0498046875,2736.527099609375,11530.5712890625,2865.8798828125,22900.7890625
2011-05-27,12441.580078125,1331.0999755859375,3950.97998046875,8386.33984375,2796.860107421875,5938.89990234375,9521.9404296875,2709.947021484375,11492.5810546875,2838.110107421875,23118.0703125
2011-05-30,,,3942.530029296875,,,,9504.9697265625,2706.361083984375,11478.08203125,2834.530029296875,23184.3203125
2011-05-31,12569.7900390625,1345.199951171875,4006.93994140625,8477.2802734375,2835.300048828125,5990.0,9693.73046875,2743.471923828125,11665.0087890625,2873.06005859375,23684.130859375
2011-06-01,12290.1396484375,1314.550048828125,3964.81005859375,8281.58984375,2769.18994140625,5928.60009765625,9719.6103515625,2743.572021484375,11699.69921875,2873.110107421875,23626.4296875
2011-06-02,12248.5498046875,1312.93994140625,3889.8701171875,8277.759765625,2773.31005859375,5847.89990234375,9555.0400390625,2705.180908203125,11506.390625,2832.969970703125,23253.83984375
2011-06-03,12151.259765625,1300.1600341796875,3890.679931640625,8222.150390625,2732.780029296875,5855.0,9492.2099609375,2728.02001953125,11642.26953125,2856.889892578125,22949.560546875
2011-06-06,12089.9599609375,1286.1700439453125,3863.39990234375,8115.8701171875,2702.56005859375,5863.2001953125,9380.349609375,,,,
2011-06-07,12070.8095703125,1284.93994140625,3871.919921875,8131.68994140625,2701.56005859375,5864.7001953125,9442.9501953125,2744.300048828125,11741.12890625,2874.169921875,22868.669921875
2011-06-08,12048.9404296875,1279.56005859375,3837.97998046875,8081.35009765625,2675.3798828125,5808.89990234375,9449.4599609375,2750.2880859375,11760.9677734375,2880.72998046875,22661.630859375
2011-06-09,12124.3603515625,1289.0,3878.64990234375,8149.64990234375,2684.8701171875,5856.2998046875,9467.150390625,2703.344970703125,11513.0712890625,2832.449951171875,22609.830078125
2011-06-10,11951.91015625,1270.97998046875,3805.090087890625,8016.39013671875,2643.72998046875,5765.7998046875,9514.4404296875,2705.14306640625,11593.25,2834.699951171875,22420.369140625
2011-06-13,11952.9697265625,1271.8299560546875,3807.610107421875,8017.06005859375,2639.68994140625,5773.5,9448.2099609375,2700.37890625,11521.8515625,2829.989990234375,22508.080078125
2011-06-14,12076.1103515625,1287.8699951171875,3864.580078125,8132.77001953125,2678.719970703125,5803.10009765625,9547.7900390625,2730.0400390625,11731.9091796875,2860.81005859375,22496.0
2011-06-15,11897.26953125,1265.4200439453125,3806.85009765625,7967.81005859375,2631.4599609375,5742.60009765625,9574.3203125,2705.430908203125,11615.83984375,2834.889892578125,22343.76953125
2011-06-16,11961.51953125,1267.6400146484375,3792.31005859375,7963.60009765625,2623.699951171875,5698.7998046875,9411.2802734375,2664.281982421875,11435.8623046875,2791.81005859375,21953.109375
2011-06-17,12004.3603515625,1271.5,3823.739990234375,8000.10986328125,2616.47998046875,5714.89990234375,9351.400390625,2642.818115234375,11409.0322265625,2769.22998046875,21695.259765625
2011-06-20,12080.3798828125,1278.3599853515625,3799.659912109375,8032.22021484375,2629.659912109375,5693.39990234375,9354.3203125,2621.2529296875,11328.54296875,2746.47998046875,21599.509765625
2011-06-21,12190.009765625,1295.52001953125,3877.070068359375,8156.27001953125,2687.260009765625,5775.2998046875,9459.66015625,2646.48291015625,11509.8515625,2772.75,21850.58984375
2011-06-22,12109.669921875,1287.1400146484375,3871.3701171875,8101.83984375,2669.18994140625,5773.0,9629.4296875,2649.321044921875,11543.5205078125,2775.5,21859.970703125
2011-06-23,12050.0,1283.5,3787.7900390625,8054.080078125,2686.75,5674.39990234375,9596.740234375,2688.2490234375,11775.1884765625,2816.14990234375,21759.140625
2011-06-24,11934.580078125,1268.449951171875,3784.800048828125,7974.72021484375,2652.889892578125,5697.7001953125,9678.7099609375,2746.2109375,11995.9462890625,2877.050048828125,22171.94921875
2011-06-27,12043.5595703125,1280.0999755859375,3796.550048828125,8031.080078125,2688.280029296875,5722.2998046875,9578.3095703125,2758.22998046875,12026.1552734375,2889.590087890625,22041.76953125
2011-06-28,12188.6904296875,1296.6700439453125,3851.889892578125,8135.97998046875,2729.31005859375,5766.89990234375,9648.98046875,2759.201904296875,12046.9541015625,2890.510009765625,22061.779296875
2011-06-29,12261.419921875,1307.4100341796875,3924.22998046875,8228.5,2740.489990234375,5856.0,9797.259765625,2728.48291015625,11913.06640625,2858.35009765625,22061.1796875
2011-06-30,12414.33984375,1320.6400146484375,3982.2099609375,8319.099609375,2773.52001953125,5945.7001953125,9816.08984375,2762.075927734375,12110.7939453125,2893.530029296875,22398.099609375
2011-07-01,12582.76953125,1339.6700439453125,4007.35009765625,8425.48046875,2816.030029296875,5989.7998046875,9868.0703125,2759.362060546875,12177.943359375,2890.610107421875,
2011-07-04,,,4003.110107421875,,,6017.5,9965.08984375,2812.818115234375,12441.0302734375,2946.489990234375,22770.470703125
2011-07-05,12569.8701171875,1337.8800048828125,3978.830078125,8404.6298828125,2825.77001953125,6024.0,9972.4599609375,2816.35400390625,12440.23046875,2950.14990234375,22747.94921875
2011-07-06,12626.01953125,1339.219970703125,3961.340087890625,8396.48046875,2834.02001953125,6002.89990234375,10082.48046875,2810.47900390625,12425.5400390625,2943.8798828125,22517.55078125
2011-07-07,12719.490234375,1353.219970703125,3979.9599609375,8476.1298828125,2872.659912109375,6054.60009765625,10071.1396484375,2794.26708984375,12392.791015625,2926.760009765625,22530.1796875
2011-07-08,12657.2001953125,1343.800048828125,3913.550048828125,8410.1904296875,2859.81005859375,5990.60009765625,10137.73046875,2797.77294921875,12404.201171875,2930.39990234375,22726.4296875
2011-07-11,12505.759765625,1319.489990234375,3807.510009765625,8228.73046875,2802.6201171875,5929.2001953125,10069.5302734375,2802.69189453125,12438.419921875,2935.47998046875,22347.23046875
2011-07-12,12446.8798828125,1313.6400146484375,3774.1201171875,8192.75,2781.909912109375,5869.0,9925.919921875,2754.58203125,12268.0537109375,2885.300048828125,21663.16015625
2011-07-13,12491.6103515625,1317.719970703125,3793.27001953125,8246.7998046875,2796.919921875,5906.39990234375,9963.1396484375,2795.47607421875,12479.0107421875,2928.010009765625,21926.880859375
2011-07-14,12437.1201171875,1308.8699951171875,3751.22998046875,8191.1298828125,2762.669921875,5847.0,9936.1201171875,2810.444091796875,12440.6904296875,2943.64990234375,21940.19921875
2011-07-15,12479.73046875,1316.1400146484375,3726.590087890625,8227.0400390625,2789.800048828125,5843.7001953125,9974.4697265625,2820.1689453125,12506.80078125,2953.830078125,21875.380859375
2011-07-18,12385.16015625,1305.43994140625,3650.7099609375,8135.52978515625,2765.110107421875,5752.7998046875,,2816.68798828125,12490.41015625,2950.22998046875,21804.75
2011-07-19,12587.419921875,1326.72998046875,3694.949951171875,8254.3798828125,2826.52001953125,5790.0,9889.7197265625,2796.98291015625,12381.3212890625,2929.580078125,21902.400390625
2011-07-20,12571.91015625,1325.8399658203125,3754.60009765625,8281.830078125,2814.22998046875,5853.7998046875,10005.900390625,2794.205078125,12393.8515625,2926.56005859375,22003.689453125
2011-07-21,12724.41015625,1343.800048828125,3816.75,8411.4501953125,2834.429931640625,5899.89990234375,10010.3896484375,2765.89404296875,12301.271484375,2896.89990234375,21987.2890625
2011-07-22,12681.16015625,1345.02001953125,3842.699951171875,8408.2001953125,2858.830078125,5935.0,10132.1103515625,2770.7900390625,12352.361328125,2901.969970703125,22444.80078125
2011-07-25,12592.7998046875,1337.4300537109375,3812.969970703125,8357.5703125,2842.800048828125,5925.2998046875,10050.009765625,2688.74609375,11966.1064453125,2816.070068359375,22293.2890625
2011-07-26,12501.2998046875,1331.93994140625,3787.8798828125,8331.669921875,2839.9599609375,5929.7001953125,10097.7197265625,2703.02587890625,12008.396484375,2831.0,22572.080078125
2011-07-27,12302.5498046875,1304.8900146484375,3734.070068359375,8153.2099609375,2764.7900390625,5856.60009765625,10047.1904296875,2723.491943359375,12116.724609375,2852.320068359375,22541.689453125
2011-07-28,12240.1103515625,1300.6700439453125,3712.659912109375,8124.02978515625,2766.25,5873.2001953125,9901.349609375,2708.777099609375,12085.7841796875,2836.840087890625,22570.740234375
2011-07-29,12143.240234375,1292.280029296875,3672.77001953125,8079.43994140625,2756.3798828125,5815.2001953125,9833.0302734375,2701.72900390625,11990.2958984375,2829.469970703125,22440.25
2011-08-01,12132.490234375,1286.93994140625,3588.050048828125,8040.93017578125,2744.610107421875,5774.39990234375,9965.009765625,2703.782958984375,12002.2861328125,2831.60009765625,22663.369140625
2011-08-02,11866.6201171875,1254.050048828125,3522.7900390625,7831.97998046875,2669.239990234375,5718.39990234375,9844.58984375,2679.259033203125,11931.90625,2805.820068359375,22421.4609375
2011-08-03,11896.4404296875,1260.3399658203125,3454.93994140625,7853.2001953125,2693.070068359375,5584.5,9637.1396484375,2678.485107421875,11922.236328125,2805.0,21992.720703125
2011-08-04,11383.6796875,1200.0699462890625,3320.35009765625,7428.39990234375,2556.389892578125,5393.10009765625,9659.1796875,2684.0390625,11934.2763671875,2810.75,21884.740234375
2011-08-05,11444.6103515625,1199.3800048828125,3278.56005859375,7419.06982421875,2532.409912109375,5247.0,9299.8798828125,2626.423095703125,11701.62890625,2750.530029296875,20946.140625
2011-08-08,10809.849609375,1119.4599609375,3125.18994140625,6895.97021484375,2357.68994140625,5069.0,9097.5595703125,2526.81591796875,11312.5029296875,2646.5400390625,20490.5703125
2011-08-09,11239.76953125,1172.530029296875,3176.18994140625,7258.0400390625,2482.52001953125,5164.89990234375,8944.48046875,2526.070068359375,11314.953125,2645.75,19330.69921875
2011-08-10,10719.9404296875,1120.760009765625,3002.989990234375,7101.240234375,2381.050048828125,5007.2001953125,9038.740234375,2549.176025390625,11449.4521484375,2669.919921875,19783.669921875
2011-08-11,11143.3095703125,1172.6400146484375,3089.659912109375,7257.580078125,2492.679931640625,5162.7998046875,8981.9404296875,2581.508056640625,11627.359375,2703.889892578125,19595.140625
2011-08-12,11269.01953125,1178.81005859375,3213.8798828125,7303.8798828125,2507.97998046875,5320.0,8963.7197265625,2593.173095703125,11651.1591796875,2715.97998046875,19620.009765625
2011-08-15,11482.900390625,1204.489990234375,3239.06005859375,7482.7099609375,2555.199951171875,5350.60009765625,9086.41015625,2626.77001953125,11767.6083984375,2751.239990234375,20260.099609375
2011-08-16,11405.9296875,1192.760009765625,3230.89990234375,7394.490234375,2523.449951171875,5357.60009765625,9107.4296875,2608.166015625,11665.279296875,2731.679931640625,20212.080078125
2011-08-17,11410.2099609375,1193.8900146484375,3254.340087890625,7418.93994140625,2511.47998046875,5331.60009765625,9057.259765625,2601.260986328125,11598.150390625,2724.5,20289.029296875
2011-08-18,10990.580078125,1140.6500244140625,3076.0400390625,7079.41015625,2380.429931640625,5092.2001953125,8943.759765625,2559.471923828125,11414.0322265625,2680.64990234375,20016.26953125
2011-08-19,10817.650390625,1123.530029296875,3016.989990234375,6970.10009765625,2341.840087890625,5040.7998046875,8719.240234375,2534.35791015625,11301.4033203125,2654.340087890625,19399.919921875
2011-08-22,10854.650390625,1123.8199462890625,3051.360107421875,6980.6201171875,2345.3798828125,5095.2998046875,8628.1298828125,2515.863037109375,11112.5146484375,2635.1201171875,19486.869140625
2011-08-23,11176.759765625,1162.3499755859375,3084.3701171875,7209.58984375,2446.06005859375,5129.39990234375,8733.009765625,2554.01904296875,11243.2939453125,2675.169921875,19875.529296875
2011-08-24,11320.7099609375,1177.5999755859375,3139.550048828125,7273.1298828125,2467.68994140625,5205.89990234375,8639.6103515625,2541.091064453125,11238.82421875,2661.6201171875,19466.7890625
2011-08-25,11149.8203125,1159.27001953125,3119.0,7149.669921875,2419.6298828125,5131.10009765625,8772.3603515625,2615.260986328125,11598.7998046875,2739.3798828125,19752.48046875
2011-08-26,11284.5400390625,1176.800048828125,3087.639892578125,7245.81982421875,2479.85009765625,5129.89990234375,8797.7802734375,2612.18798828125,11568.0400390625,2736.14990234375,19582.880859375
2011-08-29,11539.25,1210.0799560546875,3154.199951171875,7450.2998046875,2562.110107421875,,8851.349609375,2576.4130859375,11372.251953125,2698.659912109375,19865.109375
2011-08-30,11559.9501953125,1212.9200439453125,3159.739990234375,7464.0,2576.110107421875,5268.7001953125,8953.900390625,2566.594970703125,11344.3232421875,2688.330078125,20204.169921875
2011-08-31,11613.5302734375,1218.8900146484375,3256.760009765625,7528.39013671875,2579.4599609375,5394.5,8955.2001953125,2567.340087890625,11397.3525390625,2689.080078125,20534.849609375
2011-09-01,11493.5703125,1204.4200439453125,3265.830078125,7443.4599609375,2546.0400390625,5418.7001953125,9060.7998046875,2556.0419921875,11352.732421875,2677.199951171875,20585.330078125
2011-09-02,11240.259765625,1173.969970703125,3148.530029296875,7250.72998046875,2480.330078125,5292.0,8950.740234375,2528.280029296875,11228.173828125,2648.10009765625,20212.91015625
2011-09-05,,,2999.5400390625,,,5102.60009765625,8784.4599609375,2478.739013671875,10954.77734375,2596.27001953125,19616.400390625
2011-09-06,11139.2998046875,1165.239990234375,2965.639892578125,7148.1298828125,2473.830078125,5156.7998046875,8590.5703125,2470.52392578125,10778.3095703125,2587.6298828125,19710.5
2011-09-07,11414.8603515625,1198.6199951171875,3073.179931640625,7355.169921875,2548.93994140625,5318.60009765625,8763.41015625,2516.090087890625,11011.056640625,2635.320068359375,20048.0
2011-09-08,11295.8095703125,1185.9000244140625,3085.830078125,7257.35986328125,2529.139892578125,5340.39990234375,8793.1201171875,2498.943115234375,10933.1875,2617.31005859375,19912.8203125
2011-09-09,10992.1298828125,1154.22998046875,2974.590087890625,7045.009765625,2467.989990234375,5214.7001953125,8737.66015625,2497.7529296875,10892.267578125,2616.10009765625,19866.630859375
2011-09-12,11061.1201171875,1162.27001953125,2854.81005859375,7047.1201171875,2495.090087890625,5129.60009765625,8535.669921875,,,,19030.5390625
2011-09-13,11105.849609375,1172.8699951171875,2894.929931640625,7109.9501953125,2532.14990234375,5174.2998046875,8616.5498046875,2471.304931640625,10775.1796875,2588.429931640625,
2011-09-14,11246.73046875,1188.6800537109375,2949.139892578125,7199.1201171875,2572.550048828125,5227.0,8518.5703125,2484.826904296875,10822.2783203125,2602.6201171875,19045.439453125
2011-09-15,11433.1796875,1209.1099853515625,3045.6201171875,7329.10009765625,2607.070068359375,5337.5,8668.8603515625,2479.054931640625,10847.8974609375,2596.590087890625,19181.5
2011-09-16,11509.08984375,1216.010009765625,3031.080078125,7348.18017578125,2622.31005859375,5368.39990234375,8864.16015625,2482.343017578125,10878.1083984375,2600.050048828125,19455.310546875
2011-09-19,11401.009765625,1204.0899658203125,2940.0,7234.6298828125,2612.830078125,5259.60009765625,,2437.794921875,10657.5107421875,2553.3701171875,18917.94921875
2011-09-20,11408.66015625,1202.0899658203125,2984.050048828125,7217.10986328125,2590.239990234375,5363.7001953125,8721.240234375,2447.7548828125,10679.1796875,2563.820068359375,19014.80078125
2011-09-21,11124.83984375,1166.760009765625,2935.820068359375,6981.330078125,2538.18994140625,5288.39990234375,8741.16015625,2512.962890625,10991.7265625,2632.080078125,18824.169921875
2011-09-22,10733.830078125,1129.56005859375,2781.679931640625,6726.6201171875,2455.669921875,5041.60009765625,8560.259765625,2443.055908203125,10660.3505859375,2558.85009765625,17911.94921875
2011-09-23,10771.48046875,1136.4300537109375,2810.110107421875,6770.72998046875,2483.22998046875,5066.7998046875,,2433.158935546875,10538.283203125,2548.52001953125,17668.830078125
2011-09-26,11043.8603515625,1162.949951171875,2859.340087890625,6940.81005859375,2516.68994140625,5089.39990234375,8374.1298828125,2393.18310546875,10328.353515625,2506.77001953125,17407.80078125
2011-09-27,11190.6904296875,1175.3800048828125,3023.3798828125,7043.1201171875,2546.830078125,5294.10009765625,8609.9501953125,2415.053955078125,10448.54296875,2529.7099609375,18130.55078125
2011-09-28,11010.900390625,1151.06005859375,2995.6201171875,6876.93994140625,2491.580078125,5217.60009765625,8615.650390625,2392.06201171875,10369.8134765625,2505.52001953125,18011.060546875
2011-09-29,11153.98046875,1160.4000244140625,3027.64990234375,6974.91015625,2480.760009765625,5196.7998046875,8701.23046875,2365.343017578125,10287.78515625,2477.530029296875,
2011-09-30,10913.3798828125,1131.4200439453125,2981.9599609375,6791.64990234375,2415.39990234375,5128.5,8700.2900390625,2359.218994140625,10292.21484375,2471.10009765625,17592.41015625
2011-10-03,10655.2998046875,1099.22998046875,2926.830078125,6571.4501953125,2335.830078125,5075.5,8545.48046875,,,,16822.150390625
2011-10-04,10808.7099609375,1123.949951171875,2850.550048828125,6722.97998046875,2404.820068359375,4944.39990234375,8456.1201171875,,,,16250.26953125
2011-10-05,10939.9501953125,1144.030029296875,2973.89990234375,6844.16015625,2460.510009765625,5102.2001953125,8382.98046875,,,,
2011-10-06,11123.330078125,1164.969970703125,3075.3701171875,6997.64013671875,2506.820068359375,5291.2998046875,8522.01953125,,,,17172.279296875
2011-10-07,11103.1201171875,1155.4599609375,3095.56005859375,6925.7998046875,2479.35009765625,5303.39990234375,8605.6201171875,,,,17707.009765625
2011-10-10,11433.1796875,1194.8900146484375,3161.469970703125,7173.4501953125,2566.050048828125,5399.0,,2344.787109375,10170.6357421875,2456.02001953125,17711.060546875
2011-10-11,11416.2998046875,1195.5400390625,3153.52001953125,7161.259765625,2583.030029296875,5395.7001953125,8773.6796875,2348.51611328125,10065.3564453125,2460.090087890625,18141.58984375
2011-10-12,11518.849609375,1207.25,3229.760009765625,7263.68994140625,2604.72998046875,5441.7998046875,8738.900390625,2420.0,10425.8125,2534.9599609375,18329.4609375
2011-10-13,11478.1298828125,1203.6600341796875,3186.93994140625,7229.080078125,2620.239990234375,5403.39990234375,8823.25,2438.7900390625,10481.72265625,2554.56005859375,18757.810546875
2011-10-14,11644.490234375,1224.5799560546875,3217.889892578125,7350.4599609375,2667.85009765625,5466.39990234375,8747.9599609375,2431.375,10438.142578125,2546.800048828125,18501.7890625
2011-10-17,11397.0,1200.8599853515625,3166.06005859375,7188.66015625,2614.919921875,5436.7001953125,8879.599609375,2440.402099609375,10513.373046875,2556.27001953125,18873.990234375
2011-10-18,11577.0498046875,1225.3800048828125,3141.10009765625,7341.72998046875,2657.429931640625,5410.39990234375,8741.91015625,2383.485107421875,10226.8154296875,2496.639892578125,18076.4609375
2011-10-19,11504.6201171875,1209.8800048828125,3157.340087890625,7240.259765625,2604.0400390625,5450.5,8772.5400390625,2377.511962890625,10105.626953125,2490.35009765625,18309.220703125
2011-10-20,11541.7802734375,1215.3900146484375,3084.070068359375,7273.89990234375,2598.6201171875,5384.7001953125,8682.150390625,2331.365966796875,9796.12109375,2442.030029296875,17983.099609375
2011-10-21,11808.7900390625,1238.25,3171.340087890625,7431.10009765625,2637.4599609375,5488.7001953125,8678.8896484375,2317.27490234375,9697.1015625,2427.27001953125,18025.720703125
2011-10-24,11913.6201171875,1254.18994140625,3220.4599609375,7547.6298828125,2699.43994140625,5548.10009765625,8843.98046875,2370.3330078125,9957.5087890625,2482.81005859375,18771.8203125
2011-10-25,11706.6201171875,1229.050048828125,3174.2900390625,7400.81982421875,2638.419921875,5525.5,8762.3095703125,2409.672119140625,10203.2861328125,2523.949951171875,18968.19921875
2011-10-26,11869.0400390625,1242.0,3169.6201171875,7506.14990234375,2650.669921875,5553.2001953125,8748.4697265625,2427.47998046875,10315.6337890625,2542.580078125,19066.5390625
2011-10-27,12208.5498046875,1284.5899658203125,3368.6201171875,7813.990234375,2738.6298828125,5713.7998046875,8926.5400390625,2435.614990234375,10323.173828125,2551.050048828125,19688.69921875
2011-10-28,12231.1103515625,1285.0899658203125,3348.6298828125,7803.93994140625,2737.14990234375,5702.2001953125,9050.4697265625,2473.409912109375,10561.87109375,2590.570068359375,20019.240234375
2011-10-31,11955.009765625,1253.300048828125,3242.840087890625,7563.3798828125,2684.409912109375,5544.2001953125,8988.3896484375,2468.25,10480.79296875,2585.10009765625,19864.869140625
2011-11-01,11657.9599609375,1218.280029296875,3068.330078125,7337.14990234375,2606.9599609375,5421.60009765625,8835.51953125,2470.01904296875,10441.5830078125,2587.02001953125,19369.9609375
2011-11-02,11836.0400390625,1237.9000244140625,3110.590087890625,7461.10009765625,2639.97998046875,5484.10009765625,8640.419921875,2504.10791015625,10581.630859375,2622.7900390625,19733.7109375
2011-11-03,12044.4697265625,1261.1500244140625,3195.469970703125,7605.14013671875,2697.969970703125,5545.60009765625,,2508.090087890625,10624.0009765625,2626.909912109375,19242.5
2011-11-04,11983.240234375,1253.22998046875,3123.550048828125,7552.22998046875,2686.14990234375,5527.2001953125,8801.400390625,2528.2939453125,10699.3701171875,2648.159912109375,19842.7890625
2011-11-07,12068.3896484375,1261.1199951171875,3103.60009765625,7590.43017578125,2695.25,5510.7998046875,8767.08984375,2509.799072265625,10591.541015625,2628.840087890625,19677.890625
2011-11-08,12170.1796875,1275.9200439453125,3143.300048828125,7671.91015625,2727.489990234375,5567.2998046875,8655.509765625,2503.8359375,10540.982421875,2622.6298828125,19678.470703125
2011-11-09,11780.9404296875,1229.0999755859375,3075.159912109375,7353.4501953125,2621.64990234375,5460.39990234375,8755.4404296875,2524.9189453125,10625.7607421875,2644.669921875,20014.4296875
2011-11-10,11893.8603515625,1239.699951171875,3064.840087890625,7423.64013671875,2625.14990234375,5444.7998046875,8500.7998046875,2479.535888671875,10477.4326171875,2597.1201171875,18963.890625
2011-11-11,12153.6796875,1263.8499755859375,3149.3798828125,7576.18017578125,2678.75,5545.39990234375,8514.4697265625,2481.083984375,10418.8125,2598.699951171875,19137.169921875
2011-11-14,12078.98046875,1251.780029296875,3108.949951171875,7493.2900390625,2657.219970703125,5519.0,8603.7001953125,2528.714111328125,10645.560546875,2648.580078125,19508.1796875
2011-11-15,12096.16015625,1257.81005859375,3049.1298828125,7509.0498046875,2686.199951171875,5517.39990234375,8541.9296875,2529.760986328125,10582.880859375,2649.6298828125,19348.439453125
2011-11-16,11905.58984375,1236.9100341796875,3064.89990234375,7392.02001953125,2639.610107421875,5509.0,8463.16015625,2466.958984375,10313.2138671875,2583.77001953125,18960.900390625
2011-11-17,11770.73046875,1216.1300048828125,3010.2900390625,7274.16015625,2587.989990234375,5423.10009765625,8479.6298828125,2463.0458984375,10303.0439453125,2579.669921875,18817.470703125
2011-11-18,11796.16015625,1215.6500244140625,2997.010009765625,7282.47021484375,2572.5,5362.89990234375,8374.91015625,2416.56201171875,10025.0576171875,2531.06005859375,18491.23046875
2011-11-21,11547.3095703125,1192.97998046875,2894.93994140625,7134.47021484375,2523.139892578125,5222.60009765625,8348.26953125,2415.1298828125,10033.677734375,2529.590087890625,18225.849609375
2011-11-22,11493.7197265625,1188.0400390625,2870.679931640625,7094.89013671875,2521.280029296875,5206.7998046875,8314.740234375,2412.625,10028.087890625,2526.9599609375,18251.58984375
2011-11-23,11257.5498046875,1161.7900390625,2822.429931640625,6919.919921875,2460.080078125,5139.7998046875,,2395.06396484375,9957.208984375,2508.580078125,17864.4296875
2011-11-24,,,2822.25,,,5127.60009765625,8165.18017578125,2397.553955078125,9966.62890625,2511.179931640625,17935.099609375
2011-11-25,11231.650390625,1158.6700439453125,2856.969970703125,6898.18017578125,2441.510009765625,5164.7001953125,8160.009765625,2380.22412109375,9886.138671875,2493.030029296875,17689.48046875
2011-11-28,11523.009765625,1192.550048828125,3012.929931640625,7120.5498046875,2527.340087890625,5312.7998046875,8287.490234375,2383.033935546875,9884.5888671875,2496.02001953125,18037.810546875
2011-11-29,11555.6298828125,1195.18994140625,3026.760009765625,7149.7099609375,2515.510009765625,5337.0,8477.8203125,2412.39306640625,10012.828125,2526.830078125,18256.19921875
2011-11-30,12045.6796875,1246.9599609375,3154.6201171875,7484.5,2620.340087890625,5505.39990234375,8434.6103515625,2333.4140625,9693.28125,2444.449951171875,17989.349609375
2011-12-01,12020.0302734375,1244.5799560546875,3129.949951171875,7450.43017578125,2626.199951171875,5489.2998046875,8597.3798828125,2386.860107421875,9917.7490234375,2500.6298828125,19002.259765625
2011-12-02,12019.419921875,1244.280029296875,3164.949951171875,7453.5498046875,2626.929931640625,5552.2998046875,8643.75,2360.6640625,9808.1201171875,2473.4599609375,19040.390625
2011-12-05,12097.830078125,1257.0799560546875,3201.280029296875,7531.009765625,2655.760009765625,5568.0,8695.98046875,2333.22900390625,9585.97265625,2444.860107421875,19179.689453125
2011-12-06,12150.1298828125,1258.469970703125,3179.6298828125,7539.31982421875,2649.56005859375,5568.7001953125,8575.16015625,2325.905029296875,9586.8330078125,2436.9599609375,18942.23046875
2011-12-07,12196.3701171875,1261.010009765625,3175.97998046875,7559.7099609375,2649.2099609375,5546.89990234375,8722.169921875,2332.72998046875,9606.1416015625,2444.070068359375,19240.580078125
2011-12-08,11997.7001953125,1234.3499755859375,3095.489990234375,7369.52001953125,2596.3798828125,5483.7998046875,8664.580078125,2329.820068359375,9580.412109375,2440.89990234375,19107.810546875
2011-12-09,12184.259765625,1255.18994140625,3172.35009765625,7502.8798828125,2646.85009765625,5529.2001953125,8536.4599609375,2315.27001953125,9480.1630859375,2425.6298828125,18586.23046875
2011-12-12,12021.3896484375,1236.469970703125,3089.590087890625,7363.490234375,2612.260009765625,5427.89990234375,8653.8203125,2291.544921875,9376.1748046875,2400.7900390625,18575.66015625
2011-12-13,11954.9404296875,1225.72998046875,3078.719970703125,7277.6201171875,2579.27001953125,5490.2001953125,8552.8095703125,2248.590087890625,9190.77734375,2355.9599609375,18447.169921875
2011-12-14,11823.48046875,1211.8199462890625,2976.169921875,7184.75,2539.31005859375,5366.7998046875,8519.1298828125,2228.52490234375,9092.927734375,2334.889892578125,18354.4296875
2011-12-15,11868.8095703125,1215.75,2998.72998046875,7217.1201171875,2541.010009765625,5400.89990234375,8377.3701171875,2180.89501953125,8870.990234375,2284.969970703125,18026.83984375
2011-12-16,11866.3896484375,1219.6600341796875,2972.300048828125,7237.66015625,2555.330078125,5387.2998046875,8401.7197265625,2224.840087890625,9081.837890625,2330.840087890625,18285.390625
2011-12-19,11766.259765625,1205.3499755859375,2974.199951171875,7142.4501953125,2523.139892578125,5365.0,8296.1201171875,2218.235107421875,9053.9794921875,2323.919921875,18070.2109375
2011-12-20,12103.580078125,1241.300048828125,3055.389892578125,7360.97021484375,2603.72998046875,5419.60009765625,8336.48046875,2215.929931640625,9031.5693359375,2321.47998046875,18080.19921875
2011-12-21,12107.740234375,1243.719970703125,3030.469970703125,7388.52001953125,2577.969970703125,5389.7001953125,8459.98046875,2191.14794921875,8884.150390625,2295.52001953125,18416.44921875
2011-12-22,12169.650390625,1254.0,3071.800048828125,7460.75,2599.449951171875,5457.0,8395.16015625,2186.2958984375,8909.25,2290.35009765625,18378.23046875
2011-12-23,12294.0,1265.3299560546875,3102.090087890625,7518.66015625,2618.639892578125,5512.7001953125,,2204.783935546875,8976.4189453125,2309.719970703125,18629.169921875
2011-12-26,,,,,,,8479.33984375,2190.110107421875,8876.0908203125,2294.31005859375,
2011-12-27,12291.349609375,1265.4300537109375,3103.110107421875,7508.3701171875,2625.199951171875,,8440.5595703125,2166.205078125,8711.4521484375,2269.3701171875,
2011-12-28,12151.41015625,1249.6400146484375,3071.080078125,7396.990234375,2589.97998046875,5507.39990234375,8423.6201171875,2170.012939453125,8739.6328125,2273.300048828125,18518.669921875
2011-12-29,12287.0400390625,1263.02001953125,3127.56005859375,7485.6298828125,2613.739990234375,5566.7998046875,8398.8896484375,2173.56103515625,8781.22265625,2277.030029296875,18397.919921875
2011-12-30,12217.5595703125,1257.5999755859375,3159.81005859375,7477.02978515625,2605.14990234375,5572.2998046875,8455.349609375,2199.4169921875,8918.720703125,2304.1201171875,18434.390625
2012-01-03,12397.3798828125,1277.06005859375,3245.39990234375,7624.31982421875,2648.719970703125,5699.89990234375,,,,,18877.41015625
2012-01-04,12418.419921875,1277.300048828125,3193.64990234375,7612.14990234375,2648.360107421875,5668.5,8560.1103515625,2169.389892578125,8695.892578125,2272.669921875,18727.310546875
2012-01-05,12415.7001953125,1281.06005859375,3144.909912109375,7599.97021484375,2669.860107421875,5624.2998046875,8488.7099609375,2148.451904296875,8600.1630859375,2250.85009765625,18813.41015625
2012-01-06,12359.919921875,1277.81005859375,3137.360107421875,7557.68017578125,2674.219970703125,5649.7001953125,8390.349609375,2163.39501953125,8634.3232421875,2266.530029296875,18593.060546875
2012-01-09,12392.6904296875,1280.699951171875,3127.68994140625,7584.66015625,2676.56005859375,5612.2998046875,,2225.889892578125,8945.9794921875,2331.889892578125,18865.720703125
2012-01-10,12462.4697265625,1292.0799560546875,3210.7900390625,7668.89990234375,2702.5,5696.7001953125,8422.259765625,2285.743896484375,9281.146484375,2394.60009765625,19004.279296875
2012-01-11,12449.4501953125,1292.47998046875,3204.830078125,7661.97998046875,2710.760009765625,5670.7998046875,8447.8798828125,2276.0458984375,9239.1064453125,2384.43994140625,19151.939453125
2012-01-12,12471.01953125,1295.5,3199.97998046875,7681.259765625,2724.699951171875,5662.39990234375,8385.58984375,2275.010009765625,9200.826171875,2383.409912109375,19095.380859375
2012-01-13,12422.0595703125,1289.0899658203125,3196.489990234375,7632.02978515625,2710.669921875,5636.60009765625,8500.01953125,2244.580078125,9030.4892578125,2351.580078125,19204.419921875
2012-01-16,,,3225.0,,,5657.39990234375,8378.3603515625,2206.193115234375,8827.3701171875,2311.320068359375,19012.19921875
2012-01-17,12482.0703125,1293.6700439453125,3269.989990234375,7670.47021484375,2728.080078125,5694.0,8466.400390625,2298.375,9263.986328125,2407.919921875,19627.75
2012-01-18,12578.9501953125,1308.0400390625,3264.929931640625,7766.9501953125,2769.7099609375,5702.39990234375,8550.580078125,2266.384033203125,9115.1669921875,2374.300048828125,19686.919921875
2012-01-19,12623.98046875,1314.5,3328.93994140625,7819.35986328125,2788.330078125,5741.2001953125,8639.6796875,2296.074951171875,9300.1162109375,2405.5,19942.94921875
2012-01-20,12720.48046875,1315.3800048828125,3321.5,7829.33984375,2786.699951171875,5728.60009765625,8766.3603515625,2319.117919921875,9466.0341796875,2429.699951171875,20110.369140625
2012-01-23,12708.8203125,1316.0,3338.419921875,7855.52001953125,2784.169921875,5782.60009765625,8765.900390625,,,,
2012-01-24,12675.75,1314.6500244140625,3322.64990234375,7840.64990234375,2786.639892578125,5751.89990234375,8785.330078125,,,,
2012-01-25,12758.849609375,1326.06005859375,3312.47998046875,7914.81005859375,2818.31005859375,5723.0,8883.6904296875,,,,
2012-01-26,12734.6298828125,1318.4300537109375,3363.22998046875,7883.89990234375,2805.280029296875,5795.2001953125,8849.4697265625,,,,20439.140625
2012-01-27,12660.4599609375,1316.3299560546875,3318.760009765625,7876.60986328125,2816.550048828125,5733.5,8841.2197265625,,,,20501.669921875
2012-01-30,12653.7197265625,1313.010009765625,3265.639892578125,7834.39990234375,2811.93994140625,5671.10009765625,8793.0498046875,2285.0380859375,9274.74609375,2393.93994140625,20160.41015625
2012-01-31,12632.91015625,1312.4100341796875,3298.550048828125,7838.47998046875,2813.840087890625,5681.60009765625,8802.509765625,2292.610107421875,9303.546875,2401.8701171875,20390.490234375
2012-02-01,12716.4599609375,1324.0899658203125,3367.4599609375,7931.43017578125,2848.27001953125,5790.7001953125,8809.7900390625,2268.080078125,9193.287109375,2376.139892578125,20333.369140625
2012-02-02,12705.41015625,1325.5400390625,3376.659912109375,7945.43017578125,2859.679931640625,5796.10009765625,8876.8203125,2312.555908203125,9382.0244140625,2422.7900390625,20739.44921875
2012-02-03,12862.23046875,1344.9000244140625,3427.919921875,8060.43017578125,2905.659912109375,5901.10009765625,8831.9296875,2330.405029296875,9436.884765625,2441.489990234375,20756.98046875
2012-02-06,12845.1298828125,1344.3299560546875,3405.27001953125,8048.0400390625,2901.989990234375,5892.2001953125,8929.2001953125,2331.135986328125,9448.5341796875,2442.22998046875,20709.939453125
2012-02-07,12878.2001953125,1347.050048828125,3411.5400390625,8069.7001953125,2904.080078125,5890.2998046875,8917.51953125,2291.902099609375,9266.6064453125,2401.030029296875,20699.189453125
2012-02-08,12883.9501953125,1349.9599609375,3410.0,8082.97998046875,2915.860107421875,5875.89990234375,9015.58984375,2347.530029296875,9557.47265625,2459.39990234375,21018.4609375
2012-02-09,12890.4599609375,1351.949951171875,3424.7099609375,8081.25,2927.22998046875,5895.5,9002.240234375,2349.589111328125,9560.623046875,2461.510009765625,21010.009765625
2012-02-10,12801.23046875,1342.6400146484375,3373.139892578125,7992.0498046875,2903.8798828125,5852.39990234375,8947.169921875,2351.98095703125,9590.8427734375,2463.97998046875,20783.859375
2012-02-13,12874.0400390625,1351.77001953125,3384.550048828125,8056.22998046875,2931.389892578125,5905.7001953125,8999.1796875,2351.85400390625,9584.97265625,2463.85009765625,20887.400390625
2012-02-14,12878.2802734375,1350.5,3375.639892578125,8029.60986328125,2931.830078125,5899.89990234375,9052.0703125,2344.77099609375,9543.673828125,2456.389892578125,20917.830078125
2012-02-15,12780.9501953125,1343.22998046875,3390.35009765625,7998.64990234375,2915.830078125,5892.2001953125,9260.33984375,2366.701904296875,9673.33203125,2479.340087890625,21365.23046875
2012-02-16,12904.080078125,1358.0400390625,3393.25,8092.18994140625,2959.85009765625,5885.39990234375,9238.099609375,2356.860107421875,9622.7216796875,2468.989990234375,21277.279296875
2012-02-17,12949.8701171875,1361.22998046875,3439.6201171875,8114.509765625,2951.780029296875,5905.10009765625,9384.169921875,2357.180908203125,9615.2314453125,2469.2900390625,21491.619140625
2012-02-20,,,3472.5400390625,,,5945.2998046875,9485.08984375,2363.596923828125,9616.5419921875,2476.010009765625,21424.7890625
2012-02-21,12965.6904296875,1362.2099609375,3465.239990234375,8115.419921875,2948.570068359375,5928.2001953125,9463.01953125,2381.429931640625,9695.76171875,2494.699951171875,21478.720703125
2012-02-22,12938.669921875,1357.6600341796875,3447.3701171875,8094.39013671875,2933.169921875,5916.60009765625,9554.0,2403.5869140625,9862.4296875,2517.8701171875,21549.279296875
2012-02-23,12984.6904296875,1363.4599609375,3447.31005859375,8136.14990234375,2956.97998046875,5937.89990234375,9595.5703125,2409.553955078125,9918.8291015625,2524.110107421875,21380.990234375
2012-02-24,12982.9501953125,1365.739990234375,3467.030029296875,8151.97021484375,2963.75,5935.10009765625,9647.3798828125,2439.626953125,10124.037109375,2555.5400390625,21406.859375
2012-02-27,12981.509765625,1367.5899658203125,3441.449951171875,8143.56005859375,2966.159912109375,5915.60009765625,9633.9296875,2447.056884765625,10177.2158203125,2563.300048828125,21217.859375
2012-02-28,13005.1201171875,1372.1800537109375,3453.989990234375,8171.5400390625,2986.760009765625,5927.89990234375,9722.51953125,2451.85693359375,10161.74609375,2568.419921875,21568.73046875
2012-02-29,12952.0703125,1365.6800537109375,3452.449951171875,8113.240234375,2966.889892578125,5871.5,9723.240234375,2428.487060546875,10054.7265625,2543.889892578125,21680.080078125
2012-03-01,12980.2998046875,1374.0899658203125,3499.72998046875,8175.10986328125,2988.969970703125,5931.2998046875,9707.3701171875,2426.114990234375,10060.8466796875,2541.419921875,21387.9609375
2012-03-02,12977.5703125,1369.6300048828125,3501.169921875,8125.169921875,2976.18994140625,5911.10009765625,9777.0302734375,2460.693115234375,10299.8251953125,2577.60009765625,21562.259765625
2012-03-05,12962.8095703125,1364.3299560546875,3487.5400390625,8091.27978515625,2950.47998046875,5874.7998046875,9698.58984375,2445.001953125,10226.326171875,2561.090087890625,21265.310546875
2012-03-06,12759.150390625,1343.3599853515625,3362.56005859375,7920.35009765625,2910.320068359375,5765.7998046875,9637.6298828125,2410.445068359375,10093.6962890625,2524.929931640625,20806.25
2012-03-07,12837.330078125,1352.6300048828125,3392.330078125,7979.77978515625,2935.68994140625,5791.39990234375,9576.0595703125,2394.7939453125,10054.7568359375,2508.56005859375,20627.779296875
2012-03-08,12907.9404296875,1365.9100341796875,3478.360107421875,8082.47998046875,2970.419921875,5859.7001953125,9768.9599609375,2420.27587890625,10171.015625,2535.110107421875,20900.73046875
2012-03-09,12922.01953125,1370.8699951171875,3487.47998046875,8102.10009765625,2988.340087890625,5887.5,9929.740234375,2439.4619140625,10334.263671875,2555.179931640625,21086.0
2012-03-12,12959.7099609375,1371.0899658203125,3490.06005859375,8086.27978515625,2983.659912109375,5892.7998046875,9889.8603515625,2434.85791015625,10300.384765625,2550.31005859375,21134.1796875
2012-03-13,13177.6796875,1395.949951171875,3550.159912109375,8234.48046875,3039.8798828125,5955.89990234375,9899.080078125,2455.7939453125,10427.123046875,2572.27001953125,21339.69921875
2012-03-14,13194.099609375,1394.280029296875,3564.510009765625,8185.27001953125,3040.72998046875,5945.39990234375,10050.51953125,2391.22998046875,10094.7763671875,2504.679931640625,21307.890625
2012-03-15,13252.759765625,1402.5999755859375,3580.2099609375,8246.7197265625,3056.3701171875,5940.7001953125,10123.2802734375,2373.77392578125,10086.4462890625,2486.39990234375,21353.529296875
2012-03-16,13232.6201171875,1404.1700439453125,3594.830078125,8270.400390625,3055.260009765625,5965.60009765625,10129.830078125,2404.736083984375,10279.1845703125,2518.780029296875,21317.849609375
2012-03-19,13239.1298828125,1409.75,3577.8798828125,8297.4697265625,3078.320068359375,5961.10009765625,10141.990234375,2410.18408203125,10296.0546875,2524.449951171875,
2012-03-20,13170.1904296875,1405.52001953125,3530.830078125,8241.26953125,3074.14990234375,5891.39990234375,,2376.839111328125,10116.2763671875,2489.570068359375,20888.240234375
2012-03-21,13124.6201171875,1402.8900146484375,3527.3701171875,8219.33984375,3075.320068359375,5892.0,10086.490234375,2378.195068359375,10090.3271484375,2490.949951171875,20856.630859375
2012-03-22,13046.1396484375,1392.780029296875,3472.4599609375,8141.31982421875,3063.320068359375,5845.7001953125,10127.080078125,2375.77197265625,10038.837890625,2488.449951171875,20901.560546875
2012-03-23,13080.73046875,1397.1099853515625,3476.179931640625,8180.0498046875,3067.919921875,5854.89990234375,10011.4697265625,2349.5390625,9885.138671875,2461.110107421875,20668.80078125
2012-03-26,13241.6298828125,1416.510009765625,3501.97998046875,8288.7802734375,3122.570068359375,5902.7001953125,10018.240234375,2350.59912109375,9946.0283203125,2462.2099609375,20668.859375
2012-03-27,13197.73046875,1412.52001953125,3469.590087890625,8239.330078125,3120.35009765625,5869.60009765625,10255.150390625,2347.178955078125,9841.26953125,2458.60009765625,21046.91015625
2012-03-28,13126.2099609375,1405.5400390625,3430.14990234375,8188.35009765625,3104.9599609375,5809.0,10182.5703125,2284.881103515625,9531.0439453125,2393.35009765625,20885.419921875
2012-03-29,13145.8203125,1403.280029296875,3381.1201171875,8166.3701171875,3095.360107421875,5742.0,10114.7900390625,2252.159912109375,9418.125,2358.919921875,20609.390625
2012-03-30,13212.0400390625,1408.469970703125,3423.81005859375,8206.9296875,3091.570068359375,5768.5,10083.5595703125,2262.7880859375,9410.154296875,2370.070068359375,20555.580078125
2012-04-02,13264.490234375,1419.0400390625,3462.909912109375,8281.1201171875,3119.699951171875,5874.89990234375,10109.8701171875,,,,20522.259765625
2012-04-03,13199.5498046875,1413.3800048828125,3406.780029296875,8216.5400390625,3113.570068359375,5838.2998046875,10050.3896484375,,,,20790.98046875
2012-04-04,13074.75,1398.9599609375,3313.469970703125,8106.830078125,3068.090087890625,5703.7998046875,9819.990234375,,,,
2012-04-05,13060.1396484375,1398.0799560546875,3319.81005859375,8081.35009765625,3080.5,5723.7001953125,9767.6103515625,2302.240966796875,9708.921875,2411.340087890625,20593.0
2012-04-06,,,,,,,9688.4501953125,2306.552001953125,9786.0810546875,2415.840087890625,
2012-04-09,12929.58984375,1382.199951171875,,7992.31005859375,3047.080078125,,9546.259765625,2285.777099609375,9710.8017578125,2394.10009765625,
2012-04-10,12715.9296875,1358.5899658203125,3217.60009765625,7841.91015625,2991.219970703125,5595.60009765625,9538.01953125,2305.863037109375,9795.8603515625,2415.14990234375,20356.240234375
2012-04-11,12805.3896484375,1368.7099609375,3237.68994140625,7912.85009765625,3016.4599609375,5634.7001953125,9458.740234375,2308.925048828125,9802.2109375,2418.18994140625,20140.669921875
2012-04-12,12986.580078125,1387.5699462890625,3269.7900390625,8039.9501953125,3055.550048828125,5710.5,9524.7900390625,2350.864013671875,10007.5380859375,2462.239990234375,20327.3203125
2012-04-13,12849.58984375,1370.260009765625,3189.090087890625,7931.08984375,3011.330078125,5651.7998046875,9637.990234375,2359.160888671875,10043.607421875,2470.929931640625,20701.0390625
2012-04-16,12921.41015625,1369.5699462890625,3205.280029296875,7949.56005859375,2988.39990234375,5666.2998046875,9470.6396484375,2357.02587890625,10000.1982421875,2468.760009765625,20610.640625
2012-04-17,13115.5400390625,1390.780029296875,3292.510009765625,8064.0400390625,3042.820068359375,5767.0,9464.7099609375,2334.985107421875,9839.8095703125,2445.699951171875,20562.310546875
2012-04-18,13032.75,1385.1400146484375,3240.2900390625,8030.3701171875,3031.449951171875,5745.2998046875,9667.259765625,2380.847900390625,10069.4169921875,2493.780029296875,20780.73046875
2012-04-19,12964.099609375,1376.9200439453125,3174.02001953125,7995.91015625,3007.56005859375,5744.60009765625,9588.3798828125,2378.634033203125,10015.2978515625,2491.469970703125,20995.009765625
2012-04-20,13029.259765625,1378.530029296875,3188.580078125,8025.43994140625,3000.449951171875,5772.2001953125,9561.3603515625,2406.863037109375,10130.9267578125,2521.110107421875,21010.640625
2012-04-23,12927.169921875,1366.93994140625,3098.3701171875,7940.740234375,2970.449951171875,5665.60009765625,9542.169921875,2388.587890625,10075.9365234375,2501.60009765625,20624.390625
2012-04-24,13001.5595703125,1371.969970703125,3169.320068359375,7988.009765625,2961.60009765625,5709.5,9468.0400390625,2388.833984375,10041.77734375,2501.81005859375,20677.16015625
2012-04-25,13090.7197265625,1390.68994140625,3233.4599609375,8070.7900390625,3029.6298828125,5718.89990234375,9561.009765625,2406.81298828125,10161.8955078125,2520.68994140625,20646.2890625
2012-04-26,13204.6201171875,1399.97998046875,3229.320068359375,8123.06982421875,3050.610107421875,5748.7001953125,9561.830078125,2404.697021484375,10201.5361328125,2518.469970703125,20809.7109375
2012-04-27,13228.3095703125,1403.3599853515625,3266.27001953125,8151.91015625,3069.199951171875,5777.10009765625,9520.8896484375,2396.31591796875,10180.275390625,2509.7099609375,20741.44921875
2012-04-30,13213.6298828125,1397.9100341796875,3212.800048828125,8119.06005859375,3046.360107421875,5737.7998046875,,,,,21094.2109375
2012-05-01,13279.3203125,1405.8199462890625,,8164.0400390625,3050.43994140625,5812.2001953125,9350.9501953125,,,,
2012-05-02,13268.5703125,1402.31005859375,3226.330078125,8124.31982421875,3059.85009765625,5758.10009765625,9380.25,2438.43603515625,10424.8232421875,2553.909912109375,21309.080078125
2012-05-03,13206.58984375,1391.5699462890625,3223.360107421875,8049.89013671875,3024.300048828125,5766.60009765625,,2440.080078125,10468.2626953125,2555.68994140625,21249.529296875
2012-05-04,13038.26953125,1369.0999755859375,3161.969970703125,7933.2900390625,2956.340087890625,5655.10009765625,,2452.013916015625,10573.48046875,2568.169921875,21086.0
2012-05-07,13008.5302734375,1369.5799560546875,3214.219970703125,7948.77001953125,2957.760009765625,,9119.1396484375,2451.947021484375,10612.7705078125,2568.1201171875,20536.650390625
2012-05-08,12932.08984375,1363.719970703125,3124.800048828125,7887.259765625,2946.27001953125,5554.60009765625,9181.650390625,2448.884033203125,10524.5625,2564.81005859375,20484.75
2012-05-09,12835.0595703125,1354.5799560546875,3118.64990234375,7820.25,2934.7099609375,5530.10009765625,9045.0595703125,2408.5859375,10294.46484375,2522.590087890625,20330.640625
2012-05-10,12855.0400390625,1357.989990234375,3130.169921875,7852.75,2933.639892578125,5544.0,9009.650390625,2410.22900390625,10277.5048828125,2524.43994140625,20227.279296875
2012-05-11,12820.599609375,1353.3900146484375,3129.77001953125,7815.8798828125,2933.820068359375,5575.5,8953.3095703125,2394.98193359375,10211.2958984375,2508.429931640625,19964.630859375
2012-05-14,12695.349609375,1338.3499755859375,3057.989990234375,7705.43994140625,2902.580078125,5465.5,8973.83984375,2380.72509765625,10093.2666015625,2493.39990234375,19735.0390625
2012-05-15,12632.0,1330.6600341796875,3039.27001953125,7635.81005859375,2893.760009765625,5437.60009765625,8900.740234375,2374.843017578125,10131.6962890625,2487.280029296875,19894.310546875
2012-05-16,12598.5498046875,1324.800048828125,3048.669921875,7592.81982421875,2874.0400390625,5405.2998046875,8801.169921875,2346.19189453125,9916.3583984375,2457.330078125,19259.830078125
2012-05-17,12442.490234375,1304.8599853515625,3011.989990234375,7480.419921875,2813.68994140625,5338.39990234375,8876.58984375,2378.885986328125,10079.3671875,2491.5400390625,19200.9296875
2012-05-18,12369.3798828125,1295.219970703125,3008.0,7427.740234375,2778.7900390625,5267.60009765625,8611.3095703125,2344.52099609375,9902.978515625,2455.6201171875,18951.849609375
2012-05-21,12504.48046875,1315.989990234375,3027.14990234375,7542.97998046875,2847.2099609375,5304.5,8633.8896484375,2348.300048828125,9977.4482421875,2459.659912109375,18922.3203125
2012-05-22,12502.8095703125,1316.6300048828125,3084.090087890625,7542.580078125,2839.080078125,5403.2998046875,8729.2900390625,2373.305908203125,10180.1552734375,2485.820068359375,19039.150390625
2012-05-23,12496.150390625,1318.8599853515625,3003.27001953125,7540.89990234375,2850.1201171875,5266.39990234375,8556.599609375,2363.43701171875,10143.0859375,2475.5,18786.189453125
2012-05-24,12529.75,1320.6800537109375,3038.25,7552.33984375,2839.3798828125,5350.10009765625,8563.3798828125,2350.972900390625,9984.46875,2462.429931640625,18666.400390625
2012-05-25,12454.830078125,1317.8199462890625,3047.93994140625,7534.330078125,2837.530029296875,5351.5,8580.3896484375,2333.552978515625,9884.8486328125,2444.219970703125,18713.41015625
2012-05-28,,,3042.969970703125,,,,8593.150390625,2361.366943359375,10103.986328125,2473.7099609375,18800.990234375
2012-05-29,12580.6904296875,1332.4200439453125,3084.699951171875,7615.02978515625,2870.989990234375,5391.10009765625,8657.080078125,2389.635986328125,10214.6259765625,2503.219970703125,19055.4609375
2012-05-30,12419.8603515625,1313.3199462890625,3015.580078125,7471.39990234375,2837.360107421875,5297.2998046875,8633.1904296875,2384.66796875,10162.2255859375,2498.050048828125,18690.220703125
2012-05-31,12393.4501953125,1310.3299560546875,3017.010009765625,7463.9599609375,2827.340087890625,5320.89990234375,8542.73046875,2372.23388671875,10141.2958984375,2484.909912109375,18629.51953125
2012-06-01,12118.5703125,1278.0400390625,2950.469970703125,7292.22998046875,2747.47998046875,5260.2001953125,8440.25,2373.43603515625,10145.685546875,2486.18994140625,18558.33984375
2012-06-04,12101.4599609375,1278.1800537109375,2954.489990234375,7285.52978515625,2760.010009765625,,8295.6298828125,2308.550048828125,9874.408203125,2418.22998046875,18185.58984375
2012-06-05,12127.9501953125,1285.5,2986.10009765625,7338.6201171875,2778.110107421875,,8382.0,2311.916015625,9847.009765625,2421.780029296875,18259.029296875
2012-06-06,12414.7900390625,1315.1300048828125,3058.43994140625,7517.4599609375,2844.719970703125,5384.10009765625,8533.5302734375,2309.554931640625,9812.8701171875,2419.340087890625,18520.529296875
2012-06-07,12460.9599609375,1314.989990234375,3071.159912109375,7519.830078125,2831.02001953125,5447.7998046875,8639.7197265625,2293.1298828125,9755.5302734375,2402.050048828125,18678.2890625
2012-06-08,12554.2001953125,1325.6600341796875,3051.68994140625,7553.77001953125,2858.419921875,5435.10009765625,8459.259765625,2281.447021484375,9707.0712890625,2389.7900390625,18502.33984375
2012-06-11,12411.23046875,1308.9300537109375,3042.760009765625,7459.2900390625,2809.72998046875,5432.39990234375,8624.900390625,2305.85595703125,9849.6591796875,2415.39990234375,18953.630859375
2012-06-12,12573.7998046875,1324.1800537109375,3046.909912109375,7557.81982421875,2843.070068359375,5473.7001953125,8536.7197265625,2289.791015625,9790.0908203125,2398.39990234375,18872.560546875
2012-06-13,12496.3798828125,1314.8800048828125,3030.0400390625,7506.419921875,2818.610107421875,5483.7998046875,8587.83984375,2318.924072265625,9949.9384765625,2428.85009765625,19026.51953125
2012-06-14,12651.91015625,1329.0999755859375,3032.449951171875,7582.81982421875,2836.330078125,5467.10009765625,8568.8896484375,2295.946044921875,9885.1787109375,2404.7099609375,18808.400390625
2012-06-15,12767.169921875,1342.8399658203125,3087.6201171875,7664.259765625,2872.800048828125,5478.7998046875,8569.3203125,2306.85009765625,9885.5390625,2416.02001953125,19233.939453125
2012-06-18,12741.8203125,1344.780029296875,3066.18994140625,7662.2900390625,2895.330078125,5491.10009765625,8721.01953125,2316.052001953125,9978.9482421875,2425.389892578125,19427.810546875
2012-06-19,12837.330078125,1357.97998046875,3117.919921875,7766.259765625,2929.760009765625,5586.2998046875,8655.8701171875,2300.794921875,9848.0498046875,2409.429931640625,19416.669921875
2012-06-20,12824.3896484375,1355.68994140625,3126.52001953125,7757.919921875,2930.449951171875,5622.2998046875,8752.3095703125,2292.876953125,9821.6796875,2401.080078125,19518.849609375
2012-06-21,12573.5703125,1325.510009765625,3114.219970703125,7566.10986328125,2859.090087890625,5566.39990234375,8824.0703125,2260.876953125,9682.58203125,2367.530029296875,19265.0703125
2012-06-22,12640.7802734375,1335.02001953125,3090.89990234375,7616.58984375,2892.419921875,5513.7001953125,8798.349609375,,,,18995.130859375
2012-06-25,12502.66015625,1313.719970703125,3021.639892578125,7491.8701171875,2836.159912109375,5450.7001953125,8734.6201171875,2224.114013671875,9414.1044921875,2328.989990234375,18897.44921875
2012-06-26,12534.669921875,1319.989990234375,3012.7099609375,7527.080078125,2854.06005859375,5447.0,8663.990234375,2222.06689453125,9446.484375,2326.840087890625,18981.83984375
2012-06-27,12627.009765625,1331.8499755859375,3063.1201171875,7598.0498046875,2875.320068359375,5523.89990234375,8730.490234375,2216.93408203125,9416.39453125,2321.4599609375,19176.94921875
2012-06-28,12602.259765625,1329.0400390625,3051.679931640625,7597.5,2849.489990234375,5493.10009765625,8874.1103515625,2195.843017578125,9383.1640625,2299.389892578125,19025.26953125
2012-06-29,12880.08984375,1362.1600341796875,3196.64990234375,7801.83984375,2935.050048828125,5571.2001953125,9006.7802734375,2225.429931640625,9500.2138671875,2330.5,19441.4609375
2012-07-02,12871.3896484375,1365.510009765625,3240.199951171875,7832.14990234375,2951.22998046875,5640.60009765625,9003.48046875,2226.110107421875,9566.3427734375,2331.179931640625,
2012-07-03,12943.66015625,1374.02001953125,3271.199951171875,7901.669921875,2976.080078125,5687.7001953125,9066.58984375,2229.19189453125,9607.2216796875,2334.5,19735.529296875
2012-07-04,,,3267.75,,,5684.5,9104.169921875,2227.31494140625,9569.052734375,2332.47998046875,19709.75
2012-07-05,12896.669921875,1367.5799560546875,3229.360107421875,7837.77001953125,2976.1201171875,5692.60009765625,9079.7998046875,2201.35302734375,9412.5341796875,2305.330078125,19809.130859375
2012-07-06,12772.4697265625,1354.6800537109375,3168.7900390625,7756.60986328125,2937.330078125,5662.60009765625,9020.75,2223.5791015625,9690.0517578125,2328.6298828125,19800.640625
2012-07-09,12736.2900390625,1352.4599609375,3156.800048828125,7736.39990234375,2931.77001953125,5627.2998046875,8896.8798828125,2170.81396484375,9496.5732421875,2273.320068359375,19428.08984375
2012-07-10,12653.1201171875,1341.469970703125,3175.409912109375,7667.56982421875,2902.330078125,5664.10009765625,8857.73046875,2164.43798828125,9476.61328125,2266.570068359375,19396.359375
2012-07-11,12604.5302734375,1341.449951171875,3157.25,7685.31982421875,2887.97998046875,5664.5,8851.0,2175.383056640625,9588.1826171875,2278.010009765625,19419.869140625
2012-07-12,12573.26953125,1334.760009765625,3135.179931640625,7638.64990234375,2866.18994140625,5608.2998046875,8720.009765625,2185.490966796875,9753.380859375,2288.64990234375,19025.109375
2012-07-13,12777.08984375,1356.780029296875,3180.81005859375,7758.2998046875,2908.469970703125,5666.10009765625,8724.1201171875,2185.89501953125,9792.380859375,2289.110107421875,19092.630859375
2012-07-16,12727.2099609375,1353.6400146484375,3179.89990234375,7743.02001953125,2896.93994140625,5662.39990234375,,2147.955078125,9540.783203125,2249.3701171875,19121.33984375
2012-07-17,12805.5400390625,1363.6700439453125,3176.969970703125,7794.77001953125,2910.0400390625,5629.10009765625,8755.0,2161.18603515625,9559.9228515625,2263.22998046875,19455.330078125
2012-07-18,12908.7001953125,1372.780029296875,3235.39990234375,7831.08984375,2942.60009765625,5685.7998046875,8726.740234375,2169.09912109375,9514.0634765625,2271.5400390625,19239.880859375
2012-07-19,12943.3603515625,1376.510009765625,3263.639892578125,7849.75,2965.89990234375,5714.2001953125,8795.5498046875,2184.841064453125,9509.3837890625,2288.0,19559.05078125
2012-07-20,12822.5703125,1362.6600341796875,3193.889892578125,7759.58984375,2925.300048828125,5651.7998046875,8669.8701171875,2168.637939453125,9333.10546875,2270.989990234375,19640.80078125
2012-07-23,12721.4599609375,1350.52001953125,3101.530029296875,7670.5400390625,2890.14990234375,5533.89990234375,8508.3203125,2141.402099609375,9185.9169921875,2242.419921875,19053.470703125
2012-07-24,12617.3203125,1338.31005859375,3074.679931640625,7590.60986328125,2862.989990234375,5499.2001953125,8488.08984375,2146.587890625,9262.666015625,2247.8701171875,18903.19921875
2012-07-25,12676.0498046875,1337.8900146484375,3081.739990234375,7607.56982421875,2854.239990234375,5498.2998046875,8365.900390625,2136.15087890625,9155.2373046875,2237.39990234375,18877.330078125
2012-07-26,12887.9296875,1360.02001953125,3207.1201171875,7754.509765625,2893.25,5573.2001953125,8443.099609375,2126.00390625,9081.7978515625,2226.739990234375,18892.7890625
2012-07-27,13075.66015625,1385.969970703125,3280.18994140625,7912.16015625,2958.090087890625,5627.2001953125,8566.6396484375,2128.764892578125,9087.02734375,2229.64990234375,19274.9609375
2012-07-30,13073.009765625,1385.300048828125,3320.7099609375,7911.0400390625,2945.840087890625,5693.60009765625,8635.4404296875,2109.9140625,9070.95703125,2210.39990234375,19585.400390625
2012-07-31,13008.6796875,1379.3199462890625,3291.659912109375,7863.93017578125,2939.52001953125,5635.2998046875,8695.0595703125,2103.635009765625,9059.119140625,2203.889892578125,19796.810546875
2012-08-01,12976.1298828125,1375.3199462890625,3321.56005859375,7841.330078125,2920.2099609375,5712.7998046875,8641.849609375,2123.360107421875,9165.8671875,2224.43994140625,19820.380859375
2012-08-02,12878.8798828125,1365.0,3232.4599609375,7765.60009765625,2909.77001953125,5662.2998046875,8653.1796875,2111.181884765625,8995.51953125,2211.7099609375,19690.19921875
2012-08-03,13096.169921875,1390.989990234375,3374.18994140625,7939.5498046875,2967.89990234375,5787.2998046875,8555.1103515625,2132.7958984375,9076.517578125,2234.14990234375,19666.1796875
2012-08-06,13117.509765625,1394.22998046875,3401.56005859375,7964.08984375,2989.909912109375,5808.7998046875,8726.2900390625,2154.916015625,9212.1064453125,2257.169921875,19998.720703125
2012-08-07,13168.599609375,1401.3499755859375,3453.280029296875,8017.7099609375,3015.860107421875,5841.2001953125,8803.3095703125,2157.6201171875,9229.166015625,2260.0400390625,20072.55078125
2012-08-08,13175.6396484375,1402.219970703125,3438.260009765625,8018.240234375,3011.25,5845.89990234375,8881.16015625,2160.989990234375,9210.56640625,2263.60009765625,20065.51953125
2012-08-09,13165.1904296875,1402.800048828125,3456.7099609375,8025.0,3018.639892578125,5851.5,8978.599609375,2174.10205078125,9337.4345703125,2277.330078125,20269.470703125
2012-08-10,13207.9501953125,1405.8699951171875,3435.6201171875,8044.759765625,3020.860107421875,5847.10009765625,8891.4404296875,2168.81396484375,9238.0966796875,2271.780029296875,20136.119140625
2012-08-13,13169.4296875,1404.1099853515625,3426.409912109375,8018.64013671875,3022.52001953125,5831.89990234375,8885.150390625,2136.077880859375,9039.119140625,2237.60009765625,20081.359375
2012-08-14,13172.1396484375,1403.9300537109375,3450.27001953125,8019.52978515625,3016.97998046875,5864.7998046875,8929.8798828125,2142.52392578125,9089.517578125,2244.219970703125,20291.6796875
2012-08-15,13164.7802734375,1405.530029296875,3449.199951171875,8029.009765625,3030.929931640625,5833.0,8925.0400390625,2118.945068359375,9048.509765625,2219.43994140625,20052.2890625
2012-08-16,13250.1103515625,1415.510009765625,3480.489990234375,8089.990234375,3062.389892578125,5834.5,9092.759765625,2112.197021484375,8973.279296875,2212.3798828125,19962.94921875
2012-08-17,13275.2001953125,1418.1600341796875,3488.3798828125,8102.06982421875,3076.590087890625,5852.39990234375,9162.5,2114.89111328125,8883.5107421875,2215.18994140625,20116.0703125
2012-08-20,13271.6396484375,1418.1300048828125,3480.580078125,8094.330078125,3076.2099609375,5824.39990234375,9171.16015625,2106.95703125,8838.5302734375,2206.81005859375,20104.26953125
2012-08-21,13203.580078125,1413.1700439453125,3513.280029296875,8082.68017578125,3067.260009765625,5857.5,9156.919921875,2118.26806640625,8849.390625,2218.610107421875,20100.08984375
2012-08-22,13172.759765625,1413.489990234375,3461.64990234375,8074.2001953125,3073.669921875,5774.2001953125,9131.740234375,2107.7109375,8725.921875,2207.550048828125,19887.779296875
2012-08-23,13057.4599609375,1402.0799560546875,3432.56005859375,8011.43994140625,3053.39990234375,5776.60009765625,9178.1201171875,2113.072021484375,8730.4521484375,2213.090087890625,20132.240234375
2012-08-24,13157.9697265625,1411.1300048828125,3433.2099609375,8047.8701171875,3069.7900390625,5776.60009765625,9070.759765625,2092.10400390625,8579.18359375,2191.14990234375,19880.029296875
2012-08-27,13124.669921875,1410.43994140625,3462.830078125,8036.240234375,3073.18994140625,,9085.3896484375,2055.7080078125,8402.0556640625,2153.010009765625,19798.669921875
2012-08-28,13102.990234375,1409.300048828125,3431.550048828125,8033.85009765625,3077.139892578125,5775.7001953125,9033.2900390625,2073.154052734375,8400.265625,2171.239990234375,19811.80078125
2012-08-29,13107.48046875,1410.489990234375,3413.889892578125,8031.64990234375,3081.18994140625,5743.5,9069.8095703125,2053.235107421875,8270.8173828125,2150.320068359375,19788.509765625
2012-08-30,13000.7099609375,1399.47998046875,3379.110107421875,7966.22998046875,3048.7099609375,5719.5,8983.7802734375,2052.5849609375,8219.98828125,2149.669921875,19552.91015625
2012-08-31,13090.83984375,1406.5799560546875,3413.070068359375,8014.93017578125,3066.9599609375,5711.5,8839.91015625,2047.52197265625,8210.8984375,2144.300048828125,19482.5703125
2012-09-03,,,3453.7099609375,,,5758.39990234375,8783.8896484375,2059.14697265625,8361.576171875,2156.43994140625,19559.2109375
2012-09-04,13035.9404296875,1404.93994140625,3399.0400390625,8002.31005859375,3075.06005859375,5672.0,8775.509765625,2043.6490478515625,8243.73828125,2140.179931640625,19429.91015625
2012-09-05,13047.48046875,1403.43994140625,3405.7900390625,7992.009765625,3069.27001953125,5657.89990234375,8679.8203125,2037.6810302734375,8242.498046875,2133.929931640625,19145.0703125
2012-09-06,13292.0,1432.1199951171875,3509.8798828125,8160.56005859375,3135.81005859375,5777.2998046875,8680.5703125,2051.91796875,8288.1767578125,2148.85009765625,19209.30078125
2012-09-07,13306.6396484375,1437.9200439453125,3519.050048828125,8234.509765625,3136.419921875,5794.7998046875,8871.650390625,2127.761962890625,8708.97265625,2228.300048828125,19802.16015625
2012-09-10,13254.2900390625,1429.0799560546875,3506.050048828125,8192.3896484375,3104.02001953125,5793.2001953125,8869.3701171875,2134.89306640625,8769.4423828125,2235.760009765625,19827.169921875
2012-09-11,13323.3603515625,1433.56005859375,3537.300048828125,8246.1396484375,3104.530029296875,5792.2001953125,8807.3798828125,2120.553955078125,8739.3720703125,2220.719970703125,19857.880859375
2012-09-12,13333.349609375,1436.56005859375,3543.7900390625,8267.3095703125,3114.31005859375,5782.10009765625,8959.9599609375,2126.553955078125,8786.6328125,2226.969970703125,20075.390625
2012-09-13,13539.8603515625,1459.989990234375,3502.090087890625,8407.0302734375,3155.830078125,5819.89990234375,8995.150390625,2110.37890625,8690.90234375,2210.010009765625,20047.630859375
2012-09-14,13593.3701171875,1465.77001953125,3581.580078125,8458.8701171875,3183.949951171875,5915.60009765625,9159.3896484375,2123.846923828125,8739.9521484375,2224.14990234375,20629.779296875
2012-09-17,13553.099609375,1461.18994140625,3553.68994140625,8408.9599609375,3178.669921875,5893.5,,2078.5,8483.595703125,2176.699951171875,20658.109375
2012-09-18,13564.6396484375,1459.3199462890625,3512.68994140625,8387.4296875,3177.800048828125,5868.2001953125,9123.76953125,2059.54296875,8390.056640625,2156.81005859375,20601.9296875
2012-09-19,13577.9599609375,1461.050048828125,3531.820068359375,8400.48046875,3182.6201171875,5888.5,9232.2099609375,2067.8310546875,8431.6455078125,2165.429931640625,20841.91015625
2012-09-20,13596.9296875,1460.260009765625,3509.919921875,8372.91015625,3175.9599609375,5854.60009765625,9086.98046875,2024.8370361328125,8202.1083984375,2120.360107421875,20590.919921875
2012-09-21,13579.4697265625,1460.1500244140625,3530.719970703125,8377.509765625,3179.9599609375,5852.60009765625,9110.0,2026.68994140625,8201.4384765625,2122.300048828125,20734.939453125
2012-09-24,13558.919921875,1456.8900146484375,3497.219970703125,8356.5595703125,3160.780029296875,5838.7998046875,9069.2900390625,2033.1920166015625,8310.84765625,2129.090087890625,20694.69921875
2012-09-25,13457.5498046875,1441.5899658203125,3513.81005859375,8274.7802734375,3117.72998046875,5859.7001953125,9091.5400390625,2029.29296875,8284.1572265625,2125.010009765625,20698.6796875
2012-09-26,13413.509765625,1433.3199462890625,3414.840087890625,8221.3203125,3093.699951171875,5768.10009765625,8906.7001953125,2004.1719970703125,8193.2783203125,2098.739990234375,20527.73046875
2012-09-27,13485.9697265625,1447.1500244140625,3439.320068359375,8303.740234375,3136.60009765625,5779.39990234375,8949.8701171875,2056.322998046875,8486.1748046875,2153.39990234375,20762.2890625
2012-09-28,13437.1298828125,1440.6700439453125,3354.820068359375,8251.0,3116.22998046875,5742.10009765625,8870.16015625,2086.1689453125,8679.1220703125,2184.7099609375,20840.380859375
2012-10-01,13515.1103515625,1444.489990234375,3434.97998046875,8284.3603515625,3113.530029296875,5820.5,8796.509765625,,,,
2012-10-02,13482.3603515625,1445.75,3414.22998046875,8295.1103515625,3120.0400390625,5809.5,8786.0498046875,,,,
2012-10-03,13494.6103515625,1450.989990234375,3406.02001953125,8297.5,3135.22998046875,5825.7998046875,8746.8701171875,,,,20888.279296875
2012-10-04,13575.3603515625,1461.4000244140625,3401.199951171875,8376.330078125,3149.4599609375,5827.7998046875,8824.58984375,,,,20907.94921875
2012-10-05,13610.150390625,1460.9300537109375,3457.0400390625,8384.0703125,3136.18994140625,5871.0,8863.2998046875,,,,21012.380859375
2012-10-08,13583.650390625,1455.8800048828125,3406.530029296875,8359.1103515625,3112.35009765625,5841.7001953125,,2074.4189453125,8539.984375,2172.389892578125,20824.560546875
2012-10-09,13473.5302734375,1441.47998046875,3382.780029296875,8279.1103515625,3065.02001953125,5810.2998046875,8769.58984375,2115.22900390625,8743.7626953125,2215.18994140625,20937.279296875
2012-10-10,13344.9697265625,1432.56005859375,3365.8701171875,8229.169921875,3051.780029296875,5776.7001953125,8596.23046875,2119.94189453125,8773.58203125,2220.14990234375,20919.599609375
2012-10-11,13326.3896484375,1432.8399658203125,3413.719970703125,8256.58984375,3049.409912109375,5829.7998046875,8546.7802734375,2102.867919921875,8664.9921875,2202.25,20999.05078125
2012-10-12,13328.849609375,1428.5899658203125,3389.080078125,8227.080078125,3044.110107421875,5793.2998046875,8534.1201171875,2104.931884765625,8650.09375,2204.39990234375,21136.4296875
2012-10-15,13424.23046875,1440.1300048828125,3420.280029296875,8293.5,3064.179931640625,5805.60009765625,8577.9296875,2098.702880859375,8621.873046875,2197.89990234375,21148.25
2012-10-16,13551.7802734375,1454.9200439453125,3500.93994140625,8386.4697265625,3101.169921875,5870.5,8701.3095703125,2098.80810546875,8645.443359375,2197.97998046875,21207.0703125
2012-10-17,13557.0,1460.9100341796875,3527.5,8446.509765625,3104.1201171875,5910.89990234375,8806.5498046875,2105.617919921875,8641.0830078125,2205.139892578125,21416.640625
2012-10-18,13548.9404296875,1457.3399658203125,3535.179931640625,8442.8203125,3072.8701171875,5917.10009765625,8982.8603515625,2131.68798828125,8798.1015625,2232.47998046875,21518.7109375
2012-10-19,13343.509765625,1433.18994140625,3504.56005859375,8324.1396484375,3005.6201171875,5896.2001953125,9002.6796875,2128.302001953125,8796.3212890625,2228.93994140625,21551.759765625
2012-10-22,13345.8896484375,1433.8199462890625,3483.25,8329.1796875,3016.9599609375,5882.89990234375,9010.7099609375,2132.758056640625,8829.3408203125,2233.570068359375,21697.55078125
2012-10-23,13102.5302734375,1413.1099853515625,3406.5,8195.3095703125,2990.4599609375,5797.89990234375,9014.25,2114.447021484375,8686.3828125,2214.35009765625,
2012-10-24,13077.33984375,1408.75,3426.489990234375,8179.259765625,2981.699951171875,5804.7998046875,8954.2998046875,2115.989990234375,8653.8134765625,2215.97998046875,21763.779296875
2012-10-25,13103.6796875,1412.969970703125,3411.530029296875,8211.91015625,2986.1201171875,5805.10009765625,9055.2001953125,2101.580078125,8602.712890625,2200.81005859375,21810.23046875
2012-10-26,13107.2099609375,1411.93994140625,3435.090087890625,8190.2001953125,2987.949951171875,5806.7001953125,8933.0595703125,2066.208984375,8414.7548828125,2163.719970703125,21545.5703125
2012-10-29,,,3408.889892578125,,,5795.10009765625,8929.33984375,2058.943115234375,8376.4658203125,2156.090087890625,21511.05078125
2012-10-30,,,3459.43994140625,,,5849.89990234375,8841.98046875,2062.346923828125,8394.1455078125,2159.669921875,21428.580078125
2012-10-31,13096.4599609375,1412.1600341796875,3429.27001953125,8221.400390625,2977.22998046875,5782.7001953125,8928.2900390625,2068.8798828125,8469.705078125,2166.489990234375,21641.8203125
2012-11-01,13232.6201171875,1427.5899658203125,3475.39990234375,8311.3603515625,3020.06005859375,5861.89990234375,8946.8701171875,2104.427001953125,8663.052734375,2203.739990234375,21821.869140625
2012-11-02,13093.16015625,1414.199951171875,3492.4599609375,8234.91015625,2982.1298828125,5868.60009765625,9051.2197265625,2117.0458984375,8679.5927734375,2217.010009765625,22111.330078125
2012-11-05,13112.4404296875,1417.260009765625,3448.5,8240.25,2999.659912109375,5839.10009765625,9007.4404296875,2114.027099609375,8654.6435546875,2213.840087890625,22006.400390625
2012-11-06,13245.6796875,1428.3900146484375,3478.659912109375,8312.349609375,3011.929931640625,5884.89990234375,8975.150390625,2105.9990234375,8589.7734375,2205.429931640625,21944.4296875
2012-11-07,12932.73046875,1394.530029296875,3409.590087890625,8138.7998046875,2937.2900390625,5791.60009765625,8972.8896484375,2105.72998046875,8561.1044921875,2205.169921875,22099.849609375
2012-11-08,12811.3203125,1377.510009765625,3407.679931640625,8050.830078125,2895.580078125,5776.10009765625,8837.150390625,2071.509033203125,8399.28515625,2169.22998046875,21566.91015625
2012-11-09,12815.3896484375,1379.8499755859375,3423.570068359375,8053.56005859375,2904.8701171875,5769.7001953125,8757.599609375,2069.06689453125,8356.576171875,2166.639892578125,21384.380859375
2012-11-12,12815.080078125,1380.030029296875,3411.64990234375,8054.0400390625,2904.25,5767.2998046875,8676.4404296875,2079.27294921875,8391.806640625,2177.3798828125,21430.30078125
2012-11-13,12756.1796875,1374.530029296875,3430.60009765625,8023.22998046875,2883.889892578125,5786.2998046875,8661.0498046875,2047.8890380859375,8234.5078125,2144.469970703125,21188.650390625
2012-11-14,12570.9501953125,1355.489990234375,3400.02001953125,7903.419921875,2846.81005859375,5722.0,8664.73046875,2055.4189453125,8283.466796875,2152.3701171875,21441.990234375
2012-11-15,12542.3798828125,1353.3299560546875,3382.39990234375,7896.8798828125,2836.93994140625,5677.7998046875,8829.7197265625,2030.2900390625,8185.96826171875,2125.989990234375,21108.9296875
2012-11-16,12588.3095703125,1359.8800048828125,3341.52001953125,7931.5498046875,2853.1298828125,5605.60009765625,9024.16015625,2014.7249755859375,8118.05908203125,2109.68994140625,21159.009765625
2012-11-19,12795.9599609375,1386.8900146484375,3439.580078125,8080.2900390625,2916.070068359375,5737.7001953125,9153.2001953125,2016.9820556640625,8060.44970703125,2112.02001953125,21262.060546875
2012-11-20,12788.509765625,1387.81005859375,3462.06005859375,8086.41015625,2916.679931640625,5748.10009765625,9142.6396484375,2008.9229736328125,8052.69970703125,2103.5400390625,21228.279296875
2012-11-21,12836.8896484375,1391.030029296875,3477.360107421875,8112.18017578125,2926.550048828125,5752.0,9222.51953125,2030.3189697265625,8150.74853515625,2125.9599609375,21524.359375
2012-11-22,,,3498.219970703125,,,5791.0,9366.7998046875,2015.6109619140625,8047.4296875,2110.5400390625,21743.19921875
2012-11-23,13009.5302734375,1409.1500244140625,3528.800048828125,8225.509765625,2966.85009765625,5819.10009765625,,2027.384033203125,8114.6494140625,2122.919921875,21913.98046875
2012-11-26,12967.3701171875,1406.2900390625,3500.93994140625,8197.5703125,2976.780029296875,5786.7001953125,9388.9404296875,2017.4639892578125,8015.97998046875,2112.52001953125,21861.810546875
2012-11-27,12878.1298828125,1398.93994140625,3502.1298828125,8150.77001953125,2967.7900390625,5799.7001953125,9423.2998046875,1991.1650390625,7936.6513671875,2084.97998046875,21844.029296875
2012-11-28,12985.1103515625,1409.9300537109375,3515.18994140625,8207.3603515625,2991.780029296875,5803.2998046875,9308.349609375,1973.52294921875,7853.97216796875,2066.510009765625,21708.98046875
2012-11-29,13021.8203125,1415.949951171875,3568.8798828125,8256.0703125,3012.030029296875,5870.2998046875,9400.8798828125,1963.488037109375,7808.87255859375,2055.989990234375,21922.890625
2012-11-30,13025.580078125,1416.1800537109375,3557.280029296875,8260.4296875,3010.239990234375,5866.7998046875,9446.009765625,1980.116943359375,7903.1611328125,2073.239990234375,22030.390625
2012-12-03,12965.599609375,1409.4599609375,3566.590087890625,8223.5400390625,3002.199951171875,5871.2001953125,9458.1796875,1959.7669677734375,7710.79345703125,2051.9599609375,21767.849609375
2012-12-04,12951.7802734375,1407.050048828125,3580.47998046875,8223.8701171875,2996.68994140625,5869.0,9432.4599609375,1975.1429443359375,7801.66259765625,2068.080078125,21799.970703125
2012-12-05,13034.490234375,1409.280029296875,3590.5,8264.7998046875,2973.699951171875,5892.10009765625,9468.83984375,2031.906982421875,8091.58935546875,2127.570068359375,22270.91015625
2012-12-06,13074.0400390625,1413.93994140625,3601.64990234375,8280.9296875,2989.27001953125,5901.39990234375,9545.16015625,2029.237060546875,8071.39990234375,2124.780029296875,22249.810546875
2012-12-07,13155.1298828125,1418.0699462890625,3605.610107421875,8314.2998046875,2978.0400390625,5914.39990234375,9527.3896484375,2061.785888671875,8189.58837890625,2158.909912109375,22191.169921875
2012-12-10,13169.8798828125,1418.550048828125,3612.10009765625,8322.6796875,2986.9599609375,5921.60009765625,9533.75,2083.77001953125,8265.697265625,2181.97998046875,22276.720703125
2012-12-11,13248.4404296875,1427.8399658203125,3646.14990234375,8366.4697265625,3022.300048828125,5925.0,9525.3203125,2074.7041015625,8220.4482421875,2172.47998046875,22323.939453125
2012-12-12,13245.4501953125,1428.47998046875,3646.659912109375,8380.8798828125,3013.81005859375,5945.89990234375,9581.4599609375,2082.72607421875,8245.9677734375,2180.919921875,22503.349609375
2012-12-13,13170.7197265625,1419.449951171875,3643.1298828125,8338.3203125,2992.159912109375,5929.60009765625,9742.73046875,2061.47607421875,8171.25830078125,2158.570068359375,22445.580078125
2012-12-14,13135.009765625,1413.5799560546875,3643.280029296875,8333.75,2971.330078125,5921.7998046875,9737.5595703125,2150.625,8530.8046875,2252.1298828125,22605.98046875
2012-12-17,13235.3896484375,1430.3599853515625,3638.10009765625,8407.009765625,3010.60009765625,5912.2001953125,9828.8798828125,2160.342041015625,8600.2333984375,2262.300048828125,22513.609375
2012-12-18,13350.9599609375,1446.7900390625,3648.6298828125,8499.349609375,3054.530029296875,5935.89990234375,9923.009765625,2162.464111328125,8592.533203125,2264.5,22494.73046875
2012-12-19,13251.9697265625,1435.81005859375,3664.590087890625,8463.8203125,3044.360107421875,5961.60009765625,10160.400390625,2162.239013671875,8639.462890625,2264.25,22623.369140625
2012-12-20,13311.7197265625,1443.68994140625,3666.72998046875,8516.4296875,3050.389892578125,5958.2998046875,10039.330078125,2168.35302734375,8693.1328125,2270.669921875,22659.779296875
2012-12-21,13190.83984375,1430.1500244140625,3661.39990234375,8443.150390625,3021.010009765625,5940.0,9940.0595703125,2153.31005859375,8658.2529296875,2254.830078125,22506.2890625
2012-12-24,13138.9296875,1426.6600341796875,,8420.5498046875,3012.60009765625,5954.2001953125,,2159.052978515625,8631.2734375,2260.840087890625,22541.1796875
2012-12-25,,,,,,,10080.1201171875,2213.611083984375,8891.470703125,2318.10009765625,
2012-12-26,13114.58984375,1419.8299560546875,,8395.490234375,2990.159912109375,,10230.3603515625,2219.132080078125,8940.5791015625,2323.699951171875,
2012-12-27,13096.3095703125,1418.0999755859375,3674.260009765625,8399.830078125,2985.909912109375,5954.2998046875,10322.98046875,2205.89697265625,8939.7490234375,2309.739990234375,22619.779296875
2012-12-28,12938.1103515625,1402.4300537109375,3620.25,8316.16015625,2960.31005859375,5925.39990234375,10395.1796875,2233.251953125,9026.8896484375,2338.320068359375,22666.58984375
2012-12-31,13104.1396484375,1426.18994140625,,8443.509765625,3019.510009765625,5897.7998046875,,2269.1279296875,9116.3779296875,2376.0400390625,22656.919921875
2013-01-02,13412.5498046875,1462.4200439453125,3733.929931640625,8632.009765625,3112.260009765625,6027.39990234375,,,,,23311.98046875
2013-01-03,13391.3603515625,1459.3699951171875,3721.169921875,8607.7900390625,3100.570068359375,6047.2998046875,,,,,23398.599609375
2013-01-04,13435.2099609375,1466.469970703125,3730.02001953125,8667.6796875,3101.659912109375,6089.7998046875,10688.1103515625,2276.991943359375,9095.9677734375,2384.18994140625,23331.08984375
2013-01-07,13384.2900390625,1461.8900146484375,3704.639892578125,8636.91015625,3098.81005859375,6064.60009765625,10599.009765625,2285.364013671875,9108.3671875,2392.590087890625,23329.75
2013-01-08,13328.849609375,1457.1500244140625,3705.8798828125,8604.3798828125,3091.81005859375,6053.60009765625,10508.0595703125,2276.070068359375,9110.34765625,2382.489990234375,23111.189453125
2013-01-09,13390.509765625,1461.02001953125,3717.449951171875,8636.099609375,3105.81005859375,6098.7001953125,10578.5703125,2275.340087890625,9154.767578125,2381.8701171875,23218.470703125
2013-01-10,13471.2197265625,1472.1199951171875,3703.1201171875,8713.75,3121.760009765625,6101.5,10652.6396484375,2283.656982421875,9169.95703125,2390.590087890625,23354.310546875
2013-01-11,13488.4296875,1472.050048828125,3706.02001953125,8712.400390625,3125.6298828125,6121.60009765625,10801.5703125,2242.9970703125,9017.6298828125,2348.10009765625,23264.0703125
2013-01-14,13507.3203125,1470.6800537109375,3708.25,8717.4404296875,3117.5,6107.89990234375,,2311.739990234375,9316.1650390625,2420.010009765625,23413.259765625
2013-01-15,13534.8896484375,1472.3399658203125,3697.35009765625,8733.099609375,3110.780029296875,6117.2998046875,10879.080078125,2325.681884765625,9381.5849609375,2434.610107421875,23381.509765625
2013-01-16,13511.23046875,1472.6300048828125,3708.489990234375,8710.5595703125,3117.5400390625,6104.0,10600.4404296875,2309.4990234375,9355.375,2417.6298828125,23356.990234375
2013-01-17,13596.01953125,1480.93994140625,3744.110107421875,8766.5400390625,3136.0,6132.39990234375,10609.6396484375,2284.908935546875,9309.1259765625,2391.81005859375,23339.759765625
2013-01-18,13649.7001953125,1485.97998046875,3741.580078125,8792.6298828125,3134.7099609375,6154.39990234375,10913.2998046875,2317.070068359375,9432.1943359375,2425.510009765625,23601.779296875
2013-01-21,,,3763.030029296875,,,6181.0,10747.740234375,2328.220947265625,9562.7421875,2436.860107421875,23590.91015625
2013-01-22,13712.2099609375,1492.56005859375,3741.010009765625,8832.75,3143.179931640625,6179.2001953125,10709.9296875,2315.138916015625,9536.25390625,2423.06005859375,23658.990234375
2013-01-23,13779.330078125,1494.81005859375,3726.169921875,8828.66015625,3153.669921875,6197.60009765625,10486.990234375,2320.910888671875,9548.203125,2429.0,23635.099609375
2013-01-24,13825.330078125,1494.8199462890625,3752.169921875,8856.58984375,3130.3798828125,6264.89990234375,10620.8701171875,2302.597900390625,9443.974609375,2410.050048828125,23598.900390625
2013-01-25,13895.98046875,1502.9599609375,3778.159912109375,8904.5302734375,3149.7099609375,6284.5,10926.650390625,2291.303955078125,9357.0244140625,2398.2900390625,23580.4296875
2013-01-28,13881.9296875,1500.1800537109375,3780.889892578125,8880.009765625,3154.300048828125,6294.39990234375,10824.3095703125,2346.5048828125,9618.8115234375,2456.030029296875,23671.880859375
2013-01-29,13954.419921875,1507.8399658203125,3785.820068359375,8935.6396484375,3153.659912109375,6339.2001953125,10866.7197265625,2358.97705078125,9704.5517578125,2469.0400390625,23655.169921875
2013-01-30,13910.419921875,1501.9599609375,3765.52001953125,8904.3095703125,3142.31005859375,6323.10009765625,11113.9501953125,2382.47509765625,9783.73046875,2493.780029296875,23822.060546875
2013-01-31,13860.580078125,1498.1099853515625,3732.60009765625,8894.7099609375,3142.1298828125,6276.89990234375,11138.66015625,2385.422119140625,9667.5615234375,2496.830078125,23729.529296875
2013-02-01,14009.7900390625,1513.1700439453125,3773.530029296875,8965.1201171875,3179.10009765625,6347.2001953125,11191.33984375,2419.02001953125,9820.1796875,2532.1201171875,23721.83984375
2013-02-04,13880.080078125,1495.7099609375,3659.909912109375,8852.7900390625,3131.169921875,6246.7998046875,11260.349609375,2428.154052734375,9760.720703125,2541.7900390625,23685.009765625
2013-02-05,13979.2998046875,1511.2900390625,3694.699951171875,8920.1298828125,3171.580078125,6282.7998046875,11046.919921875,2433.1298828125,9945.869140625,2547.0,23148.529296875
2013-02-06,13986.51953125,1512.1199951171875,3642.89990234375,8934.240234375,3168.47998046875,6295.2998046875,11463.75,2434.47705078125,9922.6083984375,2548.300048828125,23256.9296875
2013-02-07,13944.0498046875,1509.3900146484375,3601.050048828125,8893.740234375,3165.1298828125,6228.39990234375,11357.0703125,2418.530029296875,9904.6689453125,2531.35009765625,23177.0
2013-02-08,13992.9697265625,1517.9300537109375,3649.5,8935.23046875,3193.8701171875,6263.89990234375,11153.16015625,2432.402099609375,9988.978515625,2545.860107421875,23215.16015625
2013-02-11,13971.240234375,1517.010009765625,3650.580078125,8919.01953125,3192.0,6277.10009765625,,,,,
2013-02-12,14018.7001953125,1519.4300537109375,3686.580078125,8957.6103515625,3186.489990234375,6338.39990234375,11369.1201171875,,,,
2013-02-13,13982.91015625,1520.3299560546875,3698.530029296875,8955.599609375,3196.8798828125,6359.10009765625,11251.41015625,,,,
2013-02-14,13973.3896484375,1521.3800048828125,3669.60009765625,8953.0703125,3198.659912109375,6327.39990234375,11307.2802734375,,,,23413.25
2013-02-15,13981.759765625,1519.7900390625,3660.3701171875,8933.2197265625,3192.030029296875,6328.2998046875,11173.830078125,,,,23444.560546875
2013-02-18,,,3667.0400390625,,,6318.2001953125,11407.8701171875,2421.55810546875,9795.80078125,2534.52001953125,23381.939453125
2013-02-19,14035.669921875,1530.93994140625,3735.820068359375,9004.3896484375,3213.590087890625,6379.10009765625,11372.33984375,2382.9140625,9550.8232421875,2494.530029296875,23143.91015625
2013-02-20,13927.5400390625,1511.949951171875,3709.8798828125,8883.6298828125,3164.409912109375,6395.39990234375,11468.2802734375,2397.177978515625,9645.76171875,2509.360107421875,23307.41015625
2013-02-21,13880.6201171875,1502.4200439453125,3624.800048828125,8810.2900390625,3131.489990234375,6291.5,11309.1298828125,2325.950927734375,9396.0048828125,2434.639892578125,22906.669921875
2013-02-22,14000.5703125,1515.5999755859375,3706.280029296875,8894.6298828125,3161.820068359375,6335.7001953125,11385.9404296875,2314.1640625,9364.4345703125,2422.300048828125,22782.439453125
2013-02-25,13784.169921875,1487.8499755859375,3721.330078125,8719.400390625,3116.25,6355.39990234375,11662.51953125,2325.819091796875,9342.2646484375,2434.3701171875,22820.080078125
2013-02-26,13900.1298828125,1496.93994140625,3621.919921875,8766.169921875,3129.64990234375,6270.39990234375,11398.8095703125,2293.341064453125,9207.9267578125,2400.300048828125,22519.689453125
2013-02-27,14075.3701171875,1515.989990234375,3691.489990234375,8875.330078125,3162.260009765625,6325.89990234375,11253.9697265625,2313.219970703125,9333.1357421875,2421.110107421875,22577.009765625
2013-02-28,14054.490234375,1514.6800537109375,3723.0,8868.7197265625,3160.18994140625,6360.7998046875,11559.3603515625,2365.593017578125,9641.33203125,2475.969970703125,23020.26953125
2013-03-01,14089.66015625,1518.199951171875,3699.909912109375,8874.1904296875,3169.739990234375,6378.60009765625,11606.3798828125,2359.506103515625,9650.03125,2469.530029296875,22880.220703125
2013-03-04,14127.8203125,1525.199951171875,3709.760009765625,8901.0400390625,3182.030029296875,6345.60009765625,11652.2900390625,2273.404052734375,9139.6474609375,2379.3798828125,22537.810546875
2013-03-05,14253.76953125,1539.7900390625,3787.18994140625,8978.08984375,3224.1298828125,6432.0,11683.4501953125,2326.305908203125,9341.244140625,2434.8798828125,22560.5
2013-03-06,14296.240234375,1541.4599609375,3773.760009765625,8996.9697265625,3222.3701171875,6427.60009765625,11932.26953125,2347.178955078125,9431.064453125,2456.7099609375,22777.83984375
2013-03-07,14329.490234375,1544.260009765625,3793.780029296875,9013.4296875,3232.090087890625,6439.2001953125,11968.080078125,2324.29296875,9393.5849609375,2432.659912109375,22771.439453125
2013-03-08,14397.0703125,1551.1800537109375,3840.14990234375,9054.4404296875,3244.3701171875,6483.60009765625,12283.6201171875,2318.611083984375,9285.7265625,2426.81005859375,23091.94921875
2013-03-11,14447.2900390625,1556.219970703125,3836.27001953125,9082.240234375,3252.8701171875,6503.60009765625,12349.0498046875,2310.593017578125,9277.056640625,2418.429931640625,23090.8203125
2013-03-12,14450.0595703125,1552.47998046875,3839.969970703125,9059.9599609375,3242.320068359375,6510.60009765625,12314.8095703125,2286.60498046875,9163.537109375,2393.43994140625,22890.599609375
2013-03-13,14455.2802734375,1554.52001953125,3836.0400390625,9057.01953125,3245.1201171875,6481.5,12239.66015625,2263.968017578125,9073.1171875,2369.800048828125,22556.650390625
2013-03-14,14539.1396484375,1563.22998046875,3871.580078125,9127.9599609375,3258.929931640625,6529.39990234375,12381.1904296875,2270.277099609375,9087.1474609375,2376.3798828125,22619.1796875
2013-03-15,14514.1103515625,1560.699951171875,3844.030029296875,9116.6201171875,3249.070068359375,6489.7001953125,12560.9501953125,2278.40087890625,9099.1875,2384.889892578125,22533.109375
2013-03-18,14452.0595703125,1552.0999755859375,3825.469970703125,9045.4404296875,3237.590087890625,6457.89990234375,12220.6298828125,2240.01611328125,8998.9189453125,2344.64990234375,22083.359375
2013-03-19,14455.8203125,1548.3399658203125,3775.75,9017.66015625,3229.10009765625,6441.2998046875,12468.23046875,2257.43408203125,9033.939453125,2362.8798828125,22041.859375
2013-03-20,14511.73046875,1558.7099609375,3829.56005859375,9081.08984375,3254.18994140625,6432.7001953125,,2317.375,9317.865234375,2425.669921875,22256.439453125
2013-03-21,14421.490234375,1545.800048828125,3774.85009765625,9009.66015625,3222.60009765625,6388.60009765625,12635.6904296875,2324.241943359375,9326.185546875,2432.8701171875,22225.880859375
2013-03-22,14512.0302734375,1556.8900146484375,3770.2900390625,9065.7802734375,3245.0,6392.7998046875,12338.5302734375,2328.278076171875,9343.3046875,2437.090087890625,22115.30078125
2013-03-25,14447.75,1551.68994140625,3727.97998046875,9022.9599609375,3235.300048828125,6378.39990234375,12546.4599609375,2326.715087890625,9313.025390625,2435.43994140625,22251.150390625
2013-03-26,14559.650390625,1563.77001953125,3748.639892578125,9083.7001953125,3252.47998046875,6399.39990234375,12471.6201171875,2297.6689453125,9226.5361328125,2404.929931640625,22311.080078125
2013-03-27,14526.16015625,1562.8499755859375,3711.639892578125,9070.4404296875,3256.52001953125,6387.60009765625,12493.7900390625,2301.260009765625,9225.0263671875,2408.699951171875,22464.8203125
2013-03-28,14578.5400390625,1569.18994140625,3731.419921875,9107.0400390625,3267.52001953125,6411.7001953125,12335.9599609375,2236.302001953125,8959.1591796875,2340.530029296875,22299.630859375
2013-03-29,,,,,,,12397.91015625,2236.62109375,8889.669921875,2340.919921875,
2013-04-01,14572.849609375,1562.1700439453125,,9107.759765625,3239.169921875,,12135.01953125,2234.39501953125,8937.6494140625,2338.530029296875,
2013-04-02,14662.009765625,1570.25,3805.3701171875,9092.8896484375,3254.860107421875,6490.7001953125,12003.4296875,2227.739990234375,8960.359375,2331.489990234375,22367.8203125
2013-04-03,14550.349609375,1553.68994140625,3754.9599609375,8983.3896484375,3218.60009765625,6420.2998046875,12362.2001953125,2225.294921875,8964.369140625,2328.989990234375,22337.490234375
2013-04-04,14606.1103515625,1559.97998046875,3726.159912109375,9027.830078125,3224.97998046875,6344.10009765625,12634.5400390625,,,,
2013-04-05,14565.25,1553.280029296875,3663.47998046875,9000.240234375,3203.860107421875,6249.7998046875,12833.6396484375,,,,21726.900390625
2013-04-08,14613.48046875,1563.0699462890625,3666.780029296875,9051.5703125,3222.25,6276.89990234375,13192.58984375,2211.592041015625,8953.7392578125,2314.72998046875,21718.05078125
2013-04-09,14673.4599609375,1568.6099853515625,3670.719970703125,9088.3798828125,3237.860107421875,6313.2001953125,13192.349609375,2225.77392578125,8993.009765625,2329.550048828125,21870.33984375
2013-04-10,14802.240234375,1587.72998046875,3743.7099609375,9189.080078125,3297.25,6387.39990234375,13288.1298828125,2226.1259765625,8962.19921875,2330.010009765625,22034.560546875
2013-04-11,14865.1396484375,1593.3699951171875,3775.659912109375,9234.01953125,3300.159912109375,6416.10009765625,13549.16015625,2219.552978515625,8920.6103515625,2323.10009765625,22101.26953125
2013-04-12,14865.0595703125,1588.8499755859375,3729.300048828125,9188.25,3294.949951171875,6384.39990234375,13485.1396484375,2206.780029296875,8835.05078125,2309.669921875,22089.05078125
2013-04-15,14599.2001953125,1552.3599853515625,3710.47998046875,8953.9404296875,3216.489990234375,6343.60009765625,13275.66015625,2181.94091796875,8733.3427734375,2283.89990234375,21772.669921875
2013-04-16,14756.7802734375,1574.5699462890625,3685.7900390625,9086.419921875,3264.6298828125,6304.60009765625,13221.4404296875,2194.844970703125,8852.3203125,2297.3798828125,21672.029296875
2013-04-17,14618.58984375,1552.010009765625,3599.22998046875,8948.349609375,3204.669921875,6244.2001953125,13382.8896484375,2193.7958984375,8894.2705078125,2296.18994140625,21569.669921875
2013-04-18,14537.1396484375,1541.6099853515625,3599.360107421875,8921.1796875,3166.360107421875,6243.7001953125,13220.0703125,2197.60205078125,8887.919921875,2300.199951171875,21512.51953125
2013-04-19,14547.509765625,1555.25,3651.9599609375,8994.1201171875,3206.06005859375,6286.60009765625,13316.48046875,2244.64306640625,9111.087890625,2349.3701171875,22013.5703125
2013-04-22,14567.169921875,1562.5,3652.1298828125,9019.900390625,3233.550048828125,6280.60009765625,13568.3701171875,2242.1689453125,9057.51953125,2346.77001953125,22044.369140625
2013-04-23,14719.4599609375,1578.780029296875,3783.050048828125,9113.7998046875,3269.330078125,6406.10009765625,13529.650390625,2184.5380859375,8793.0322265625,2286.360107421875,21806.609375
2013-04-24,14676.2998046875,1578.7900390625,3842.93994140625,9146.4501953125,3269.64990234375,6431.7998046875,13843.4599609375,2218.318115234375,8911.55078125,2321.72998046875,22183.05078125
2013-04-25,14700.7998046875,1585.1600341796875,3840.469970703125,9188.8603515625,3289.989990234375,6442.60009765625,13926.080078125,2199.306884765625,8772.482421875,2301.739990234375,22401.240234375
2013-04-26,14712.5498046875,1582.239990234375,3810.050048828125,9169.900390625,3279.260009765625,6426.39990234375,13884.1298828125,2177.912109375,8691.2919921875,2279.5400390625,22547.7109375
2013-04-29,14818.75,1593.6099853515625,3868.679931640625,9245.2197265625,3307.02001953125,6458.0,,,,,22580.76953125
2013-04-30,14839.7998046875,1597.5699462890625,3856.75,9276.8798828125,3328.7900390625,6430.10009765625,13860.8603515625,,,,22737.009765625
2013-05-01,14700.9501953125,1582.699951171875,,9175.7802734375,3299.1298828125,6451.2998046875,13799.349609375,,,,
2013-05-02,14831.580078125,1597.5899658203125,3858.760009765625,9246.7197265625,3340.6201171875,6460.7001953125,13694.0400390625,2174.123046875,8718.1025390625,2275.669921875,22668.30078125
2013-05-03,14973.9599609375,1614.4200439453125,3912.949951171875,9340.4599609375,3378.6298828125,6521.5,,2205.4970703125,8847.5703125,2308.330078125,22689.9609375
2013-05-06,14968.8896484375,1617.5,3907.0400390625,9348.900390625,3392.969970703125,,,2231.166015625,8996.9794921875,2335.169921875,22915.08984375
2013-05-07,15056.2001953125,1625.9599609375,3921.320068359375,9409.009765625,3396.6298828125,6557.2998046875,14180.240234375,2235.574951171875,9022.7998046875,2339.800048828125,23047.08984375
2013-05-08,15105.1201171875,1632.68994140625,3956.280029296875,9463.3203125,3413.27001953125,6583.5,14285.6904296875,2246.300048828125,9074.7373046875,2351.070068359375,23244.349609375
2013-05-09,15082.6201171875,1626.6700439453125,3928.580078125,9409.2197265625,3409.169921875,6592.7001953125,14191.48046875,2232.970947265625,9049.9794921875,2337.070068359375,23211.48046875
2013-05-10,15118.490234375,1633.699951171875,3953.830078125,9442.759765625,3436.580078125,6625.0,14607.5400390625,2246.8310546875,9071.0576171875,2351.610107421875,23321.220703125
2013-05-13,15091.6796875,1633.77001953125,3945.199951171875,9437.169921875,3438.7900390625,6631.7998046875,14782.2099609375,2241.919921875,9014.1796875,2346.489990234375,22989.810546875
2013-05-14,15215.25,1650.3399658203125,3966.06005859375,9515.8603515625,3462.610107421875,6686.10009765625,14758.419921875,2217.010009765625,8808.9814453125,2320.360107421875,22930.279296875
2013-05-15,15275.6904296875,1658.780029296875,3982.22998046875,9551.41015625,3471.6201171875,6693.60009765625,15096.0302734375,2224.797119140625,8869.75,2328.510009765625,23044.240234375
2013-05-16,15233.2197265625,1650.469970703125,3979.070068359375,9489.3095703125,3465.239990234375,6687.7998046875,15037.240234375,2251.804931640625,9061.228515625,2356.81005859375,23082.6796875
2013-05-17,15354.400390625,1667.469970703125,4001.27001953125,9576.41015625,3498.969970703125,6723.10009765625,15138.1201171875,2282.8701171875,9246.1767578125,2389.409912109375,
2013-05-20,15335.2802734375,1666.2900390625,4022.85009765625,9587.51953125,3496.429931640625,6755.60009765625,15360.8095703125,2299.986083984375,9307.046875,2407.360107421875,23493.029296875
2013-05-21,15387.580078125,1669.1600341796875,4036.179931640625,9598.26953125,3502.1201171875,6803.89990234375,15381.01953125,2305.114013671875,9403.4345703125,2412.72998046875,23366.369140625
2013-05-22,15307.169921875,1655.3499755859375,4051.110107421875,9508.0400390625,3463.300048828125,6840.2998046875,15627.259765625,2302.403076171875,9404.9541015625,2409.889892578125,23261.080078125
2013-05-23,15294.5,1650.510009765625,3967.14990234375,9466.2900390625,3459.419921875,6696.7998046875,14483.98046875,2275.6669921875,9265.576171875,2381.919921875,22669.6796875
2013-05-24,15303.099609375,1649.5999755859375,3956.7900390625,9442.23046875,3459.139892578125,6654.2998046875,14612.4501953125,2288.531982421875,9304.7568359375,2395.360107421875,22618.669921875
2013-05-27,,,3995.159912109375,,,,14142.650390625,2293.076904296875,9260.5263671875,2400.139892578125,22686.05078125
2013-05-28,15409.3896484375,1660.06005859375,4050.56005859375,9494.16015625,3488.889892578125,6762.0,14311.98046875,2321.318115234375,9441.5849609375,2429.760009765625,22924.25
2013-05-29,15302.7998046875,1648.3599853515625,3974.1201171875,9422.490234375,3467.52001953125,6627.2001953125,14326.4599609375,2324.01708984375,9404.294921875,2432.60009765625,22554.9296875
2013-05-30,15324.5302734375,1654.4100341796875,3996.31005859375,9460.0498046875,3491.300048828125,6657.0,13589.0302734375,2317.7490234375,9379.0849609375,2426.0400390625,22484.310546875
2013-05-31,15115.5703125,1630.739990234375,3948.590087890625,9302.26953125,3455.909912109375,6583.10009765625,13774.5400390625,2300.594970703125,9257.8466796875,2408.25,22392.16015625
2013-06-03,15254.0302734375,1640.4200439453125,3920.669921875,9357.080078125,3465.3701171875,6525.10009765625,13261.8203125,2299.251953125,9251.13671875,2406.68994140625,22282.189453125
2013-06-04,15177.5400390625,1631.3800048828125,3925.830078125,9320.080078125,3445.260009765625,6558.60009765625,13533.759765625,2272.4169921875,9124.1669921875,2378.639892578125,22285.51953125
2013-06-05,14960.58984375,1608.9000244140625,3852.43994140625,9178.41015625,3401.47998046875,6419.2998046875,13014.8701171875,2270.929931640625,9143.337890625,2377.080078125,22069.240234375
2013-06-06,15040.6201171875,1622.56005859375,3814.280029296875,9260.48046875,3424.050048828125,6336.10009765625,12904.01953125,2242.110107421875,9000.9892578125,2346.820068359375,21838.4296875
2013-06-07,15248.1201171875,1643.3800048828125,3872.590087890625,9355.41015625,3469.219970703125,6412.0,12877.5302734375,2210.89794921875,8763.5126953125,2314.0400390625,21575.259765625
2013-06-10,15238.58984375,1642.81005859375,3864.360107421875,9358.0,3473.77001953125,6400.5,13514.2001953125,,,,21615.08984375
2013-06-11,15122.01953125,1626.1300048828125,3810.56005859375,9255.48046875,3436.949951171875,6340.10009765625,13317.6201171875,,,,21354.66015625
2013-06-12,14995.23046875,1612.52001953125,3793.699951171875,9189.4296875,3400.429931640625,6299.5,13289.3203125,,,,
2013-06-13,15176.080078125,1636.3599853515625,3797.97998046875,9331.3701171875,3445.360107421875,6304.60009765625,12445.3798828125,2148.35498046875,8432.3251953125,2248.56005859375,20887.0390625
2013-06-14,15070.1796875,1626.72998046875,3805.159912109375,9263.6904296875,3423.56005859375,6308.2998046875,12686.51953125,2162.041015625,8479.365234375,2262.840087890625,20969.140625
2013-06-17,15179.849609375,1639.0400390625,3863.659912109375,9337.8896484375,3452.1298828125,6330.5,13033.1201171875,2156.215087890625,8404.4052734375,2256.77001953125,21225.900390625
2013-06-18,15318.23046875,1651.81005859375,3860.550048828125,9399.6298828125,3482.179931640625,6374.2001953125,13007.2802734375,2159.291015625,8470.775390625,2260.06005859375,21225.880859375
2013-06-19,15112.1904296875,1628.9300537109375,3839.340087890625,9255.7001953125,3443.199951171875,6348.7998046875,13245.2197265625,2143.4541015625,8421.1455078125,2243.449951171875,20986.890625
2013-06-20,14758.3203125,1588.18994140625,3698.929931640625,8995.9697265625,3364.639892578125,6159.5,13014.580078125,2084.02099609375,8147.388671875,2181.1201171875,20382.869140625
2013-06-21,14799.400390625,1592.4300537109375,3658.0400390625,9018.5400390625,3357.25,6116.2001953125,13230.1298828125,2073.094970703125,8135.95849609375,2169.679931640625,20263.310546875
2013-06-24,14659.5595703125,1573.0899658203125,3595.6298828125,8892.01953125,3320.760009765625,6029.10009765625,13062.7802734375,1963.2349853515625,7588.43505859375,2054.6201171875,19813.98046875
2013-06-25,14760.3095703125,1588.030029296875,3649.820068359375,8989.259765625,3347.889892578125,6101.89990234375,12969.33984375,1959.508056640625,7495.01611328125,2050.7900390625,19855.720703125
2013-06-26,14910.1396484375,1603.260009765625,3726.0400390625,9067.26953125,3376.219970703125,6165.5,12834.009765625,1951.4949951171875,7566.31494140625,2042.1300048828125,20338.55078125
2013-06-27,15024.490234375,1613.199951171875,3762.18994140625,9143.5498046875,3401.860107421875,6243.39990234375,13213.5498046875,1950.011962890625,7544.24560546875,2040.6700439453125,20440.080078125
2013-06-28,14909.599609375,1606.280029296875,3738.909912109375,9112.6904296875,3403.25,6215.5,13677.3203125,1979.2060546875,7694.3837890625,2071.260009765625,20803.2890625
2013-07-01,14974.9599609375,1614.9599609375,3767.47998046875,9167.8798828125,3434.489990234375,6307.7998046875,13852.5,1995.241943359375,7718.3935546875,2088.080078125,
2013-07-02,14932.41015625,1614.0799560546875,3742.570068359375,9144.7197265625,3433.39990234375,6303.89990234375,14098.740234375,2006.56005859375,7768.75244140625,2099.969970703125,20658.650390625
2013-07-03,14988.3701171875,1615.4100341796875,3702.010009765625,9135.08984375,3443.669921875,6229.89990234375,14055.5595703125,1994.2679443359375,7703.65380859375,2087.14990234375,20147.310546875
2013-07-04,,,3809.31005859375,,,6421.7001953125,14018.9296875,2006.0980224609375,7804.0224609375,2099.530029296875,20468.669921875
2013-07-05,15135.83984375,1631.8900146484375,3753.85009765625,9214.169921875,3479.3798828125,6375.5,14309.9697265625,2007.198974609375,7856.501953125,2100.719970703125,20854.669921875
2013-07-08,15224.6904296875,1640.4599609375,3823.830078125,9266.2998046875,3484.830078125,6450.10009765625,14109.33984375,1958.27294921875,7637.5439453125,2049.5400390625,20582.189453125
2013-07-09,15300.33984375,1652.3199462890625,3843.56005859375,9341.400390625,3504.260009765625,6513.10009765625,14472.900390625,1965.4539794921875,7600.38525390625,2057.199951171875,20683.009765625
2013-07-10,15291.66015625,1652.6199951171875,3840.530029296875,9340.6796875,3520.760009765625,6505.0,14416.599609375,2008.1259765625,7851.162109375,2101.77001953125,20904.560546875
2013-07-11,15460.919921875,1675.02001953125,3868.97998046875,9493.259765625,3578.300048828125,6543.39990234375,14472.580078125,2072.990966796875,8184.67822265625,2169.7099609375,21437.490234375
2013-07-12,15464.2998046875,1680.18994140625,3855.090087890625,9498.5,3600.080078125,6544.89990234375,14506.25,2039.4859619140625,8012.75,2134.47998046875,21277.279296875
2013-07-15,15484.259765625,1682.5,3878.580078125,9520.9501953125,3607.489990234375,6586.10009765625,,2059.389892578125,8137.6787109375,2155.35009765625,21303.310546875
2013-07-16,15451.849609375,1676.260009765625,3851.030029296875,9489.0,3598.5,6556.39990234375,14599.1201171875,2065.719970703125,8186.58837890625,2162.110107421875,21312.380859375
2013-07-17,15470.51953125,1680.9100341796875,3872.02001953125,9523.7900390625,3610.0,6571.89990234375,14615.0400390625,2044.9219970703125,8063.70947265625,2140.3798828125,21371.869140625
2013-07-18,15548.5400390625,1689.3699951171875,3927.7900390625,9587.2001953125,3611.280029296875,6634.39990234375,14808.5,2023.39599609375,7904.18115234375,2117.699951171875,21345.220703125
2013-07-19,15543.740234375,1692.0899658203125,3925.320068359375,9618.5,3587.610107421875,6630.7001953125,14589.91015625,1992.64794921875,7663.904296875,2085.489990234375,21362.419921875
2013-07-22,15545.5498046875,1695.530029296875,3939.919921875,9650.580078125,3600.389892578125,6623.2001953125,14658.0400390625,2004.761962890625,7684.14404296875,2098.320068359375,21416.5
2013-07-23,15567.740234375,1692.3900146484375,3923.090087890625,9659.6298828125,3579.27001953125,6597.39990234375,14778.509765625,2043.8759765625,7963.61083984375,2139.35009765625,21915.419921875
2013-07-24,15542.240234375,1685.93994140625,3962.75,9605.0400390625,3579.60009765625,6620.39990234375,14731.2802734375,2033.3289794921875,7935.76123046875,2128.25,21968.9296875
2013-07-25,15555.6103515625,1690.25,3956.02001953125,9635.0595703125,3605.18994140625,6588.0,14562.9296875,2021.1739501953125,7894.51123046875,2115.449951171875,21900.9609375
2013-07-26,15558.830078125,1691.6500244140625,3968.840087890625,9620.1298828125,3613.159912109375,6554.7998046875,14129.98046875,2010.8499755859375,7843.27197265625,2104.6201171875,21968.94921875
2013-07-29,15521.9697265625,1685.3299560546875,3968.909912109375,9571.7900390625,3599.139892578125,6560.2998046875,13661.1298828125,1976.3060302734375,7668.4541015625,2068.389892578125,21850.150390625
2013-07-30,15520.58984375,1685.9599609375,3986.610107421875,9556.169921875,3616.469970703125,6571.0,13869.8203125,1990.06396484375,7730.08349609375,2082.830078125,21953.9609375
2013-07-31,15499.5400390625,1685.72998046875,3992.68994140625,9558.830078125,3626.3701171875,6621.10009765625,13668.3203125,1993.7989501953125,7765.3125,2086.699951171875,21883.66015625
2013-08-01,15628.01953125,1706.8699951171875,4042.72998046875,9673.400390625,3675.739990234375,6682.0,14005.76953125,2029.0670166015625,7931.701171875,2123.68994140625,22088.7890625
2013-08-02,15658.3603515625,1709.6700439453125,4045.64990234375,9690.0703125,3689.590087890625,6647.89990234375,14466.16015625,2029.41796875,7961.380859375,2124.02001953125,22190.970703125
2013-08-05,15612.1298828125,1707.1400146484375,4049.969970703125,9671.599609375,3692.949951171875,6619.60009765625,14258.0400390625,2050.48095703125,8060.2998046875,2146.159912109375,22222.009765625
2013-08-06,15518.740234375,1697.3699951171875,4032.570068359375,9614.3203125,3665.77001953125,6604.2001953125,14401.0595703125,2060.5,8143.03857421875,2156.64990234375,21923.69921875
2013-08-07,15470.669921875,1690.9100341796875,4038.489990234375,9568.259765625,3654.010009765625,6511.2001953125,13824.9404296875,2046.7779541015625,8095.9990234375,2142.239990234375,21588.83984375
2013-08-08,15498.3203125,1697.47998046875,4064.320068359375,9634.7001953125,3669.1201171875,6529.7001953125,13605.5595703125,2044.89501953125,8114.779296875,2140.239990234375,21655.880859375
2013-08-09,15425.509765625,1691.4200439453125,4076.550048828125,9622.1103515625,3660.110107421875,6583.39990234375,13615.1904296875,2052.235107421875,8145.87890625,2147.909912109375,21807.560546875
2013-08-12,15419.6796875,1689.469970703125,4071.679931640625,9609.0302734375,3669.949951171875,6574.2998046875,13519.4296875,2101.282958984375,8356.63671875,2199.25,22271.279296875
2013-08-13,15451.009765625,1694.1600341796875,4092.5,9630.5703125,3684.43994140625,6611.89990234375,13867.0,2106.156005859375,8362.556640625,2204.330078125,22541.130859375
2013-08-14,15337.66015625,1685.3900146484375,4114.2001953125,9593.5,3669.27001953125,6587.39990234375,14050.16015625,2100.136962890625,8336.7158203125,2197.989990234375,
2013-08-15,15112.1904296875,1661.3199462890625,4093.199951171875,9489.2900390625,3606.1201171875,6483.2998046875,13752.9404296875,2081.8798828125,8228.7783203125,2178.889892578125,22539.25
2013-08-16,15081.4697265625,1655.8299560546875,4123.89013671875,9465.58984375,3602.780029296875,6500.0,13650.1103515625,2068.451904296875,8167.998046875,2164.85009765625,22517.810546875
2013-08-19,15010.740234375,1646.06005859375,4083.97998046875,9385.8896484375,3589.090087890625,6465.7001953125,13758.1298828125,2085.60205078125,8285.626953125,2182.77001953125,22463.69921875
2013-08-20,15002.990234375,1652.3499755859375,4028.929931640625,9421.5595703125,3613.590087890625,6453.5,13396.3798828125,2072.594970703125,8234.4677734375,2169.070068359375,21970.2890625
2013-08-21,14897.5498046875,1642.800048828125,4015.090087890625,9339.3798828125,3599.7900390625,6390.7998046875,13424.330078125,2072.9609375,8235.998046875,2169.469970703125,21817.73046875
2013-08-22,14963.740234375,1656.9599609375,4059.1201171875,9425.7802734375,3638.7099609375,6446.89990234375,13365.169921875,2067.1240234375,8244.9482421875,2163.35009765625,21895.400390625
2013-08-23,15010.509765625,1663.5,4069.469970703125,9474.76953125,3657.7900390625,6492.10009765625,13660.5498046875,2057.4580078125,8166.18798828125,2153.169921875,21863.509765625
2013-08-26,14946.4599609375,1656.780029296875,4067.1298828125,9432.509765625,3657.570068359375,,13636.2802734375,2096.47412109375,8334.4765625,2194.090087890625,22005.3203125
2013-08-27,14776.1298828125,1630.47998046875,3968.72998046875,9288.23046875,3578.52001953125,6441.0,13542.3701171875,2103.56591796875,8341.67578125,2201.659912109375,21874.76953125
2013-08-28,14824.509765625,1634.9599609375,3960.4599609375,9309.0703125,3593.35009765625,6430.10009765625,13338.4599609375,2101.301025390625,8259.287109375,2199.5400390625,21524.650390625
2013-08-29,14840.9501953125,1638.1700439453125,3986.35009765625,9315.8203125,3620.300048828125,6483.10009765625,13459.7099609375,2097.22705078125,8214.3984375,2195.35009765625,21704.779296875
2013-08-30,14810.3095703125,1632.969970703125,3933.780029296875,9270.66015625,3589.8701171875,6412.89990234375,13388.8603515625,2098.382080078125,8202.388671875,2196.3798828125,21731.369140625
2013-09-02,,,4006.010009765625,,,6506.2001953125,13572.919921875,2098.447998046875,8243.48828125,2196.60009765625,22175.33984375
2013-09-03,14833.9599609375,1639.77001953125,3974.070068359375,9333.490234375,3612.610107421875,6468.39990234375,13978.4404296875,2123.112060546875,8367.9462890625,2222.43994140625,22394.580078125
2013-09-04,14930.8701171875,1653.0799560546875,3980.419921875,9400.240234375,3649.0400390625,6474.7001953125,14053.8701171875,2127.617919921875,8344.8662109375,2227.219970703125,22326.220703125
2013-09-05,14937.48046875,1655.0799560546875,4006.800048828125,9420.349609375,3658.780029296875,6532.39990234375,14064.8203125,2122.429931640625,8285.966796875,2221.820068359375,22597.970703125
2013-09-06,14922.5,1655.1700439453125,4049.18994140625,9439.6904296875,3660.010009765625,6547.2998046875,13860.8095703125,2139.992919921875,8280.2373046875,2240.22998046875,22621.220703125
2013-09-09,15063.1201171875,1671.7099609375,4040.330078125,9539.9296875,3706.179931640625,6530.7001953125,14205.23046875,2212.51611328125,8504.6455078125,2316.300048828125,22750.650390625
2013-09-10,15191.0595703125,1683.989990234375,4116.64013671875,9620.7099609375,3729.02001953125,6584.0,14423.3603515625,2237.98388671875,8636.533203125,2342.860107421875,22976.650390625
2013-09-11,15326.599609375,1689.1300048828125,4119.10986328125,9655.3798828125,3725.010009765625,6588.39990234375,14425.0703125,2241.26806640625,8675.5322265625,2346.110107421875,22937.140625
2013-09-12,15300.6396484375,1683.4200439453125,4106.6298828125,9607.3203125,3715.969970703125,6589.0,14387.26953125,2255.60400390625,8714.7822265625,2361.199951171875,22953.720703125
2013-09-13,15376.0595703125,1687.989990234375,4114.5,9635.080078125,3722.179931640625,6583.7998046875,14404.669921875,2236.217041015625,8687.4423828125,2341.050048828125,22915.279296875
2013-09-16,15494.7802734375,1697.5999755859375,4152.22021484375,9704.490234375,3717.85009765625,6622.89990234375,,2231.40087890625,8658.9033203125,2336.1201171875,23252.41015625
2013-09-17,15529.73046875,1704.760009765625,4145.509765625,9738.9296875,3745.699951171875,6570.2001953125,14311.669921875,2185.56005859375,8493.685546875,2287.93994140625,23180.51953125
2013-09-18,15676.9404296875,1725.52001953125,4170.39990234375,9887.8798828125,3783.639892578125,6558.7998046875,14505.3603515625,2191.85107421875,8480.6455078125,2294.39990234375,23117.44921875
2013-09-19,15636.5498046875,1722.3399658203125,4206.0400390625,9854.759765625,3789.3798828125,6625.39990234375,14766.1796875,,,,23502.509765625
2013-09-20,15451.08984375,1709.9100341796875,4203.66015625,9769.73046875,3774.72998046875,6596.39990234375,14742.419921875,,,,
2013-09-23,15401.3798828125,1701.8399658203125,4172.080078125,9733.0302734375,3765.2900390625,6557.39990234375,,2221.0439453125,8719.1923828125,2324.8798828125,23371.5390625
2013-09-24,15334.58984375,1697.4200439453125,4195.60986328125,9715.2099609375,3768.25,6571.5,14732.6103515625,2207.531005859375,8664.7021484375,2310.669921875,23179.0390625
2013-09-25,15273.259765625,1692.77001953125,4195.35009765625,9698.9501953125,3761.10009765625,6551.5,14620.5302734375,2198.514892578125,8613.61328125,2301.239990234375,23209.630859375
2013-09-26,15328.2998046875,1698.6700439453125,4186.72021484375,9726.259765625,3787.429931640625,6565.60009765625,14799.1201171875,2155.80908203125,8439.375,2256.679931640625,23125.029296875
2013-09-27,15258.240234375,1691.75,4186.77001953125,9684.169921875,3781.590087890625,6512.7001953125,14760.0703125,2160.027099609375,8472.1953125,2261.0400390625,23207.0390625
2013-09-30,15129.669921875,1681.550048828125,4143.43994140625,9621.240234375,3771.47998046875,6462.2001953125,14455.7998046875,2174.6650390625,8514.4755859375,2276.260009765625,22859.859375
2013-10-01,15191.7001953125,1695.0,4196.60009765625,9693.26953125,3817.97998046875,6460.0,14484.7197265625,,,,
2013-10-02,15133.1396484375,1693.8699951171875,4158.16015625,9689.2900390625,3815.02001953125,6437.5,14170.490234375,,,,22984.48046875
2013-10-03,14996.48046875,1678.6600341796875,4127.97998046875,9619.1904296875,3774.340087890625,6449.0,14157.25,,,,23214.400390625
2013-10-04,15072.580078125,1690.5,4164.25,9675.7099609375,3807.75,6453.89990234375,14024.3095703125,,,,23138.5390625
2013-10-07,14936.240234375,1676.1199951171875,4165.580078125,9597.5400390625,3770.3798828125,6437.2998046875,13853.3203125,,,,22973.94921875
2013-10-08,14776.5302734375,1655.449951171875,4133.52978515625,9483.16015625,3694.830078125,6365.7998046875,13894.6103515625,2198.198974609375,8681.4326171875,2300.949951171875,23178.849609375
2013-10-09,14802.98046875,1656.4000244140625,4127.0498046875,9497.01953125,3677.780029296875,6337.89990234375,14037.83984375,2211.76904296875,8667.671875,2315.139892578125,23033.970703125
2013-10-10,15126.0703125,1692.56005859375,4218.10986328125,9693.9697265625,3760.75,6430.5,14194.7099609375,2190.928955078125,8685.6923828125,2293.22998046875,22951.30078125
2013-10-11,15237.1103515625,1703.199951171875,4219.97998046875,9761.759765625,3791.8701171875,6487.2001953125,14404.740234375,2228.14599609375,8737.8720703125,2332.199951171875,23218.3203125
2013-10-14,15301.259765625,1710.1400146484375,4222.9599609375,9797.1796875,3815.280029296875,6507.7001953125,,2237.77294921875,8760.001953125,2342.3798828125,
2013-10-15,15168.009765625,1698.06005859375,4256.02001953125,9726.6201171875,3794.010009765625,6549.10009765625,14441.5400390625,2233.412109375,8700.2421875,2337.760009765625,23336.51953125
2013-10-16,15373.830078125,1721.5400390625,4243.72021484375,9845.0,3839.429931640625,6571.60009765625,14467.1396484375,2193.073974609375,8542.7744140625,2295.510009765625,23228.330078125
2013-10-17,15371.650390625,1733.1500244140625,4239.64013671875,9934.83984375,3863.14990234375,6576.2001953125,14586.509765625,2188.5419921875,8521.10546875,2290.699951171875,23094.880859375
2013-10-18,15399.650390625,1744.5,4286.02978515625,9984.6298828125,3914.280029296875,6622.60009765625,14561.5400390625,2193.780029296875,8584.7734375,2296.18994140625,23340.099609375
2013-10-21,15392.2001953125,1744.6600341796875,4276.919921875,9982.6796875,3920.050048828125,6654.2001953125,14693.5703125,2229.237060546875,8739.421875,2333.429931640625,23438.150390625
2013-10-22,15467.66015625,1754.6700439453125,4295.43017578125,10056.58984375,3929.570068359375,6695.7001953125,14713.25,2210.652099609375,8619.54296875,2313.93994140625,23315.990234375
2013-10-23,15413.330078125,1746.3800048828125,4260.66015625,9990.330078125,3907.070068359375,6674.5,14426.0498046875,2183.10693359375,8512.865234375,2285.070068359375,22999.94921875
2013-10-24,15509.2099609375,1752.0699462890625,4275.68994140625,10029.1904296875,3928.9599609375,6713.2001953125,14486.41015625,2164.322021484375,8486.4248046875,2265.31005859375,22835.8203125
2013-10-25,15570.2802734375,1759.77001953125,4272.31005859375,10053.8603515625,3943.360107421875,6721.2998046875,14088.1904296875,2132.955078125,8379.5166015625,2232.510009765625,22698.33984375
2013-10-28,15568.9296875,1762.1099853515625,4251.60986328125,10053.8603515625,3940.1298828125,6725.7998046875,14396.0400390625,2133.868896484375,8336.5859375,2233.469970703125,22806.580078125
2013-10-29,15680.349609375,1771.949951171875,4278.08984375,10108.4296875,3952.340087890625,6774.7001953125,14325.98046875,2128.864013671875,8398.8251953125,2228.340087890625,22846.5390625
2013-10-30,15618.759765625,1763.31005859375,4274.10986328125,10054.3798828125,3930.6201171875,6777.7001953125,14502.349609375,2160.462890625,8553.2744140625,2261.4599609375,23304.01953125
2013-10-31,15545.75,1756.5400390625,4299.89013671875,10009.6396484375,3919.7099609375,6731.39990234375,14327.9404296875,2141.614013671875,8444.3154296875,2241.639892578125,23206.369140625
2013-11-01,15615.5498046875,1761.6400146484375,4273.18994140625,10018.150390625,3922.0400390625,6734.7001953125,14201.5703125,2149.56201171875,8451.625,2250.010009765625,23249.7890625
2013-11-04,15639.1201171875,1767.9300537109375,4288.58984375,10064.1103515625,3936.590087890625,6763.60009765625,,2149.634033203125,8416.8349609375,2250.10009765625,23189.619140625
2013-11-05,15618.2197265625,1762.969970703125,4253.33984375,10011.91015625,3939.860107421875,6746.7998046875,14225.3701171875,2157.239990234375,8451.6357421875,2258.030029296875,23038.94921875
2013-11-06,15746.8798828125,1770.489990234375,4286.93017578125,10059.490234375,3931.949951171875,6741.7001953125,14337.3095703125,2139.60693359375,8287.767578125,2239.590087890625,23036.939453125
2013-11-07,15593.98046875,1747.1500244140625,4280.990234375,9924.3701171875,3857.330078125,6697.2001953125,14228.4404296875,2129.39990234375,8240.158203125,2228.840087890625,22881.029296875
2013-11-08,15761.7802734375,1770.6099853515625,4260.43994140625,10032.1396484375,3919.22998046875,6708.39990234375,14086.7998046875,2106.126953125,8155.30859375,2204.4599609375,22744.390625
2013-11-11,15783.099609375,1771.8900146484375,4290.14013671875,10042.9404296875,3919.7900390625,6728.39990234375,14269.83984375,2109.470947265625,8168.578125,2208.010009765625,23069.849609375
2013-11-12,15750.669921875,1767.68994140625,4263.77978515625,10009.8203125,3919.919921875,6726.7998046875,14588.6796875,2126.77197265625,8279.216796875,2226.320068359375,22901.41015625
2013-11-13,15821.6298828125,1782.0,4239.93994140625,10079.8896484375,3965.580078125,6630.0,14567.16015625,2087.94091796875,8110.9091796875,2185.64990234375,22463.830078125
2013-11-14,15876.2197265625,1790.6199951171875,4283.91015625,10130.509765625,3972.739990234375,6666.10009765625,14876.41015625,2100.506103515625,8156.44873046875,2198.800048828125,22649.150390625
2013-11-15,15961.7001953125,1798.1800537109375,4292.22998046875,10189.7998046875,3985.969970703125,6693.39990234375,15165.919921875,2135.826904296875,8305.8173828125,2235.780029296875,23032.150390625
2013-11-18,15976.01953125,1791.530029296875,4320.68017578125,10167.150390625,3949.070068359375,6723.5,15164.2998046875,2197.218994140625,8523.6552734375,2300.169921875,23660.060546875
2013-11-19,15967.0302734375,1787.8699951171875,4272.2900390625,10135.6103515625,3931.550048828125,6698.0,15126.5595703125,2193.125,8461.115234375,2295.840087890625,23657.810546875
2013-11-20,15900.8203125,1781.3699951171875,4268.3701171875,10096.4404296875,3921.27001953125,6681.10009765625,15076.080078125,2206.613037109375,8510.5849609375,2309.9599609375,23700.859375
2013-11-21,16009.990234375,1795.8499755859375,4253.89990234375,10162.400390625,3969.159912109375,6681.2998046875,15365.599609375,2205.76611328125,8471.9248046875,2309.06005859375,23580.2890625
2013-11-22,16064.76953125,1804.760009765625,4278.52978515625,10205.7197265625,3991.64990234375,6674.2998046875,15381.7197265625,2196.3779296875,8413.2451171875,2299.22998046875,23696.279296875
2013-11-25,16072.5400390625,1802.47998046875,4301.97021484375,10176.2001953125,3994.570068359375,6694.60009765625,15619.1298828125,2186.114990234375,8379.4560546875,2288.4599609375,23684.44921875
2013-11-26,16072.7998046875,1802.75,4277.56982421875,10167.8896484375,4017.75,6636.2001953125,15515.240234375,2183.072998046875,8365.255859375,2285.280029296875,23681.279296875
2013-11-27,16097.330078125,1807.22998046875,4293.06005859375,10182.990234375,4044.75,6649.5,15449.6298828125,2201.070068359375,8447.365234375,2304.14990234375,23806.349609375
2013-11-28,,,4302.419921875,,,6654.5,15727.1201171875,2219.3720703125,8548.2744140625,2323.22998046875,23789.08984375
2013-11-29,16086.41015625,1805.81005859375,4295.2099609375,10183.23046875,4059.889892578125,6650.60009765625,15661.8701171875,2220.50390625,8542.5146484375,2324.35009765625,23881.2890625
2013-12-02,16008.76953125,1800.9000244140625,4285.81005859375,10137.01953125,4045.260009765625,6595.2998046875,15655.0703125,2207.37109375,8376.5458984375,2310.77001953125,24038.55078125
2013-12-03,15914.6201171875,1795.1500244140625,4172.43994140625,10086.7099609375,4037.199951171875,6532.39990234375,15749.66015625,2222.669921875,8492.4248046875,2326.659912109375,23910.470703125
2013-12-04,15889.76953125,1792.81005859375,4148.52001953125,10064.8603515625,4038.0,6510.0,15407.9404296875,2251.761962890625,8600.7236328125,2357.10009765625,23728.69921875
2013-12-05,15821.509765625,1785.030029296875,4099.91015625,10016.740234375,4033.169921875,6498.2998046875,15177.490234375,2247.06298828125,8560.6943359375,2352.159912109375,23712.5703125
2013-12-06,16020.2001953125,1805.0899658203125,4129.3701171875,10131.2099609375,4062.52001953125,6552.0,15299.8603515625,2237.10791015625,8526.5849609375,2341.780029296875,23743.099609375
2013-12-09,16025.5302734375,1808.3699951171875,4134.10009765625,10146.259765625,4068.75,6559.5,15650.2099609375,2238.199951171875,8519.5751953125,2342.889892578125,23811.169921875
2013-12-10,15973.1298828125,1802.6199951171875,4091.139892578125,10114.669921875,4060.489990234375,6523.2998046875,15611.3095703125,2237.491943359375,8554.07421875,2342.14990234375,23744.189453125
2013-12-11,15843.5302734375,1782.219970703125,4086.860107421875,9991.4599609375,4003.81005859375,6507.7001953125,15515.0595703125,2204.166015625,8409.705078125,2307.260009765625,23338.240234375
2013-12-12,15739.4296875,1775.5,4069.1201171875,9949.580078125,3998.39990234375,6445.2998046875,15341.8203125,2202.7958984375,8400.5556640625,2305.8701171875,23218.119140625
2013-12-13,15755.3603515625,1775.3199462890625,4059.7099609375,9954.83984375,4000.97998046875,6440.0,15403.1103515625,2196.074951171875,8429.7255859375,2298.739990234375,23245.9609375
2013-12-16,15884.5703125,1786.5400390625,4119.8798828125,10024.9697265625,4029.52001953125,6522.2001953125,15152.91015625,2160.861083984375,8272.5771484375,2261.860107421875,23114.66015625
2013-12-17,15875.259765625,1781.0,4068.639892578125,9989.080078125,4023.679931640625,6486.2001953125,15278.6298828125,2151.0791015625,8213.337890625,2251.60009765625,23069.23046875
2013-12-18,16167.9697265625,1810.6500244140625,4109.509765625,10154.2001953125,4070.06005859375,6492.10009765625,15587.7998046875,2148.284912109375,8236.8583984375,2248.659912109375,23143.8203125
2013-12-19,16179.080078125,1809.5999755859375,4154.27001953125,10151.5302734375,4058.139892578125,6584.7001953125,15859.2197265625,2127.7919921875,8147.61865234375,2227.10009765625,22888.75
2013-12-20,16221.1396484375,1818.3199462890625,4193.77001953125,10196.0703125,4104.740234375,6606.60009765625,15870.419921875,2084.7939453125,7966.630859375,2181.93994140625,22812.1796875
2013-12-23,16294.6103515625,1827.989990234375,4215.2900390625,10246.669921875,4148.89990234375,6678.60009765625,,2089.70703125,7989.42041015625,2187.139892578125,22921.560546875
2013-12-24,16357.5498046875,1833.3199462890625,4218.41015625,10284.400390625,4155.419921875,6694.2001953125,15889.330078125,2092.905029296875,8027.33984375,2190.429931640625,23179.55078125
2013-12-25,,,,,,,16009.990234375,2106.35400390625,8096.279296875,2204.469970703125,
2013-12-26,16479.880859375,1842.02001953125,,10331.669921875,4167.18017578125,,16174.4404296875,2073.09912109375,7897.2412109375,2169.550048828125,
2013-12-27,16478.41015625,1841.4000244140625,4277.64990234375,10353.2197265625,4156.58984375,6750.89990234375,16178.9404296875,2101.2509765625,8048.759765625,2199.06005859375,23243.240234375
2013-12-30,16504.2890625,1841.0699462890625,4275.7099609375,10357.83984375,4154.2001953125,6731.2998046875,16291.3095703125,2097.529052734375,7999.21044921875,2195.110107421875,23244.869140625
2013-12-31,16576.66015625,1848.3599853515625,4295.9501953125,10400.3203125,4176.58984375,6749.10009765625,,2115.97802734375,8121.69921875,2214.489990234375,23306.390625
2014-01-02,16441.349609375,1831.97998046875,4227.27978515625,10283.419921875,4143.06982421875,6717.89990234375,,2109.386962890625,8114.29931640625,2207.56005859375,23340.05078125
2014-01-03,16469.990234375,1831.3699951171875,4247.64990234375,10296.76953125,4131.91015625,6730.7001953125,,2083.135009765625,8028.23974609375,2180.10009765625,22817.279296875
2014-01-06,16425.099609375,1826.77001953125,4227.5400390625,10270.0498046875,4113.68017578125,6730.7001953125,15908.8798828125,2045.708984375,7818.37255859375,2141.02001953125,22684.150390625
2014-01-07,16530.939453125,1837.8800048828125,4262.68017578125,10327.330078125,4153.18017578125,6755.5,15814.3701171875,2047.3170166015625,7806.22265625,2142.659912109375,22712.779296875
2014-01-08,16462.740234375,1837.489990234375,4260.9599609375,10320.91015625,4165.60986328125,6721.7998046875,16121.4501953125,2044.3399658203125,7802.052734375,2139.510009765625,22996.58984375
2014-01-09,16444.759765625,1838.1300048828125,4225.14013671875,10325.740234375,4156.18994140625,6691.2998046875,15880.330078125,2027.6219482421875,7746.65380859375,2121.909912109375,22787.330078125
2014-01-10,16437.05078125,1842.3699951171875,4250.60009765625,10371.1298828125,4174.669921875,6739.89990234375,15912.0595703125,2013.2979736328125,7647.9541015625,2106.949951171875,22846.25
2014-01-13,16257.9404296875,1819.199951171875,4263.27001953125,10256.150390625,4113.2998046875,6757.2001953125,,2009.56396484375,7572.47509765625,2103.070068359375,22888.759765625
2014-01-14,16373.8603515625,1838.8800048828125,4274.2001953125,10343.080078125,4183.02001953125,6766.89990234375,15422.400390625,2026.842041015625,7665.68408203125,2121.1298828125,22791.279296875
2014-01-15,16481.939453125,1848.3800048828125,4332.06982421875,10385.3896484375,4214.8798828125,6819.89990234375,15808.73046875,2023.3480224609375,7668.7138671875,2117.429931640625,22902.0
2014-01-16,16417.009765625,1845.8900146484375,4319.27001953125,10376.23046875,4218.68994140625,6815.39990234375,15747.2001953125,2023.7010498046875,7667.13427734375,2117.7900390625,22986.41015625
2014-01-17,16458.560546875,1838.699951171875,4327.5,10343.4599609375,4197.580078125,6829.2998046875,15734.4599609375,2004.948974609375,7544.4853515625,2098.1201171875,23133.349609375
2014-01-20,,,4322.85986328125,,,6836.7001953125,15641.6796875,1991.2530517578125,7524.24560546875,2083.739990234375,22928.94921875
2014-01-21,16414.439453125,1843.800048828125,4323.8701171875,10366.009765625,4225.759765625,6834.2998046875,15795.9599609375,2008.31298828125,7593.34521484375,2101.610107421875,23033.119140625
2014-01-22,16373.33984375,1844.8599853515625,4324.97998046875,10368.8896484375,4243.0,6826.2998046875,15820.9599609375,2051.7490234375,7820.36279296875,2147.139892578125,23082.25
2014-01-23,16197.349609375,1828.4599609375,4280.9599609375,10269.3896484375,4218.8798828125,6773.2998046875,15695.8896484375,2042.1800537109375,7788.3828125,2137.070068359375,22733.900390625
2014-01-24,15879.1103515625,1790.2900390625,4161.47021484375,10034.4404296875,4128.169921875,6663.7001953125,15391.5595703125,2054.39208984375,7855.05224609375,2149.8798828125,22450.060546875
2014-01-27,15837.8798828125,1781.56005859375,4144.56005859375,9981.349609375,4083.610107421875,6550.7001953125,15005.73046875,2033.300048828125,7752.45361328125,2127.75,21976.099609375
2014-01-28,15928.5595703125,1792.5,4185.2900390625,10066.83984375,4097.9599609375,6572.2998046875,14980.16015625,2038.512939453125,7740.66357421875,2133.340087890625,21960.640625
2014-01-29,15738.7900390625,1774.199951171875,4156.97998046875,9962.919921875,4051.429931640625,6544.2998046875,15383.91015625,2049.9140625,7707.50341796875,2145.239990234375,22141.609375
2014-01-30,15848.6103515625,1794.18994140625,4180.02001953125,10048.6904296875,4123.1298828125,6538.5,15007.0595703125,2033.0830078125,7572.544921875,2127.6201171875,22035.419921875
2014-01-31,15698.849609375,1782.5899658203125,4165.72021484375,9967.650390625,4103.8798828125,6510.39990234375,14914.5302734375,,,,
2014-02-03,15372.7998046875,1741.8900146484375,4107.75,9741.580078125,3996.9599609375,6465.7001953125,14619.1298828125,,,,
2014-02-04,15445.240234375,1755.199951171875,4117.4501953125,9816.9697265625,4031.52001953125,6449.2998046875,14008.4697265625,,,,21397.76953125
2014-02-05,15440.23046875,1751.6400146484375,4117.7900390625,9809.0302734375,4011.550048828125,6457.89990234375,14180.3798828125,,,,21269.380859375
2014-02-06,15628.5302734375,1773.4300537109375,4188.10009765625,9940.2197265625,4057.1201171875,6558.2998046875,14155.1201171875,,,,21423.130859375
2014-02-07,15794.080078125,1797.02001953125,4228.18017578125,10055.33984375,4125.85986328125,6571.7001953125,14462.41015625,2044.4969482421875,7616.48486328125,2139.60009765625,21636.849609375
2014-02-10,15801.7900390625,1799.8399658203125,4237.1298828125,10050.400390625,4148.169921875,6591.60009765625,14718.33984375,2086.06689453125,7812.07275390625,2183.219970703125,21579.259765625
2014-02-11,15994.76953125,1819.75,4283.31982421875,10170.3701171875,4191.0498046875,6672.7001953125,,2103.6708984375,7838.0322265625,2201.780029296875,21962.98046875
2014-02-12,15963.9404296875,1819.260009765625,4305.5,10173.76953125,4201.2900390625,6675.0,14800.0595703125,2109.955078125,7901.9912109375,2208.389892578125,22285.7890625
2014-02-13,16027.58984375,1829.8299560546875,4312.7998046875,10228.580078125,4240.669921875,6659.39990234375,14534.740234375,2098.40087890625,7857.02197265625,2196.35009765625,22165.529296875
2014-02-14,16154.3896484375,1838.6300048828125,4340.14013671875,10282.5302734375,4244.02001953125,6663.60009765625,14313.0302734375,2115.847900390625,7883.66162109375,2214.800048828125,22298.41015625
2014-02-17,,,4335.169921875,,,6736.0,14393.1103515625,2135.4150390625,7943.87109375,2235.389892578125,22535.939453125
2014-02-18,16130.400390625,1840.760009765625,4330.7099609375,10319.1201171875,4272.77978515625,6796.39990234375,14843.240234375,2119.06591796875,7832.38232421875,2218.260009765625,22587.720703125
2014-02-19,16040.5595703125,1828.75,4341.10009765625,10254.240234375,4237.9501953125,6796.7001953125,14766.5302734375,2142.553955078125,7953.85107421875,2242.93994140625,22664.51953125
2014-02-20,16133.23046875,1839.780029296875,4355.490234375,10316.8896484375,4267.5498046875,6813.0,14449.1796875,2138.781982421875,7842.0322265625,2238.9599609375,22394.080078125
2014-02-21,16103.2998046875,1836.25,4381.06005859375,10306.900390625,4263.41015625,6838.10009765625,14865.669921875,2113.693115234375,7750.4736328125,2212.639892578125,22568.240234375
2014-02-24,16207.1396484375,1847.6099853515625,4419.1298828125,10369.51953125,4292.97021484375,6865.89990234375,14837.6796875,2076.68603515625,7542.4453125,2173.929931640625,22388.560546875
2014-02-25,16179.66015625,1845.1199951171875,4414.5498046875,10353.7802734375,4287.58984375,6830.5,15051.599609375,2034.218994140625,7303.8681640625,2129.570068359375,22317.19921875
2014-02-26,16198.41015625,1845.1600341796875,4396.91015625,10349.9599609375,4292.06005859375,6799.2001953125,14970.9697265625,2041.2540283203125,7319.52783203125,2137.0,22437.439453125
2014-02-27,16272.650390625,1854.2900390625,4396.39013671875,10397.8095703125,4318.93017578125,6810.2998046875,14923.1103515625,2047.35400390625,7188.65966796875,2143.4599609375,22828.1796875
2014-02-28,16321.7099609375,1859.449951171875,4408.080078125,10425.8603515625,4308.1201171875,6809.7001953125,14841.0703125,2056.302001953125,7365.84765625,2152.800048828125,22836.9609375
2014-03-03,16168.0302734375,1845.72998046875,4290.8701171875,10329.7900390625,4277.2998046875,6708.39990234375,14652.23046875,2075.235107421875,7391.8271484375,2172.56005859375,22500.669921875
2014-03-04,16395.880859375,1873.9100341796875,4395.89990234375,10489.9697265625,4351.97021484375,6823.7998046875,14721.48046875,2071.472900390625,7347.02783203125,2168.580078125,22657.630859375
2014-03-05,16360.1796875,1873.81005859375,4391.25,10482.83984375,4357.97021484375,6775.39990234375,14897.6298828125,2053.083984375,7298.0478515625,2149.179931640625,22579.779296875
2014-03-06,16421.890625,1877.030029296875,4417.0400390625,10525.51953125,4352.1298828125,6788.5,15134.75,2059.577880859375,7351.94775390625,2156.02001953125,22702.970703125
2014-03-07,16452.720703125,1878.0400390625,4366.419921875,10511.91015625,4336.22021484375,6712.7001953125,15274.0703125,2057.907958984375,7328.39794921875,2154.35009765625,22660.490234375
2014-03-10,16418.6796875,1877.1700439453125,4370.83984375,10486.150390625,4334.4501953125,6689.5,15120.1396484375,1999.06494140625,7118.3603515625,2092.75,22264.9296875
2014-03-11,16351.25,1867.6300048828125,4349.72021484375,10425.6396484375,4307.18994140625,6685.5,15224.1103515625,2001.156982421875,7212.4892578125,2094.909912109375,22269.609375
2014-03-12,16340.080078125,1868.199951171875,4306.259765625,10418.990234375,4323.330078125,6620.89990234375,14830.3896484375,1997.6920166015625,7216.939453125,2091.31005859375,21901.94921875
2014-03-13,16108.8896484375,1846.3399658203125,4250.509765625,10297.740234375,4260.419921875,6553.7998046875,14815.98046875,2019.1109619140625,7319.2080078125,2113.7099609375,21756.080078125
2014-03-14,16065.669921875,1841.1300048828125,4216.3701171875,10285.080078125,4245.39990234375,6527.89990234375,14327.66015625,2004.3389892578125,7238.97900390625,2098.22998046875,21539.490234375
2014-03-17,16247.2197265625,1858.8299560546875,4271.9599609375,10377.01953125,4279.9501953125,6568.39990234375,14277.669921875,2023.6729736328125,7340.5380859375,2118.510009765625,21473.94921875
2014-03-18,16336.1904296875,1872.25,4313.259765625,10441.4501953125,4333.31005859375,6605.2998046875,14411.26953125,2025.196044921875,7273.86865234375,2120.070068359375,21583.5
2014-03-19,16222.169921875,1860.77001953125,4308.06005859375,10359.509765625,4307.60009765625,6573.10009765625,14462.51953125,2021.7340087890625,7150.0400390625,2116.4599609375,21568.689453125
2014-03-20,16331.0498046875,1872.010009765625,4327.91015625,10400.7001953125,4319.2900390625,6542.39990234375,14224.23046875,1993.47900390625,6998.11181640625,2086.919921875,21182.16015625
2014-03-21,16302.76953125,1866.52001953125,4335.27978515625,10392.2197265625,4276.7900390625,6557.2001953125,,2047.6190185546875,7241.48876953125,2143.93994140625,21436.69921875
2014-03-24,16276.6904296875,1857.43994140625,4276.33984375,10362.0595703125,4226.39013671875,6520.39990234375,14475.2998046875,2066.279052734375,7273.67822265625,2163.39990234375,21846.44921875
2014-03-25,16367.8798828125,1865.6199951171875,4344.1201171875,10417.0595703125,4234.27001953125,6604.89990234375,14423.1904296875,2067.31103515625,7252.26904296875,2164.419921875,21732.3203125
2014-03-26,16268.990234375,1852.56005859375,4385.14990234375,10359.3603515625,4173.580078125,6605.2998046875,14477.16015625,2063.669921875,7244.10888671875,2160.610107421875,21887.75
2014-03-27,16264.23046875,1849.0400390625,4379.06005859375,10373.4404296875,4151.22998046875,6588.2998046875,14622.8896484375,2046.5880126953125,7172.939453125,2142.679931640625,21834.44921875
2014-03-28,16323.0595703125,1857.6199951171875,4411.259765625,10434.8701171875,4155.759765625,6615.60009765625,14696.0302734375,2041.7120361328125,7165.4892578125,2137.550048828125,22065.529296875
2014-03-31,16457.66015625,1872.3399658203125,4391.5,10527.76953125,4198.990234375,6598.39990234375,14827.830078125,2033.3060302734375,7189.49951171875,2128.780029296875,22151.060546875
2014-04-01,16532.609375,1885.52001953125,4426.72021484375,10584.3095703125,4268.0400390625,6652.60009765625,14791.990234375,2047.4599609375,7281.0283203125,2143.580078125,22448.5390625
2014-04-02,16573.0,1890.9000244140625,4430.85986328125,10616.8701171875,4276.4599609375,6659.0,14946.3203125,2058.988037109375,7333.5078125,2155.699951171875,22523.939453125
2014-04-03,16572.55078125,1888.77001953125,4449.330078125,10598.48046875,4237.740234375,6649.10009765625,15071.8798828125,2043.7020263671875,7297.91796875,2139.68994140625,22565.080078125
2014-04-04,16412.7109375,1865.0899658203125,4484.5498046875,10517.0498046875,4127.72998046875,6695.60009765625,15063.76953125,2058.8310546875,7367.71728515625,2155.530029296875,22510.080078125
2014-04-07,16245.8701171875,1845.0400390625,4436.080078125,10407.419921875,4079.75,6622.7998046875,14808.849609375,,,,22377.150390625
2014-04-08,16256.1396484375,1851.9599609375,4424.830078125,10452.009765625,4112.990234375,6590.7001953125,14606.8798828125,2098.283935546875,7508.576171875,2196.97998046875,22596.970703125
2014-04-09,16437.1796875,1872.1800537109375,4442.68017578125,10554.9404296875,4183.89990234375,6635.60009765625,14299.6904296875,2105.237060546875,7511.16552734375,2204.2099609375,22843.169921875
2014-04-10,16170.2197265625,1833.0799560546875,4413.490234375,10366.8095703125,4054.110107421875,6642.0,14300.1201171875,2134.300048828125,7563.115234375,2234.68994140625,23186.9609375
2014-04-11,16026.75,1815.68994140625,4365.85986328125,10280.9404296875,3999.72998046875,6561.7001953125,13960.0498046875,2130.5419921875,7586.7451171875,2230.739990234375,23003.640625
2014-04-14,16173.240234375,1830.6099853515625,4384.56005859375,10359.419921875,4022.68994140625,6583.7998046875,13910.16015625,2131.5390625,7583.19482421875,2231.81005859375,23038.80078125
2014-04-15,16262.5595703125,1842.97998046875,4345.35009765625,10401.98046875,4034.159912109375,6541.60009765625,13996.8095703125,2101.60107421875,7449.62646484375,2200.360107421875,22671.259765625
2014-04-16,16424.849609375,1862.31005859375,4405.66015625,10505.7900390625,4086.22998046875,6584.2001953125,14417.6796875,2105.1220703125,7468.37646484375,2204.090087890625,22696.009765625
2014-04-17,16408.5390625,1864.8499755859375,4431.81005859375,10532.830078125,4095.52001953125,6625.2998046875,14417.5302734375,2098.885009765625,7450.95654296875,2197.5,22760.240234375
2014-04-18,,,,,,,14516.26953125,2097.748046875,7455.65673828125,2196.330078125,
2014-04-21,16449.25,1871.8900146484375,,10559.349609375,4121.5498046875,,14512.3798828125,2065.825927734375,7353.517578125,2162.89990234375,
2014-04-22,16514.369140625,1879.550048828125,4484.2099609375,10599.01953125,4161.4599609375,6681.7998046875,14388.76953125,2072.8310546875,7391.13720703125,2170.2099609375,22730.6796875
2014-04-23,16501.650390625,1875.3900146484375,4451.080078125,10581.8896484375,4126.97021484375,6674.7001953125,14546.26953125,2067.382080078125,7434.646484375,2164.510009765625,22509.640625
2014-04-24,16501.650390625,1878.6099853515625,4479.5400390625,10575.91015625,4148.33984375,6703.0,14404.990234375,2057.032958984375,7419.35693359375,2153.6298828125,22562.80078125
2014-04-25,16361.4599609375,1863.4000244140625,4443.6298828125,10505.009765625,4075.56005859375,6685.7001953125,14429.259765625,2036.51904296875,7323.56787109375,2132.110107421875,22223.529296875
2014-04-28,16448.740234375,1869.4300537109375,4460.52978515625,10526.51953125,4074.39990234375,6700.2001953125,14288.23046875,2003.487060546875,7240.37890625,2097.56005859375,22132.529296875
2014-04-29,16535.369140625,1878.3299560546875,4497.68017578125,10583.650390625,4103.5400390625,6769.89990234375,,2020.3409423828125,7339.77783203125,2115.179931640625,22453.890625
2014-04-30,16580.83984375,1883.949951171875,4487.39013671875,10627.169921875,4114.56005859375,6780.0,14304.1103515625,2026.3580322265625,7312.77783203125,2121.409912109375,22133.970703125
2014-05-01,16558.869140625,1883.6800537109375,,10629.33984375,4127.4501953125,6808.89990234375,14485.1298828125,,,,
2014-05-02,16512.890625,1881.1400146484375,4458.169921875,10629.990234375,4123.89990234375,6822.39990234375,14457.509765625,,,,22260.669921875
2014-05-05,16530.55078125,1884.6600341796875,4462.68994140625,10630.1396484375,4138.06005859375,,,2027.35302734375,7309.47802734375,2122.47998046875,21976.330078125
2014-05-06,16401.01953125,1867.719970703125,4428.06982421875,10568.6796875,4080.760009765625,6798.60009765625,,2028.0379638671875,7311.80810546875,2123.18994140625,
2014-05-07,16518.5390625,1878.2099609375,4446.43994140625,10626.83984375,4067.669921875,6796.39990234375,14033.4501953125,2010.0830078125,7234.60888671875,2104.389892578125,21746.259765625
2014-05-08,16550.970703125,1875.6300048828125,4507.240234375,10610.650390625,4051.5,6839.2998046875,14163.7802734375,2015.2740478515625,7169.8994140625,2109.820068359375,21837.119140625
2014-05-09,16583.33984375,1878.47998046875,4477.27978515625,10606.6904296875,4071.8701171875,6814.60009765625,14199.58984375,2011.135009765625,7162.359375,2105.510009765625,21862.990234375
2014-05-12,16695.470703125,1896.6500244140625,4493.64990234375,10703.5,4143.85986328125,6851.7998046875,14149.51953125,2052.87109375,7318.05810546875,2149.25,22261.609375
2014-05-13,16715.439453125,1897.449951171875,4505.02001953125,10702.8603515625,4130.169921875,6873.10009765625,14425.4404296875,2050.72802734375,7310.22802734375,2147.080078125,22352.380859375
2014-05-14,16613.970703125,1888.530029296875,4501.0400390625,10656.1201171875,4100.6298828125,6878.5,14405.759765625,2047.9100341796875,7325.43798828125,2144.090087890625,22582.76953125
2014-05-15,16446.810546875,1870.8499755859375,4444.93017578125,10568.3701171875,4069.2900390625,6840.89990234375,14298.2099609375,2024.9739990234375,7213.689453125,2120.0,22730.859375
2014-05-16,16491.310546875,1877.8599853515625,4456.27978515625,10603.1796875,4090.590087890625,6855.7998046875,14096.58984375,2026.5040283203125,7242.0888671875,2121.56005859375,22712.91015625
2014-05-19,16511.859375,1885.0799560546875,4469.759765625,10618.6396484375,4125.81005859375,6844.60009765625,14006.4404296875,2005.1829833984375,7151.40966796875,2099.239990234375,22704.5
2014-05-20,16374.3095703125,1872.8299560546875,4452.35009765625,10541.9501953125,4096.89013671875,6802.0,14075.25,2008.1190185546875,7151.10009765625,2102.330078125,22834.6796875
2014-05-21,16533.060546875,1888.030029296875,4469.02978515625,10620.4404296875,4131.5400390625,6821.0,14042.169921875,2024.9510498046875,7204.5693359375,2119.969970703125,22836.51953125
2014-05-22,16543.080078125,1892.489990234375,4478.2099609375,10644.51953125,4154.33984375,6820.60009765625,14337.7900390625,2021.2850341796875,7183.599609375,2116.050048828125,22953.759765625
2014-05-23,16606.26953125,1900.530029296875,4493.14990234375,10681.8701171875,4185.81005859375,6815.7998046875,14462.169921875,2034.5689697265625,7240.8388671875,2129.9599609375,22965.859375
2014-05-26,,,4526.93017578125,,,,14602.51953125,2041.4759521484375,7275.0283203125,2137.2099609375,22963.1796875
2014-05-27,16675.5,1911.9100341796875,4529.75,10720.6201171875,4237.06982421875,6844.89990234375,14636.51953125,2034.56494140625,7260.0390625,2130.010009765625,22944.30078125
2014-05-28,16633.1796875,1909.780029296875,4531.6298828125,10702.73046875,4225.080078125,6851.2001953125,14670.9501953125,2050.22802734375,7380.607421875,2146.5,23080.029296875
2014-05-29,16698.740234375,1920.030029296875,4530.509765625,10752.1103515625,4247.9501953125,6871.2998046875,14681.7197265625,2040.594970703125,7341.47802734375,2136.409912109375,23010.140625
2014-05-30,16717.169921875,1923.5699462890625,4519.56982421875,10756.3095703125,4242.6201171875,6844.5,14632.3798828125,2039.2120361328125,7364.74755859375,2135.090087890625,23081.650390625
2014-06-02,16743.630859375,1924.969970703125,4515.89013671875,10772.009765625,4237.2001953125,6864.10009765625,14935.919921875,,,,
2014-06-03,16722.33984375,1924.239990234375,4503.68994140625,10770.330078125,4234.080078125,6836.2998046875,15034.25,2038.3050537109375,7321.43798828125,2134.18994140625,23291.0390625
2014-06-04,16737.529296875,1927.8800048828125,4501.0,10776.7802734375,4251.64013671875,6818.60009765625,15067.9599609375,2024.833984375,7223.048828125,2120.0400390625,23151.7109375
2014-06-05,16836.109375,1940.4599609375,4548.72998046875,10847.6904296875,4296.22998046875,6813.5,15079.3701171875,2040.8780517578125,7303.55810546875,2136.81005859375,23109.66015625
2014-06-06,16924.279296875,1949.43994140625,4581.1201171875,10904.2197265625,4321.39990234375,6858.2001953125,15077.240234375,2029.9560546875,7235.30908203125,2125.320068359375,22951.0
2014-06-09,16943.099609375,1951.27001953125,4589.1201171875,10918.6201171875,4336.240234375,6875.0,15124.0,2030.501953125,7227.1591796875,2125.89990234375,23117.470703125
2014-06-10,16945.919921875,1950.7900390625,4595.0,10914.2001953125,4338.0,6873.60009765625,14994.7998046875,2052.531982421875,7341.578125,2149.02001953125,23315.740234375
2014-06-11,16843.880859375,1943.8900146484375,4555.10986328125,10872.6904296875,4331.93017578125,6838.89990234375,15069.48046875,2054.947998046875,7340.60791015625,2151.56005859375,23257.2890625
2014-06-12,16734.189453125,1930.1099853515625,4554.39990234375,10825.0302734375,4297.6298828125,6843.10009765625,14973.5302734375,2051.712890625,7299.72802734375,2148.2099609375,23175.01953125
2014-06-13,16775.740234375,1936.1600341796875,4543.27978515625,10856.2197265625,4310.64990234375,6777.89990234375,15097.83984375,2070.715087890625,7401.26708984375,2168.179931640625,23319.169921875
2014-06-16,16781.009765625,1937.780029296875,4510.0498046875,10863.2197265625,4321.10009765625,6754.60009765625,14933.2900390625,2085.98291015625,7416.9072265625,2184.239990234375,23300.669921875
2014-06-17,16808.490234375,1941.989990234375,4536.06982421875,10886.009765625,4337.22998046875,6766.7998046875,14975.9697265625,2066.697998046875,7331.2880859375,2164.0400390625,23203.58984375
2014-06-18,16906.619140625,1956.97998046875,4530.3701171875,10975.5400390625,4362.83984375,6778.60009765625,15115.7998046875,2055.51904296875,7297.31787109375,2152.320068359375,23181.720703125
2014-06-19,16921.4609375,1959.47998046875,4563.0400390625,11003.080078125,4359.330078125,6808.10009765625,15361.16015625,2023.7349853515625,7180.2392578125,2118.969970703125,23167.73046875
2014-06-20,16947.080078125,1962.8699951171875,4541.33984375,11018.1103515625,4368.0400390625,6825.2001953125,15349.419921875,2026.6739501953125,7195.609375,2122.010009765625,23194.060546875
2014-06-23,16937.259765625,1962.6099853515625,4515.56982421875,11014.08984375,4368.68017578125,6800.60009765625,15369.2802734375,2024.364990234375,7192.78955078125,2119.6201171875,22804.810546875
2014-06-24,16818.130859375,1949.97998046875,4518.33984375,10921.990234375,4350.35009765625,6787.10009765625,15376.240234375,2033.9310302734375,7240.76904296875,2129.719970703125,22880.640625
2014-06-25,16867.509765625,1959.530029296875,4460.60009765625,10962.8701171875,4379.759765625,6733.60009765625,15266.6103515625,2025.501953125,7217.5693359375,2120.909912109375,22866.69921875
2014-06-26,16846.130859375,1957.219970703125,4439.6298828125,10949.4501953125,4379.0498046875,6735.10009765625,15308.490234375,2038.677001953125,7291.7978515625,2134.669921875,23197.830078125
2014-06-27,16851.83984375,1960.9599609375,4436.990234375,10974.4296875,4397.93017578125,6757.7998046875,15095.0,2036.510009765625,7312.5380859375,2132.35009765625,23221.51953125
2014-06-30,16826.599609375,1960.22998046875,4422.83984375,10979.419921875,4408.18017578125,6743.89990234375,15162.099609375,2048.326904296875,7343.19775390625,2144.75,23190.720703125
2014-07-01,16956.0703125,1973.3199462890625,4461.1201171875,11046.6103515625,4458.64990234375,6802.89990234375,15326.2001953125,2050.381103515625,7297.41796875,2146.8701171875,
2014-07-02,16976.240234375,1974.6199951171875,4444.72021484375,11050.33984375,4457.72998046875,6816.39990234375,15369.9697265625,2059.41796875,7310.2978515625,2156.35009765625,23549.619140625
2014-07-03,17068.259765625,1985.43994140625,4489.8798828125,11104.7197265625,4485.93017578125,6865.2001953125,15348.2900390625,2063.22900390625,7335.4580078125,2160.320068359375,23531.439453125
2014-07-04,,,4468.97998046875,,,6866.10009765625,15437.1298828125,2059.375,7333.828125,2156.25,23546.359375
2014-07-07,17024.2109375,1977.6500244140625,4405.759765625,11035.8095703125,4451.52978515625,6823.5,15379.4404296875,2059.927001953125,7321.43798828125,2156.7900390625,23540.919921875
2014-07-08,16906.619140625,1963.7099609375,4342.52978515625,10963.16015625,4391.4599609375,6738.5,15314.41015625,2064.02099609375,7358.24755859375,2161.050048828125,23541.380859375
2014-07-09,16985.609375,1972.8299560546875,4359.83984375,11005.5,4419.02978515625,6718.0,15302.650390625,2038.612060546875,7192.62939453125,2134.409912109375,23176.0703125
2014-07-10,16915.0703125,1964.6800537109375,4301.259765625,10941.33984375,4396.2001953125,6672.39990234375,15216.4697265625,2038.342041015625,7159.54931640625,2134.06005859375,23238.990234375
2014-07-11,16943.810546875,1967.5699462890625,4316.5,10936.349609375,4415.490234375,6690.2001953125,15164.0400390625,2046.9610595703125,7206.8896484375,2143.10009765625,23233.44921875
2014-07-14,17055.419921875,1977.0999755859375,4350.0400390625,10991.4697265625,4440.419921875,6746.10009765625,15296.8203125,2066.64599609375,7278.7783203125,2163.760009765625,23346.669921875
2014-07-15,17060.6796875,1973.280029296875,4305.31005859375,10965.6298828125,4416.39013671875,6710.5,15395.16015625,2070.35693359375,7304.328125,2167.669921875,23459.9609375
2014-07-16,17138.19921875,1981.5699462890625,4369.06005859375,11017.8701171875,4425.97021484375,6784.7001953125,15379.2998046875,2067.27587890625,7261.82861328125,2164.469970703125,23523.279296875
2014-07-17,16976.810546875,1958.1199951171875,4316.1201171875,10890.4404296875,4363.4501953125,6738.2998046875,15370.259765625,2055.591064453125,7194.65966796875,2152.199951171875,23520.869140625
2014-07-18,17100.1796875,1978.219970703125,4335.31005859375,10985.919921875,4432.14990234375,6749.5,15215.7099609375,2059.06689453125,7259.369140625,2155.830078125,23454.7890625
2014-07-21,17051.73046875,1973.6300048828125,4304.740234375,10957.669921875,4424.7001953125,6728.39990234375,,2054.47900390625,7274.42822265625,2151.010009765625,23387.140625
2014-07-22,17113.5390625,1983.530029296875,4369.52001953125,11016.240234375,4456.02001953125,6795.2998046875,15343.2802734375,2075.48095703125,7372.5673828125,2173.030029296875,23782.109375
2014-07-23,17086.630859375,1987.010009765625,4376.31982421875,11023.900390625,4473.7001953125,6798.2001953125,15328.5595703125,2078.489013671875,7375.2275390625,2176.2099609375,23971.869140625
2014-07-24,17083.80078125,1987.97998046875,4410.64990234375,11038.5595703125,4472.10986328125,6821.5,15284.419921875,2105.06201171875,7503.31591796875,2204.090087890625,24141.5
2014-07-25,16960.5703125,1978.3399658203125,4330.5498046875,10985.8095703125,4449.56005859375,6791.60009765625,15457.8701171875,2126.614013671875,7578.03515625,2226.699951171875,24216.009765625
2014-07-28,16982.58984375,1978.9100341796875,4344.77001953125,10987.240234375,4444.91015625,6788.10009765625,15529.400390625,2177.947998046875,7808.57275390625,2280.5400390625,24428.630859375
2014-07-29,16912.109375,1969.949951171875,4365.580078125,10936.7001953125,4442.7001953125,6807.7998046875,15618.0703125,2183.19189453125,7866.9521484375,2285.9599609375,24640.529296875
2014-07-30,16880.359375,1970.0699462890625,4312.2998046875,10929.7900390625,4462.89990234375,6773.39990234375,15646.23046875,2181.242919921875,7853.14208984375,2283.919921875,24732.2109375
2014-07-31,16563.30078125,1930.6700439453125,4246.14013671875,10726.4296875,4369.77001953125,6730.10009765625,15620.76953125,2201.56201171875,7956.8212890625,2305.2099609375,24756.849609375
2014-08-01,16493.369140625,1925.1500244140625,4202.77978515625,10692.169921875,4352.64013671875,6679.2001953125,15523.1103515625,2185.302978515625,7880.89208984375,2288.1201171875,24532.4296875
2014-08-04,16569.279296875,1938.989990234375,4217.22021484375,10766.6796875,4383.89013671875,6677.5,15474.5,2223.3310546875,8006.8203125,2328.02001953125,24600.080078125
2014-08-05,16429.470703125,1920.2099609375,4232.8798828125,10657.3203125,4352.83984375,6682.5,15320.3095703125,2219.945068359375,8007.669921875,2324.429931640625,24648.259765625
2014-08-06,16443.33984375,1920.239990234375,4207.14013671875,10653.419921875,4355.0498046875,6636.2001953125,15159.7900390625,2217.465087890625,7995.41064453125,2321.81005859375,24584.130859375
2014-08-07,16368.26953125,1909.5699462890625,4149.830078125,10583.7900390625,4334.97021484375,6597.39990234375,15232.3701171875,2187.6689453125,7872.8623046875,2290.489990234375,24387.560546875
2014-08-08,16553.9296875,1931.5899658203125,4147.81005859375,10691.099609375,4370.89990234375,6567.39990234375,14778.3701171875,2194.425048828125,7885.24169921875,2297.610107421875,24331.41015625
2014-08-11,16569.98046875,1936.9200439453125,4197.7001953125,10722.7900390625,4401.330078125,6632.7998046875,15130.51953125,2224.654052734375,8009.650390625,2329.300048828125,24646.01953125
2014-08-12,16560.5390625,1933.75,4162.16015625,10705.7802734375,4389.25,6632.39990234375,15161.3095703125,2221.594970703125,7966.80078125,2326.0,24689.41015625
2014-08-13,16651.80078125,1946.719970703125,4194.7900390625,10756.1796875,4434.1298828125,6656.7001953125,15213.6298828125,2222.876953125,7980.40087890625,2327.169921875,24890.33984375
2014-08-14,16713.580078125,1955.1800537109375,4205.43017578125,10802.6298828125,4453.0,6685.2998046875,15314.5703125,2206.466064453125,7893.81103515625,2309.889892578125,24801.359375
2014-08-15,16662.91015625,1955.06005859375,4174.35986328125,10796.0400390625,4464.93017578125,6689.10009765625,15318.33984375,2226.73388671875,7981.98046875,2331.1201171875,24954.939453125
2014-08-18,16838.740234375,1971.739990234375,4230.64990234375,10886.509765625,4508.31005859375,6741.2998046875,15322.599609375,2239.466064453125,8045.76953125,2344.409912109375,24955.4609375
2014-08-19,16919.58984375,1981.5999755859375,4254.4501953125,10929.66015625,4527.509765625,6779.2998046875,15449.7900390625,2245.330078125,8043.15966796875,2350.570068359375,25122.94921875
2014-08-20,16979.130859375,1986.510009765625,4240.7900390625,10949.48046875,4526.47998046875,6755.5,15454.4501953125,2240.2109375,8022.97998046875,2345.14990234375,25159.759765625
2014-08-21,17039.490234375,1992.3699951171875,4292.93017578125,10982.830078125,4532.10009765625,6777.7001953125,15586.2001953125,2230.4580078125,8010.6201171875,2334.989990234375,24994.099609375
2014-08-22,17001.220703125,1988.4000244140625,4252.7998046875,10947.330078125,4538.5498046875,6775.2998046875,15539.1904296875,2240.81201171875,8059.3095703125,2345.830078125,25112.23046875
2014-08-25,17076.869140625,1997.9200439453125,4342.10986328125,11005.3603515625,4557.35009765625,,15613.25,2229.27392578125,7934.72119140625,2333.800048828125,25166.91015625
2014-08-26,17106.69921875,2000.02001953125,4393.41015625,11025.3701171875,4570.64013671875,6822.7998046875,15521.2197265625,2207.10595703125,7813.892578125,2310.580078125,25074.5
2014-08-27,17122.009765625,2000.1199951171875,4395.259765625,11037.8896484375,4569.6201171875,6830.7001953125,15534.8203125,2209.465087890625,7840.98193359375,2313.030029296875,24918.75
2014-08-28,17079.5703125,1996.739990234375,4366.0400390625,11009.7001953125,4557.7001953125,6805.7998046875,15459.8603515625,2195.818115234375,7743.45361328125,2298.6201171875,24741.0
2014-08-29,17098.44921875,2003.3699951171875,4381.0400390625,11046.2900390625,4580.27001953125,6819.7998046875,15424.58984375,2217.199951171875,7841.6123046875,2320.989990234375,24742.060546875
2014-09-01,,,4379.72998046875,,,6825.2998046875,15476.599609375,2235.510986328125,7941.0712890625,2340.1201171875,24752.08984375
2014-09-02,17067.560546875,2002.280029296875,4378.330078125,11038.1201171875,4598.18994140625,6829.2001953125,15668.599609375,2266.0458984375,8043.2197265625,2372.199951171875,24749.01953125
2014-09-03,17078.279296875,2000.719970703125,4421.8701171875,11063.5498046875,4572.56005859375,6873.60009765625,15728.349609375,2288.626953125,8115.779296875,2395.889892578125,25317.94921875
2014-09-04,17069.580078125,1997.6500244140625,4494.93994140625,11030.400390625,4562.2900390625,6878.0,15676.1796875,2306.862060546875,8176.47802734375,2415.050048828125,25297.919921875
2014-09-05,17137.359375,2007.7099609375,4486.490234375,11073.41015625,4582.89990234375,6855.10009765625,15668.6796875,2326.431884765625,8214.4384765625,2435.570068359375,25240.150390625
2014-09-08,17111.419921875,2001.5400390625,4474.93017578125,11007.3896484375,4592.2900390625,6834.7998046875,15705.1103515625,,,,25190.44921875
2014-09-09,17013.869140625,1988.43994140625,4452.3701171875,10945.6103515625,4552.2900390625,6829.0,15749.150390625,2326.527099609375,8201.41796875,2435.659912109375,
2014-09-10,17068.7109375,1995.68994140625,4450.7900390625,10972.2099609375,4586.52001953125,6830.10009765625,15788.7802734375,2318.304931640625,8158.50830078125,2427.0400390625,24705.359375
2014-09-11,17049.0,1997.449951171875,4440.89990234375,10975.990234375,4591.81005859375,6799.60009765625,15909.2001953125,2311.678955078125,8117.8291015625,2420.010009765625,24662.640625
2014-09-12,16987.509765625,1985.5400390625,4441.7001953125,10911.3896484375,4567.60009765625,6807.0,15948.2900390625,2331.949951171875,8146.89892578125,2441.27001953125,24595.3203125
2014-09-15,17031.140625,1984.1300048828125,4428.6298828125,10909.3095703125,4518.89990234375,6804.2001953125,,2339.139892578125,8112.55908203125,2448.77001953125,24356.990234375
2014-09-16,17131.970703125,1998.97998046875,4409.14990234375,10980.1396484375,4552.759765625,6792.2001953125,15911.5302734375,2296.554931640625,7920.98095703125,2404.179931640625,24136.009765625
2014-09-17,17156.849609375,2001.5699462890625,4431.41015625,10973.740234375,4562.18994140625,6780.89990234375,15888.669921875,2307.89306640625,7981.73046875,2416.010009765625,24376.41015625
2014-09-18,17265.990234375,2011.3599853515625,4464.7001953125,11024.0595703125,4593.43017578125,6819.2998046875,16067.5703125,2315.927978515625,8004.48046875,2424.43994140625,24168.720703125
2014-09-19,17279.740234375,2010.4000244140625,4461.22021484375,10989.5703125,4579.7900390625,6837.89990234375,16321.169921875,2329.450927734375,8047.15966796875,2438.639892578125,24306.16015625
2014-09-22,17172.6796875,1994.2900390625,4442.5498046875,10892.6396484375,4527.68994140625,6773.60009765625,16205.900390625,2289.865966796875,7895.78125,2397.159912109375,23955.490234375
2014-09-23,17055.869140625,1982.77001953125,4359.35009765625,10815.419921875,4508.68994140625,6676.10009765625,,2309.718017578125,7965.80078125,2417.989990234375,23837.0703125
2014-09-24,17210.060546875,1998.300048828125,4413.72021484375,10885.599609375,4555.22021484375,6706.2998046875,16167.4501953125,2343.574951171875,8100.12939453125,2453.419921875,23921.609375
2014-09-25,16945.80078125,1965.989990234375,4355.27978515625,10722.2099609375,4466.75,6639.7001953125,16374.1396484375,2345.10302734375,8076.41943359375,2455.010009765625,23768.130859375
2014-09-26,17113.150390625,1982.8499755859375,4394.75,10798.8798828125,4512.18994140625,6649.39990234375,16229.8603515625,2347.718017578125,8072.78955078125,2457.739990234375,23678.41015625
2014-09-29,17071.220703125,1977.800048828125,4358.06982421875,10749.0498046875,4505.85009765625,6646.60009765625,16310.6396484375,2357.7109375,8082.759765625,2468.169921875,23229.2109375
2014-09-30,17042.900390625,1972.2900390625,4416.240234375,10702.9296875,4493.39013671875,6622.7001953125,16173.51953125,2363.8701171875,8080.259765625,2474.590087890625,22932.98046875
2014-10-01,16804.7109375,1946.1600341796875,4365.27001953125,10571.5498046875,4422.08984375,6557.5,16082.25,,,,
2014-10-02,16801.05078125,1946.1700439453125,4242.669921875,10555.7099609375,4430.2001953125,6446.39990234375,15661.990234375,,,,
2014-10-03,17009.689453125,1967.9000244140625,4281.740234375,10635.490234375,4475.6201171875,6527.89990234375,15708.650390625,,,,23064.560546875
2014-10-06,16991.91015625,1964.8199462890625,4286.52001953125,10647.509765625,4454.7998046875,6563.7001953125,15890.9501953125,,,,23315.0390625
2014-10-07,16719.390625,1935.0999755859375,4209.14013671875,10484.5498046875,4385.2001953125,6495.60009765625,15783.830078125,,,,23422.51953125
2014-10-08,16994.220703125,1968.8900146484375,4168.1201171875,10645.669921875,4468.58984375,6482.2001953125,15595.98046875,2382.7939453125,8183.55810546875,2494.489990234375,23263.330078125
2014-10-09,16659.25,1928.2099609375,4141.4501953125,10409.3798828125,4378.33984375,6431.89990234375,15478.9296875,2389.37109375,8203.91796875,2501.47998046875,23534.529296875
2014-10-10,16544.099609375,1906.1300048828125,4073.7099609375,10293.1396484375,4276.240234375,6340.0,15300.5498046875,2374.5400390625,8211.4482421875,2485.989990234375,23088.5390625
2014-10-13,16321.0703125,1874.739990234375,4078.699951171875,10166.740234375,4213.66015625,6366.2001953125,,2366.009033203125,8163.97802734375,2477.080078125,23143.380859375
2014-10-14,16315.1904296875,1877.699951171875,4088.25,10185.91015625,4227.169921875,6392.7001953125,14936.509765625,2359.47509765625,8139.86865234375,2470.22998046875,23047.970703125
2014-10-15,16141.740234375,1862.489990234375,3939.719970703125,10109.6904296875,4215.31982421875,6211.60009765625,15073.51953125,2373.669921875,8198.0283203125,2485.090087890625,23140.05078125
2014-10-16,16117.240234375,1862.760009765625,3918.6201171875,10123.73046875,4217.39013671875,6195.89990234375,14738.3798828125,2356.4990234375,8110.59912109375,2467.110107421875,22900.939453125
2014-10-17,16380.41015625,1886.760009765625,4033.179931640625,10250.5400390625,4258.43994140625,6310.2998046875,14532.509765625,2341.18408203125,8151.4287109375,2451.0400390625,23023.2109375
2014-10-20,16399.669921875,1904.010009765625,3991.239990234375,10327.33984375,4316.06982421875,6267.10009765625,15111.23046875,2356.72802734375,8204.1083984375,2467.35009765625,23070.259765625
2014-10-21,16614.810546875,1941.280029296875,4081.239990234375,10500.7802734375,4419.47998046875,6372.2998046875,14804.2802734375,2339.656982421875,8106.8291015625,2449.5,23088.580078125
2014-10-22,16461.3203125,1927.1099853515625,4105.08984375,10405.8095703125,4382.85009765625,6399.7001953125,15195.76953125,2326.552978515625,8063.10986328125,2435.75,23403.970703125
2014-10-23,16677.900390625,1950.8199462890625,4157.68017578125,10519.2802734375,4452.7900390625,6419.2001953125,15138.9599609375,2302.41796875,7969.07080078125,2410.469970703125,23333.1796875
2014-10-24,16805.41015625,1964.5799560546875,4128.89990234375,10582.6201171875,4483.72021484375,6388.7001953125,15291.6396484375,2302.280029296875,7921.041015625,2410.31005859375,23302.19921875
2014-10-27,16817.939453125,1961.6300048828125,4096.740234375,10544.419921875,4485.93017578125,6363.5,15388.7197265625,2290.43701171875,7829.2421875,2397.919921875,23143.23046875
2014-10-28,17005.75,1985.050048828125,4112.669921875,10677.8798828125,4564.2900390625,6402.2001953125,15329.91015625,2337.87109375,7988.25048828125,2447.6298828125,23520.359375
2014-10-29,16974.310546875,1982.300048828125,4110.64013671875,10646.66015625,4549.22998046875,6453.89990234375,15553.91015625,2373.030029296875,8090.58984375,2484.5400390625,23819.869140625
2014-10-30,17195.419921875,1994.6500244140625,4141.240234375,10712.1904296875,4566.14013671875,6463.60009765625,15658.2001953125,2391.075927734375,8090.45947265625,2503.5,23702.0390625
2014-10-31,17390.51953125,2018.050048828125,4233.08984375,10845.0,4630.740234375,6546.5,16413.759765625,2420.177978515625,8225.5185546875,2534.070068359375,23998.060546875
2014-11-03,17366.240234375,2017.81005859375,4194.02978515625,10808.669921875,4638.91015625,6488.0,,2430.970947265625,8240.05859375,2545.300048828125,23915.970703125
2014-11-04,17383.83984375,2012.0999755859375,4130.18994140625,10758.0703125,4623.64013671875,6454.0,16862.470703125,2430.737060546875,8206.6982421875,2545.110107421875,23845.66015625
2014-11-05,17484.529296875,2023.5699462890625,4208.419921875,10824.0703125,4620.72021484375,6539.10009765625,16937.3203125,2420.39599609375,8198.478515625,2534.31005859375,23695.619140625
2014-11-06,17554.470703125,2031.2099609375,4227.68017578125,10843.5400390625,4638.47021484375,6551.2001953125,16792.48046875,2425.80908203125,8211.8681640625,2540.030029296875,23649.310546875
2014-11-07,17573.9296875,2031.9200439453125,4189.89013671875,10864.580078125,4632.52978515625,6567.2001953125,16880.380859375,2419.14599609375,8234.7783203125,2533.06005859375,23550.240234375
2014-11-10,17613.740234375,2038.260009765625,4222.81982421875,10892.5595703125,4651.6201171875,6611.2998046875,16780.529296875,2473.18310546875,8410.125,2589.820068359375,23744.69921875
2014-11-11,17614.900390625,2039.6800537109375,4244.10009765625,10907.5302734375,4660.56005859375,6627.39990234375,17124.109375,2470.594970703125,8312.796875,2587.199951171875,23808.279296875
2014-11-12,17612.19921875,2038.25,4179.8798828125,10884.0302734375,4675.14013671875,6611.0,17197.05078125,2494.27587890625,8410.1953125,2611.97998046875,23938.1796875
2014-11-13,17652.7890625,2039.3299560546875,4187.9501953125,10868.919921875,4680.14013671875,6635.5,17392.7890625,2486.669921875,8304.9873046875,2604.010009765625,24019.939453125
2014-11-14,17634.740234375,2039.8199462890625,4202.4599609375,10880.6298828125,4688.5400390625,6654.39990234375,17490.830078125,2479.18505859375,8326.806640625,2596.169921875,24087.380859375
2014-11-17,17647.75,2041.3199462890625,4226.10009765625,10883.25,4671.0,6672.0,16973.80078125,2475.1201171875,8283.70703125,2591.7900390625,23797.080078125
2014-11-18,17687.8203125,2051.800048828125,4262.3798828125,10941.7001953125,4702.43994140625,6709.10009765625,17344.060546875,2457.529052734375,8196.498046875,2573.300048828125,23529.169921875
2014-11-19,17685.73046875,2048.719970703125,4266.18994140625,10927.48046875,4675.7099609375,6696.60009765625,17288.75,2451.1669921875,8224.978515625,2566.590087890625,23373.310546875
2014-11-20,17719.0,2052.75,4234.2099609375,10937.9697265625,4701.8701171875,6678.89990234375,17300.859375,2452.616943359375,8205.2880859375,2568.10009765625,23349.640625
2014-11-21,17810.060546875,2063.5,4347.22998046875,11025.740234375,4712.97021484375,6750.7998046875,17357.509765625,2487.111083984375,8332.2060546875,2604.280029296875,23437.119140625
2014-11-24,17817.900390625,2069.409912109375,4368.43994140625,11041.419921875,4754.89013671875,6729.7998046875,,2533.887939453125,8577.8134765625,2653.2900390625,23893.140625
2014-11-25,17814.939453125,2067.030029296875,4382.31005859375,11029.3701171875,4758.25,6731.10009765625,17407.619140625,2567.596923828125,8693.33203125,2688.43994140625,23843.91015625
2014-11-26,17827.75,2072.830078125,4373.419921875,11047.91015625,4787.31982421875,6729.2001953125,17383.580078125,2604.886962890625,8763.6826171875,2727.64990234375,24111.98046875
2014-11-27,,,4382.33984375,,,6723.39990234375,17248.5,2630.0458984375,8860.330078125,2754.080078125,24004.279296875
2014-11-28,17828.240234375,2067.56005859375,4390.18017578125,10955.41015625,4791.6298828125,6722.60009765625,17459.849609375,2682.9189453125,9002.1298828125,2809.7099609375,23987.44921875
2014-12-01,17776.80078125,2053.43994140625,4377.330078125,10888.5595703125,4727.35009765625,6656.39990234375,17590.099609375,2680.739990234375,9095.6572265625,2807.550048828125,23367.44921875
2014-12-02,17879.55078125,2066.550048828125,4388.2998046875,10940.1201171875,4755.81005859375,6742.10009765625,17663.220703125,2763.31689453125,9366.8447265625,2894.25,23654.30078125
2014-12-03,17912.619140625,2074.330078125,4391.85986328125,10987.2998046875,4774.47021484375,6716.60009765625,17720.4296875,2779.736083984375,9643.8115234375,2911.4599609375,23428.619140625
2014-12-04,17900.099609375,2071.919921875,4323.89013671875,10952.2998046875,4769.43994140625,6679.39990234375,17887.2109375,2900.362060546875,10029.7177734375,3038.139892578125,23832.560546875
2014-12-05,17958.7890625,2075.3701171875,4419.47998046875,10970.259765625,4780.759765625,6742.7998046875,17920.44921875,2938.781005859375,10067.1669921875,3078.7099609375,24002.640625
2014-12-08,17852.48046875,2060.31005859375,4375.47998046875,10863.5400390625,4740.68994140625,6672.2001953125,17935.640625,3021.52392578125,10554.451171875,3165.639892578125,24047.669921875
2014-12-09,17801.19921875,2059.820068359375,4263.93994140625,10821.2001953125,4766.47021484375,6529.5,17813.380859375,2859.9189453125,10116.376953125,2995.9599609375,23485.830078125
2014-12-10,17533.150390625,2026.1400146484375,4227.91015625,10662.240234375,4684.02001953125,6500.0,17412.580078125,2940.876953125,10545.4013671875,3079.85009765625,23524.51953125
2014-12-11,17596.33984375,2035.3299560546875,4225.85986328125,10690.1396484375,4708.16015625,6461.7001953125,17257.400390625,2925.742919921875,10478.7626953125,3064.68994140625,23312.5390625
2014-12-12,17280.830078125,2002.3299560546875,4108.93017578125,10500.509765625,4653.60009765625,6300.60009765625,17371.580078125,2938.173095703125,10462.1923828125,3077.75,23249.19921875
2014-12-15,17180.83984375,1989.6300048828125,4005.3798828125,10411.1796875,4605.16015625,6182.7001953125,17099.400390625,2953.4208984375,10504.11328125,3093.679931640625,23027.849609375
2014-12-16,17068.869140625,1972.739990234375,4093.199951171875,10390.01953125,4547.830078125,6331.7998046875,16755.3203125,3021.51806640625,10668.5009765625,3165.260009765625,22670.5
2014-12-17,17356.869140625,2012.8900146484375,4111.91015625,10603.509765625,4644.31005859375,6336.5,16819.73046875,3061.02001953125,10786.599609375,3206.89990234375,22585.83984375
2014-12-18,17778.150390625,2061.22998046875,4249.490234375,10831.6201171875,4748.39990234375,6466.0,17210.05078125,3057.52099609375,10665.060546875,3203.110107421875,22832.2109375
2014-12-19,17804.80078125,2070.64990234375,4241.64990234375,10890.240234375,4765.3798828125,6545.2998046875,17621.400390625,3108.595947265625,10626.9912109375,3256.75,23116.630859375
2014-12-22,17959.439453125,2078.5400390625,4254.43017578125,10919.990234375,4781.419921875,6576.7001953125,17635.140625,3127.445068359375,10608.400390625,3276.889892578125,23408.5703125
2014-12-23,18024.169921875,2082.169921875,4314.97021484375,10951.759765625,4765.419921875,6598.2001953125,,3032.612060546875,10570.6708984375,3177.3701171875,23333.689453125
2014-12-24,18030.2109375,2081.8798828125,4295.85009765625,10955.1103515625,4773.47021484375,6609.89990234375,17854.23046875,2972.531982421875,10292.404296875,3114.070068359375,23349.33984375
2014-12-25,,,,,,,17808.75,,10493.6630859375,3219.06005859375,
2014-12-26,18053.7109375,2088.77001953125,,10985.400390625,4806.85986328125,,17818.9609375,3157.60302734375,10802.5185546875,3308.389892578125,
2014-12-29,18038.23046875,2090.570068359375,4317.93017578125,10988.009765625,4806.91015625,6633.5,17729.83984375,3168.01611328125,10780.2802734375,3319.469970703125,23773.1796875
2014-12-30,17983.0703125,2080.35009765625,4245.5400390625,10932.990234375,4777.43994140625,6547.0,17450.76953125,3165.81494140625,10722.1396484375,3317.139892578125,23501.099609375
2014-12-31,17823.0703125,2058.89990234375,4272.75,10839.240234375,4736.0498046875,6566.10009765625,,3234.677001953125,11014.4970703125,3389.39990234375,23605.0390625
2015-01-02,17832.990234375,2058.199951171875,4252.2900390625,10830.919921875,4726.81005859375,6547.7998046875,,,,,23721.30078125
2015-01-05,17501.650390625,2020.5799560546875,4111.35986328125,10607.6796875,4652.56982421875,6417.2001953125,17408.7109375,3350.51904296875,11520.4609375,3511.050048828125,23721.3203125
2015-01-06,17371.640625,2002.6099853515625,4083.5,10514.8701171875,4592.740234375,6366.5,16883.189453125,3351.446044921875,11667.8388671875,3512.070068359375,23485.41015625
2015-01-07,17584.51953125,2025.9000244140625,4112.72998046875,10627.1298828125,4650.47021484375,6419.7998046875,16885.330078125,3373.9541015625,11613.23046875,3535.679931640625,23681.259765625
2015-01-08,17907.869140625,2062.139892578125,4260.18994140625,10800.5400390625,4736.18994140625,6570.0,17167.099609375,3293.4560546875,11465.01171875,3451.110107421875,23835.529296875
2015-01-09,17737.369140625,2044.81005859375,4179.06982421875,10711.41015625,4704.06982421875,6501.10009765625,17197.73046875,3285.412109375,11324.6328125,3442.659912109375,23919.94921875
2015-01-12,17640.83984375,2028.260009765625,4228.240234375,10640.740234375,4664.7099609375,6501.39990234375,,3229.31591796875,11285.0537109375,3383.840087890625,24026.4609375
2015-01-13,17613.6796875,2023.030029296875,4290.27978515625,10622.9599609375,4661.5,6542.2001953125,17087.7109375,3235.301025390625,11355.681640625,3390.070068359375,24215.970703125
2015-01-14,17427.08984375,2011.27001953125,4223.240234375,10565.419921875,4639.31982421875,6388.5,16795.9609375,3222.43701171875,11237.654296875,3376.550048828125,24112.599609375
2015-01-15,17320.7109375,1992.6700439453125,4323.2001953125,10514.599609375,4570.81982421875,6498.7998046875,17108.69921875,3336.455078125,11483.55078125,3496.35009765625,24350.91015625
2015-01-16,17511.5703125,2019.4200439453125,4379.6201171875,10660.3203125,4634.3798828125,6550.2998046875,16864.16015625,3376.4951171875,11532.6708984375,3538.419921875,24103.51953125
2015-01-19,,,4394.93017578125,,,6585.5,17014.2890625,3116.35107421875,10770.8095703125,3265.340087890625,23738.490234375
2015-01-20,17515.23046875,2022.550048828125,4446.02001953125,10658.6201171875,4654.85009765625,6620.10009765625,17366.30078125,3173.052001953125,10996.357421875,3324.75,23951.16015625
2015-01-21,17554.279296875,2032.1199951171875,4484.81982421875,10720.400390625,4667.419921875,6728.0,17280.48046875,3323.611083984375,11372.0517578125,3482.8798828125,24352.580078125
2015-01-22,17813.98046875,2063.14990234375,4552.7998046875,10859.349609375,4750.39990234375,6796.60009765625,17329.01953125,3343.343994140625,11471.08203125,3503.56005859375,24522.630859375
2015-01-23,17672.599609375,2051.820068359375,4640.68994140625,10788.330078125,4757.8798828125,6832.7998046875,17511.75,3351.763916015625,11436.162109375,3512.429931640625,24850.44921875
2015-01-26,17678.69921875,2057.090087890625,4675.1298828125,10847.150390625,4771.759765625,6852.39990234375,17468.51953125,3383.181884765625,11686.8388671875,3545.409912109375,24909.900390625
2015-01-27,17387.2109375,2029.550048828125,4624.2099609375,10781.830078125,4681.5,6811.60009765625,17768.30078125,3352.9599609375,11551.740234375,3513.669921875,24807.279296875
2015-01-28,17191.369140625,2002.1600341796875,4610.93994140625,10603.8603515625,4637.990234375,6825.89990234375,17795.73046875,3305.738037109375,11354.072265625,3464.06005859375,24861.810546875
2015-01-29,17416.849609375,2021.25,4631.43017578125,10691.6298828125,4683.41015625,6810.60009765625,17606.220703125,3262.304931640625,11248.9140625,3418.429931640625,24595.849609375
2015-01-30,17164.94921875,1994.989990234375,4604.25,10537.2197265625,4635.240234375,6749.39990234375,17674.390625,3210.363037109375,11150.5654296875,3363.8701171875,24507.05078125
2015-02-02,17361.0390625,2020.8499755859375,4627.669921875,10669.0302734375,4676.68994140625,6782.60009765625,17558.0390625,3128.300048828125,10963.0166015625,3277.590087890625,24484.740234375
2015-02-03,17666.400390625,2050.030029296875,4677.89990234375,10847.41015625,4727.740234375,6871.7998046875,17335.849609375,3204.906982421875,11209.0654296875,3358.080078125,24554.779296875
2015-02-04,17673.01953125,2041.510009765625,4696.2998046875,10775.0400390625,4716.7001953125,6860.0,17678.740234375,3174.1259765625,11116.4248046875,3325.72998046875,24679.759765625
2015-02-05,17884.880859375,2062.52001953125,4703.2998046875,10896.0595703125,4765.10009765625,6865.89990234375,17504.619140625,3136.531005859375,11065.4560546875,3286.18994140625,24765.490234375
2015-02-06,17824.2890625,2055.469970703125,4691.02978515625,10847.509765625,4744.39990234375,6853.39990234375,17648.5,3075.906982421875,10790.9794921875,3222.52001953125,24679.390625
2015-02-09,17729.2109375,2046.739990234375,4651.080078125,10826.58984375,4726.009765625,6837.2001953125,17711.9296875,3095.1240234375,10868.017578125,3242.7099609375,24521.0
2015-02-10,17868.759765625,2068.590087890625,4695.64990234375,10915.1396484375,4787.64013671875,6829.10009765625,17652.6796875,3141.593017578125,11136.4951171875,3291.489990234375,24528.099609375
2015-02-11,17862.140625,2068.530029296875,4679.3798828125,10889.0498046875,4801.18017578125,6818.2001953125,,3157.7041015625,11265.50390625,3308.3798828125,24315.01953125
2015-02-12,17972.380859375,2088.47998046875,4726.2001953125,10995.3095703125,4857.60986328125,6828.10009765625,17979.720703125,3173.416015625,11302.603515625,3324.8798828125,24422.150390625
2015-02-13,18019.349609375,2096.989990234375,4759.35986328125,11042.6904296875,4893.83984375,6873.5,17913.359375,3203.826904296875,11442.921875,3356.820068359375,24682.5390625
2015-02-16,,,4751.9501953125,,,6857.10009765625,18004.76953125,3222.363037109375,11595.1201171875,3376.280029296875,24726.529296875
2015-02-17,18047.580078125,2100.340087890625,4753.990234375,11054.4697265625,4899.27001953125,6898.10009765625,17987.08984375,3246.906005859375,11718.4287109375,3402.06005859375,24784.880859375
2015-02-18,18029.849609375,2099.679931640625,4799.02978515625,11064.08984375,4906.35986328125,6898.10009765625,18199.169921875,,,,24832.080078125
2015-02-19,17985.76953125,2097.449951171875,4833.27978515625,11038.259765625,4924.7001953125,6888.89990234375,18264.7890625,,,,
2015-02-20,18140.439453125,2110.300048828125,4830.89990234375,11108.669921875,4955.97021484375,6915.2001953125,18332.30078125,,,,
2015-02-23,18116.83984375,2109.659912109375,4862.2998046875,11074.580078125,4960.97021484375,6912.2001953125,18466.919921875,,,,24836.759765625
2015-02-24,18209.189453125,2115.47998046875,4886.43994140625,11122.1103515625,4968.1201171875,6949.60009765625,18603.48046875,,,,24750.0703125
2015-02-25,18224.5703125,2113.860107421875,4882.22021484375,11117.9296875,4967.14013671875,6935.39990234375,18585.19921875,3228.843017578125,11539.5712890625,3383.18994140625,24778.279296875
2015-02-26,18214.419921875,2110.739990234375,4910.6201171875,11082.099609375,4987.89013671875,6949.7001953125,18785.7890625,3298.35888671875,11750.6494140625,3456.199951171875,24902.060546875
2015-02-27,18132.69921875,2104.5,4951.47998046875,11062.7900390625,4963.52978515625,6946.7001953125,18797.939453125,3310.302978515625,11757.5478515625,3468.699951171875,24823.2890625
2015-03-02,18288.630859375,2117.389892578125,4917.31982421875,11102.8203125,5008.10009765625,6940.60009765625,18826.880859375,3336.284912109375,11883.88671875,3495.989990234375,24887.439453125
2015-03-03,18203.369140625,2107.780029296875,4869.25,11051.2197265625,4979.89990234375,6889.10009765625,18815.16015625,3263.052001953125,11526.0908203125,3419.139892578125,24702.779296875
2015-03-04,18096.900390625,2098.530029296875,4917.35009765625,11004.6796875,4967.14013671875,6919.2001953125,18703.599609375,3279.532958984375,11654.94921875,3436.3798828125,24465.380859375
2015-03-05,18135.720703125,2101.0400390625,4963.509765625,11014.259765625,4982.81005859375,6961.10009765625,18751.83984375,3248.47607421875,11566.259765625,3403.719970703125,24193.0390625
2015-03-06,17856.779296875,2071.260009765625,4964.35009765625,10842.169921875,4927.3701171875,6911.7998046875,18971.0,3241.18701171875,11392.2724609375,3396.050048828125,24164.0
2015-03-09,17995.720703125,2079.429931640625,4937.2001953125,10866.6201171875,4942.43994140625,6876.5,18790.55078125,3302.407958984375,11533.1015625,3460.3798828125,24123.05078125
2015-03-10,17662.939453125,2044.1600341796875,4881.9501953125,10678.41015625,4859.7900390625,6702.7998046875,18665.109375,3286.068115234375,11556.5205078125,3443.14990234375,23896.98046875
2015-03-11,17635.390625,2040.239990234375,4997.75,10678.759765625,4849.93994140625,6721.5,18723.51953125,3290.89990234375,11524.9609375,3448.219970703125,23717.970703125
2015-03-12,17895.220703125,2065.949951171875,4987.330078125,10820.8701171875,4893.2900390625,6761.10009765625,18991.109375,3349.322998046875,11635.458984375,3509.60009765625,23797.9609375
2015-03-13,17749.310546875,2053.39990234375,5010.4599609375,10751.01953125,4871.759765625,6740.60009765625,19254.25,3372.910888671875,11713.4794921875,3534.330078125,23823.2109375
2015-03-16,17977.419921875,2081.18994140625,5061.16015625,10881.1796875,4929.509765625,6804.10009765625,19246.060546875,3449.304931640625,12017.6357421875,3614.52001953125,23949.55078125
2015-03-17,17849.080078125,2074.280029296875,5028.93017578125,10862.4296875,4937.43017578125,6837.60009765625,19437.0,3502.846923828125,12169.3828125,3670.919921875,23901.490234375
2015-03-18,18076.189453125,2099.5,5033.419921875,11019.7197265625,4982.830078125,6945.2001953125,19544.48046875,3577.301025390625,12496.1005859375,3749.1201171875,24120.080078125
2015-03-19,17959.029296875,2089.27001953125,5037.18017578125,10931.3603515625,4992.3798828125,6962.2998046875,19476.560546875,3582.27099609375,12428.970703125,3754.320068359375,24468.890625
2015-03-20,18127.650390625,2108.10009765625,5087.490234375,11070.5302734375,5026.419921875,7022.5,19560.220703125,3617.318115234375,12544.3095703125,3791.110107421875,24375.240234375
2015-03-23,18116.0390625,2104.419921875,5054.52001953125,11070.8896484375,5010.97021484375,7037.7001953125,19754.359375,3687.72802734375,12780.177734375,3865.050048828125,24494.509765625
2015-03-24,18011.140625,2091.5,5088.27978515625,11019.75,4994.72998046875,7019.7001953125,19713.44921875,3691.409912109375,12801.056640625,3868.89990234375,24399.599609375
2015-03-25,17718.5390625,2061.050048828125,5020.990234375,10897.509765625,4876.52001953125,6991.0,19746.19921875,3660.72705078125,12756.95703125,3836.659912109375,24528.23046875
2015-03-26,17678.23046875,2056.14990234375,5006.35009765625,10865.150390625,4863.35986328125,6895.2998046875,19471.119140625,3682.094970703125,12712.837890625,3859.1298828125,24497.080078125
2015-03-27,17712.66015625,2061.02001953125,5034.06005859375,10875.1396484375,4891.22021484375,6855.0,19285.630859375,3691.095947265625,12874.275390625,3868.52001953125,24486.19921875
2015-03-30,17976.310546875,2086.239990234375,5083.52001953125,10989.16015625,4947.43994140625,6891.39990234375,19411.400390625,3786.568115234375,13193.1728515625,3968.830078125,24855.119140625
2015-03-31,17776.119140625,2067.889892578125,5033.64013671875,10899.1904296875,4900.8798828125,6773.0,19206.990234375,3747.89892578125,13160.5126953125,3928.239990234375,24900.890625
2015-04-01,17698.1796875,2059.68994140625,5062.22021484375,10891.6103515625,4880.22998046875,6809.5,19034.83984375,3810.2939453125,13394.580078125,3993.820068359375,25082.75
2015-04-02,17763.240234375,2066.9599609375,5074.14013671875,10953.16015625,4886.93994140625,6833.5,19312.7890625,3825.783935546875,13425.94921875,4010.050048828125,25275.640625
2015-04-03,,,,,,,19435.080078125,3863.928955078125,13494.4892578125,4050.090087890625,
2015-04-06,17880.849609375,2080.6201171875,,11033.1201171875,4917.31982421875,,19397.98046875,,,,
2015-04-07,17875.419921875,2076.330078125,5151.18994140625,11013.240234375,4910.22998046875,6961.7998046875,19640.5390625,3961.3779296875,13768.576171875,4152.509765625,
2015-04-08,17902.509765625,2081.89990234375,5136.85986328125,11032.990234375,4950.81982421875,6937.39990234375,19789.810546875,3994.81103515625,13841.564453125,4187.66015625,26236.859375
2015-04-09,17958.73046875,2091.179931640625,5208.9501953125,11065.3896484375,4974.56005859375,7015.39990234375,19937.720703125,3957.533935546875,13796.5751953125,4148.3701171875,26944.390625
2015-04-10,18057.650390625,2102.06005859375,5240.4599609375,11112.6796875,4995.97998046875,7089.7998046875,19907.630859375,4034.31005859375,14013.18359375,4227.93017578125,27272.390625
2015-04-13,17977.0390625,2092.429931640625,5254.1201171875,11056.759765625,4988.25,7064.2998046875,19905.4609375,4121.71484375,14149.3515625,4318.56005859375,28016.33984375
2015-04-14,18036.69921875,2095.840087890625,5218.06005859375,11108.0703125,4977.2900390625,7075.2998046875,19908.6796875,4135.56494140625,14042.3017578125,4332.72021484375,27561.490234375
2015-04-15,18112.609375,2106.6298828125,5254.35009765625,11171.0595703125,5011.02001953125,7096.7998046875,19869.759765625,4084.1630859375,13646.45703125,4278.580078125,27618.8203125
2015-04-16,18105.76953125,2104.989990234375,5224.490234375,11169.75,5007.7900390625,7060.5,19885.76953125,4194.8232421875,13967.6435546875,4394.64990234375,27739.7109375
2015-04-17,17826.30078125,2081.179931640625,5143.259765625,11058.4501953125,4931.81005859375,6994.60009765625,19652.880859375,4287.2958984375,14149.181640625,4492.080078125,27653.119140625
2015-04-20,18034.9296875,2100.39990234375,5187.58984375,11116.5703125,4994.60009765625,7052.10009765625,19634.490234375,4217.0771484375,13871.4443359375,4418.89990234375,27094.9296875
2015-04-21,17949.58984375,2097.2900390625,5192.64013671875,11100.3798828125,5014.10009765625,7062.89990234375,19909.08984375,4293.623046875,14438.837890625,4498.93017578125,27850.490234375
2015-04-22,18038.26953125,2107.9599609375,5211.08984375,11144.4501953125,5035.169921875,7028.2001953125,20133.900390625,4398.494140625,14748.96484375,4608.740234375,27933.849609375
2015-04-23,18058.689453125,2112.929931640625,5178.91015625,11191.48046875,5056.06005859375,7053.7001953125,20187.650390625,4414.5078125,14743.0546875,4625.56005859375,27827.69921875
2015-04-24,18080.140625,2117.68994140625,5201.4501953125,11192.9296875,5092.080078125,7070.7001953125,20020.0390625,4393.68603515625,14598.5361328125,4603.64990234375,28060.98046875
2015-04-27,18037.970703125,2108.919921875,5268.91015625,11167.3095703125,5060.25,7104.0,19983.3203125,4527.39599609375,14809.25390625,4744.08984375,28433.58984375
2015-04-28,18110.140625,2114.760009765625,5173.3798828125,11203.080078125,5055.419921875,7030.5,20058.94921875,4476.21484375,14707.0849609375,4690.6298828125,28442.75
2015-04-29,18035.529296875,2106.85009765625,5039.39013671875,11154.1103515625,5023.64013671875,6946.2998046875,,4476.6201171875,14871.783203125,4690.77978515625,28400.33984375
2015-04-30,17840.51953125,2085.510009765625,5046.490234375,11049.740234375,4941.419921875,6960.60009765625,19520.009765625,4441.65478515625,14818.4736328125,4653.830078125,28133.0
2015-05-01,18024.060546875,2108.2900390625,,11140.3603515625,5005.39013671875,6986.0,19531.630859375,,,,
2015-05-04,18070.400390625,2114.489990234375,5081.97021484375,11173.2802734375,5016.93017578125,,,4480.4638671875,14860.36328125,4694.5498046875,28123.8203125
2015-05-05,17928.19921875,2089.4599609375,4974.06982421875,11049.33984375,4939.330078125,6927.60009765625,,4298.7060546875,14232.9404296875,4503.740234375,27755.5390625
2015-05-06,17841.98046875,2080.14990234375,4981.58984375,11015.990234375,4919.64013671875,6933.7001953125,,4229.26611328125,14136.01171875,4430.75,27640.91015625
2015-05-07,17924.060546875,2088.0,4967.22021484375,11036.400390625,4945.5400390625,6887.0,19291.990234375,4112.2138671875,14114.572265625,4308.0498046875,27289.970703125
2015-05-08,18191.109375,2116.10009765625,5090.39013671875,11196.5,5003.5498046875,7046.7998046875,19379.189453125,4205.9169921875,14481.087890625,4406.31982421875,27577.33984375
2015-05-11,18105.169921875,2105.330078125,5027.8701171875,11140.740234375,4993.56982421875,7029.89990234375,19620.91015625,4333.583984375,14944.712890625,4539.89013671875,27718.19921875
2015-05-12,18068.23046875,2099.1201171875,4974.64990234375,11113.169921875,4976.18994140625,6933.7998046875,19624.83984375,4401.21923828125,15066.12109375,4610.68994140625,27407.1796875
2015-05-13,18060.490234375,2098.47998046875,4961.85986328125,11117.0,4981.68994140625,6949.60009765625,19764.720703125,4375.759765625,15172.919921875,4583.85009765625,27249.279296875
2015-05-14,18252.240234375,2121.10009765625,5029.31005859375,11207.330078125,5050.7998046875,6973.0,19570.240234375,4378.31103515625,15024.30078125,4586.330078125,27286.55078125
2015-05-15,18272.560546875,2122.72998046875,4993.81982421875,11228.349609375,5048.2900390625,6960.5,19732.919921875,4308.69091796875,14694.7861328125,4512.169921875,27822.279296875
2015-05-18,18298.880859375,2129.199951171875,5012.31005859375,11227.8896484375,5078.43994140625,6968.89990234375,19890.26953125,4283.4912109375,14672.4658203125,4485.0400390625,27591.25
2015-05-19,18312.390625,2127.830078125,5117.2998046875,11213.150390625,5070.02978515625,6995.10009765625,20026.380859375,4417.5517578125,15127.2099609375,4625.7900390625,27693.5390625
2015-05-20,18285.400390625,2125.85009765625,5133.2998046875,11210.240234375,5071.740234375,7007.2998046875,20196.560546875,4446.2880859375,15336.908203125,4655.56005859375,27585.05078125
2015-05-21,18285.740234375,2130.820068359375,5146.7001953125,11239.66015625,5090.7900390625,7013.5,20202.869140625,4529.421875,15872.3525390625,4742.56005859375,27523.720703125
2015-05-22,18232.01953125,2126.06005859375,5142.89013671875,11197.6904296875,5089.35986328125,7031.7001953125,20264.41015625,4657.59619140625,16045.6201171875,4877.43017578125,27992.830078125
2015-05-25,,,5117.169921875,,,,20413.76953125,4813.7978515625,16350.8759765625,5041.43994140625,
2015-05-26,18041.5390625,2104.199951171875,5083.5400390625,11065.3203125,5032.75,6949.0,20437.48046875,4910.89697265625,16903.28125,5143.0498046875,28249.859375
2015-05-27,18162.990234375,2123.47998046875,5182.52978515625,11143.349609375,5106.58984375,7033.2998046875,20472.580078125,4941.7138671875,16963.330078125,5175.5,28081.2109375
2015-05-28,18126.119140625,2120.7900390625,5137.830078125,11132.740234375,5097.97998046875,7040.89990234375,20551.4609375,4620.26611328125,15912.7724609375,4838.52978515625,27454.310546875
2015-05-29,18010.6796875,2107.389892578125,5007.89013671875,11056.2998046875,5070.02978515625,6984.39990234375,20563.150390625,4611.744140625,16100.26953125,4829.1298828125,27424.189453125
2015-06-01,18040.369140625,2111.72998046875,5025.2998046875,11061.6796875,5082.93017578125,6953.60009765625,20569.869140625,4828.73779296875,16917.33984375,5056.18994140625,27597.16015625
2015-06-02,18011.939453125,2109.60009765625,5004.4599609375,11080.8896484375,5076.52001953125,6928.2998046875,20543.189453125,4910.52685546875,17485.384765625,5141.6201171875,27466.720703125
2015-06-03,18076.26953125,2114.070068359375,5034.169921875,11107.9404296875,5099.22998046875,6950.5,20473.509765625,4909.97802734375,17538.3046875,5141.18017578125,27657.470703125
2015-06-04,17905.580078125,2095.840087890625,4987.1298828125,11000.3896484375,5059.1201171875,6859.2001953125,20488.189453125,4947.10205078125,17500.85546875,5180.259765625,27551.890625
2015-06-05,17849.4609375,2092.830078125,4920.740234375,10979.330078125,5068.4599609375,6804.60009765625,20460.900390625,5023.09619140625,17648.890625,5260.25,27260.16015625
2015-06-08,17766.55078125,2079.280029296875,4857.66015625,10917.8203125,5021.6298828125,6790.0,20457.189453125,5131.880859375,17452.115234375,5375.18017578125,27316.279296875
2015-06-09,17764.0390625,2080.14990234375,4850.22021484375,10915.6396484375,5013.8701171875,6753.7998046875,20096.30078125,5113.5341796875,17398.8046875,5356.009765625,26989.51953125
2015-06-10,18000.400390625,2105.199951171875,4934.91015625,11057.990234375,5076.68994140625,6830.2998046875,20046.359375,5106.0361328125,17677.37109375,5347.740234375,26687.640625
2015-06-11,18039.369140625,2108.860107421875,4971.3701171875,11080.509765625,5082.509765625,6846.7001953125,20382.970703125,5121.5927734375,17889.48828125,5363.9599609375,26907.849609375
2015-06-12,17898.83984375,2094.110107421875,4901.18994140625,11009.91015625,5051.10009765625,6784.89990234375,20407.080078125,5166.35009765625,18098.068359375,5410.85986328125,27280.5390625
2015-06-15,17791.169921875,2084.429931640625,4815.35986328125,10949.5400390625,5029.97021484375,6710.5,20387.7890625,5062.9931640625,17702.3515625,5302.77001953125,26861.810546875
2015-06-16,17904.48046875,2096.2900390625,4839.85986328125,10997.66015625,5055.5498046875,6710.10009765625,20257.939453125,4887.43212890625,17075.73828125,5118.5400390625,26566.69921875
2015-06-17,17935.740234375,2100.43994140625,4790.6201171875,11013.66015625,5064.8798828125,6680.60009765625,20219.26953125,4967.89794921875,17405.375,5203.27001953125,26753.7890625
2015-06-18,18115.83984375,2121.239990234375,4803.47998046875,11100.4697265625,5132.9501953125,6707.89990234375,19990.8203125,4785.35595703125,16734.65234375,5011.6201171875,26694.66015625
2015-06-19,18015.94921875,2109.989990234375,4815.3701171875,11038.9599609375,5117.0,6710.5,20174.240234375,4478.36376953125,15725.2939453125,4689.56005859375,26760.529296875
2015-06-22,18119.779296875,2122.85009765625,4998.60986328125,11129.6103515625,5153.97021484375,6825.7001953125,20428.189453125,,,,27080.849609375
2015-06-23,18144.0703125,2124.199951171875,5057.68017578125,11149.3603515625,5160.08984375,6834.89990234375,20809.419921875,4576.4921875,16045.810546875,4792.85986328125,27333.4609375
2015-06-24,17966.0703125,2108.580078125,5045.35009765625,11066.1396484375,5122.41015625,6844.7998046875,20868.029296875,4690.14990234375,16312.126953125,4912.22021484375,27404.970703125
2015-06-25,17890.359375,2102.31005859375,5041.7099609375,11035.73046875,5112.18994140625,6807.7998046875,20771.400390625,4527.77880859375,15692.2646484375,4742.3798828125,27145.75
2015-06-26,17946.6796875,2101.489990234375,5059.169921875,11040.3095703125,5080.509765625,6753.7001953125,20706.150390625,4192.873046875,14398.62890625,4391.91015625,26663.869140625
2015-06-29,17596.349609375,2057.639892578125,4869.81982421875,10790.330078125,4958.47021484375,6620.5,20109.94921875,4053.030029296875,13566.1171875,4245.47021484375,25966.98046875
2015-06-30,17619.509765625,2063.110107421875,4790.2001953125,10805.2001953125,4986.8701171875,6521.0,20235.73046875,4277.22216796875,14337.80859375,4479.89990234375,26250.029296875
2015-07-01,17757.91015625,2077.419921875,4883.18994140625,10858.990234375,5013.1201171875,6608.60009765625,20329.3203125,4053.699951171875,13650.6669921875,4245.66015625,
2015-07-02,17730.109375,2076.780029296875,4835.56005859375,10864.8203125,5009.2099609375,6630.5,20522.5,3912.76708984375,12924.0458984375,4098.080078125,26282.3203125
2015-07-03,,,4808.22021484375,,,6585.7998046875,20539.7890625,3686.9150390625,12245.9228515625,3861.590087890625,26064.109375
2015-07-06,17683.580078125,2068.760009765625,4711.5400390625,10782.6796875,4991.93994140625,6535.7001953125,20112.119140625,3775.912109375,12075.6337890625,3956.0,25236.279296875
2015-07-07,17776.91015625,2081.340087890625,4604.64013671875,10829.3203125,4997.4599609375,6432.2001953125,20376.58984375,3727.125,11375.4716796875,3905.93994140625,24975.310546875
2015-07-08,17515.419921875,2046.6800537109375,4639.02001953125,10636.7998046875,4909.759765625,6490.7001953125,19737.640625,3507.19189453125,11040.7666015625,3675.639892578125,23516.560546875
2015-07-09,17548.619140625,2051.31005859375,4757.22021484375,10689.509765625,4922.39990234375,6581.60009765625,19855.5,3709.330078125,11510.2109375,3887.31005859375,24392.7890625
2015-07-10,17760.41015625,2076.6201171875,4903.06982421875,10853.919921875,4997.7001953125,6673.39990234375,19779.830078125,3877.802978515625,12038.015625,4063.429931640625,24901.279296875
2015-07-13,17977.6796875,2099.60009765625,4998.10009765625,10944.849609375,5071.509765625,6738.0,20089.76953125,3970.387939453125,12614.0185546875,4159.77978515625,25224.009765625
2015-07-14,18053.580078125,2108.949951171875,5032.47021484375,10993.259765625,5104.89013671875,6753.7998046875,20385.330078125,3924.487060546875,12728.3671875,4111.759765625,25120.91015625
2015-07-15,18050.169921875,2107.39990234375,5047.240234375,10958.830078125,5098.93994140625,6753.7998046875,20463.330078125,3805.702880859375,12132.2841796875,3987.929931640625,25055.759765625
2015-07-16,18120.25,2124.2900390625,5121.5,11024.8701171875,5163.18017578125,6796.5,20600.119140625,3823.176025390625,12357.4716796875,4005.75,25162.779296875
2015-07-17,18086.44921875,2126.639892578125,5124.39013671875,10987.169921875,5210.14013671875,6775.10009765625,20650.919921875,3957.35205078125,13004.814453125,4146.02978515625,25415.26953125
2015-07-20,18100.41015625,2128.280029296875,5142.490234375,10969.490234375,5218.85986328125,6788.7001953125,,3992.110107421875,13202.2529296875,4182.64013671875,25404.810546875
2015-07-21,17919.2890625,2119.2099609375,5106.56982421875,10919.0,5208.1201171875,6769.10009765625,20841.970703125,4017.675048828125,13315.41015625,4209.509765625,25536.4296875
2015-07-22,17851.0390625,2114.14990234375,5082.56982421875,10899.8603515625,5171.77001953125,6667.2998046875,20593.669921875,4026.044921875,13416.3896484375,4218.31005859375,25282.619140625
2015-07-23,17731.919921875,2102.14990234375,5086.740234375,10840.73046875,5146.41015625,6655.0,20683.94921875,4123.9228515625,13754.376953125,4320.83984375,25398.849609375
2015-07-24,17568.529296875,2079.64990234375,5057.35986328125,10721.9501953125,5088.6298828125,6579.7998046875,20544.529296875,4070.907958984375,13518.3681640625,4265.33984375,25128.509765625
2015-07-27,17440.58984375,2067.639892578125,4927.60009765625,10656.6103515625,5039.77978515625,6505.10009765625,20350.099609375,3725.55810546875,12492.91015625,3903.4599609375,24351.9609375
2015-07-28,17630.26953125,2093.25,4977.31982421875,10790.1796875,5089.2099609375,6555.2998046875,20328.890625,3663.001953125,12316.6416015625,3836.989990234375,24503.939453125
2015-07-29,17751.390625,2108.570068359375,5017.43994140625,10883.91015625,5111.72998046875,6631.0,20302.91015625,3789.16796875,12822.9267578125,3969.3701171875,24619.44921875
2015-07-30,17745.98046875,2108.6298828125,5046.419921875,10881.75,5128.77978515625,6668.89990234375,20522.830078125,3705.76611328125,12395.78125,3882.030029296875,24497.98046875
2015-07-31,17689.859375,2103.840087890625,5082.60986328125,10882.2802734375,5128.27978515625,6696.2998046875,20585.240234375,3663.72607421875,12374.111328125,3838.070068359375,24636.279296875
2015-08-03,17598.19921875,2098.0400390625,5120.52001953125,10841.259765625,5115.3798828125,6688.60009765625,20548.109375,3622.905029296875,12161.443359375,3795.89990234375,24411.419921875
2015-08-04,17550.689453125,2093.320068359375,5112.14013671875,10824.7001953125,5105.5498046875,6686.60009765625,20520.359375,3756.544921875,12711.4169921875,3935.669921875,24406.119140625
2015-08-05,17540.470703125,2099.840087890625,5196.72998046875,10847.849609375,5139.93994140625,6752.39990234375,20614.060546875,3694.572998046875,12524.55078125,3870.719970703125,24514.16015625
2015-08-06,17419.75,2083.56005859375,5192.10986328125,10799.4404296875,5056.43994140625,6747.10009765625,20664.439453125,3661.5390625,12421.7109375,3836.1298828125,24375.279296875
2015-08-07,17373.380859375,2077.570068359375,5154.75,10763.150390625,5043.5400390625,6718.5,20724.560546875,3744.205078125,12752.9072265625,3922.68994140625,24552.470703125
2015-08-10,17615.169921875,2104.179931640625,5195.41015625,10906.0498046875,5101.7998046875,6736.2001953125,20808.689453125,3928.4150390625,13302.810546875,4115.72021484375,24521.119140625
2015-08-11,17402.83984375,2084.070068359375,5099.02978515625,10802.08984375,5036.7900390625,6664.5,20720.75,3927.907958984375,13322.9404296875,4115.240234375,24498.2109375
2015-08-12,17402.509765625,2086.050048828125,4925.43017578125,10779.4599609375,5044.39013671875,6571.2001953125,20392.76953125,3886.320068359375,13116.9521484375,4071.610107421875,23916.01953125
2015-08-13,17408.25,2083.389892578125,4986.85009765625,10745.3095703125,5033.56005859375,6568.2998046875,20595.55078125,3954.555908203125,13395.029296875,4143.08984375,24018.80078125
2015-08-14,17477.400390625,2091.5400390625,4956.47021484375,10782.240234375,5048.240234375,6550.7001953125,20519.44921875,3965.3349609375,13445.7197265625,4154.3798828125,23991.029296875
2015-08-17,17545.1796875,2102.43994140625,4984.830078125,10818.5703125,5091.7001953125,6550.2998046875,20620.259765625,3993.66796875,13573.748046875,4184.1298828125,23814.650390625
2015-08-18,17511.33984375,2096.919921875,4971.25,10792.7998046875,5059.35009765625,6526.2998046875,20554.470703125,3748.1640625,12683.71875,3927.030029296875,23474.970703125
2015-08-19,17348.73046875,2079.610107421875,4884.10009765625,10687.01953125,5019.0498046875,6403.5,20222.630859375,3794.10888671875,12960.5146484375,3974.989990234375,23167.849609375
2015-08-20,16990.689453125,2035.72998046875,4783.5498046875,10475.75,4877.490234375,6367.89990234375,20033.51953125,3664.291015625,12584.4384765625,3838.800048828125,22757.470703125
2015-08-21,16459.75,1970.8900146484375,4630.990234375,10195.6904296875,4706.0400390625,6187.7001953125,19435.830078125,3507.743896484375,11901.916015625,3674.719970703125,22409.619140625
2015-08-24,15871.349609375,1893.2099609375,4383.4599609375,9789.9404296875,4526.25,5898.89990234375,18540.6796875,3209.905029296875,10970.1669921875,3362.830078125,21251.5703125
2015-08-25,15666.4404296875,1867.6099853515625,4564.85986328125,9692.3896484375,4506.490234375,6081.2998046875,17806.69921875,2964.967041015625,10197.826171875,3106.330078125,21404.9609375
2015-08-26,16285.509765625,1940.510009765625,4501.0498046875,9979.669921875,4697.5400390625,5979.2001953125,18376.830078125,2927.2880859375,9899.6083984375,3066.639892578125,21080.390625
2015-08-27,16654.76953125,1987.6600341796875,4658.18017578125,10230.509765625,4812.7099609375,6192.0,18574.439453125,3083.591064453125,10254.2353515625,3230.409912109375,21838.5390625
2015-08-28,16643.009765625,1988.8699951171875,4675.1298828125,10242.0595703125,4828.31982421875,6247.89990234375,19136.3203125,3232.35009765625,10799.87890625,3386.179931640625,21612.390625
2015-08-31,16528.029296875,1972.1800537109375,4652.9501953125,10176.5,4776.509765625,,18890.48046875,3205.986083984375,10549.0419921875,3358.81005859375,21670.580078125
2015-09-01,16058.349609375,1913.8499755859375,4541.16015625,9874.669921875,4636.10009765625,6058.5,18165.689453125,3166.6240234375,10162.4052734375,3317.9599609375,21185.4296875
2015-09-02,16351.3798828125,1948.8599853515625,4554.919921875,10013.3603515625,4749.97998046875,6083.2998046875,18095.400390625,3160.1669921875,10054.6865234375,3311.429931640625,20934.939453125
2015-09-03,16374.759765625,1951.1300048828125,4653.7900390625,10049.2900390625,4733.5,6194.10009765625,18182.390625,,,,
2015-09-04,16102.3798828125,1921.219970703125,4523.080078125,9871.8603515625,4683.919921875,6042.89990234375,17792.16015625,,,,20840.609375
2015-09-07,,,4549.64013671875,,,6074.5,17860.470703125,3080.419921875,9991.6484375,3227.3701171875,20583.51953125
2015-09-08,16492.6796875,1969.4100341796875,4598.259765625,10109.6796875,4811.93017578125,6146.10009765625,17427.080078125,3170.451904296875,10320.1142578125,3321.429931640625,21259.0390625
2015-09-09,16253.5703125,1942.0400390625,4664.58984375,9988.91015625,4756.52978515625,6229.0,18770.509765625,3243.089111328125,10620.0107421875,3397.550048828125,22131.310546875
2015-09-10,16330.400390625,1952.2900390625,4596.52978515625,10019.3896484375,4796.25,6155.7998046875,18299.619140625,3197.89306640625,10424.533203125,3350.18994140625,21562.5
2015-09-11,16433.08984375,1961.050048828125,4548.72021484375,10040.2197265625,4822.33984375,6117.7998046875,18264.220703125,3200.23388671875,10463.5732421875,3352.360107421875,21504.369140625
2015-09-14,16370.9599609375,1953.030029296875,4518.14990234375,9988.58984375,4805.759765625,6084.60009765625,17965.69921875,3114.798095703125,9778.12109375,3263.3701171875,21561.900390625
2015-09-15,16599.849609375,1978.0899658203125,4569.3701171875,10105.8701171875,4860.52001953125,6137.60009765625,18026.48046875,3005.172119140625,9290.7060546875,3148.22998046875,21455.23046875
2015-09-16,16739.94921875,1995.31005859375,4645.83984375,10236.7197265625,4889.240234375,6229.2001953125,18171.599609375,3152.262939453125,9890.318359375,3302.14990234375,21966.66015625
2015-09-17,16674.740234375,1990.199951171875,4655.14013671875,10215.5400390625,4893.9501953125,6187.0,18432.26953125,3086.06103515625,9739.7802734375,3232.800048828125,21854.630859375
2015-09-18,16384.580078125,1958.030029296875,4535.85009765625,10031.599609375,4827.22998046875,6104.10009765625,18070.2109375,3097.9169921875,9850.6591796875,3245.110107421875,21920.830078125
2015-09-21,16510.189453125,1966.969970703125,4585.5,10066.0703125,4828.9501953125,6108.7001953125,,3156.5400390625,10176.6162109375,3306.419921875,21756.9296875
2015-09-22,16330.4697265625,1942.739990234375,4428.509765625,9912.599609375,4756.72021484375,5935.7998046875,,3185.618896484375,10238.576171875,3336.9599609375,21796.580078125
2015-09-23,16279.8896484375,1938.760009765625,4432.830078125,9867.900390625,4752.740234375,6032.2001953125,,3115.887939453125,10132.1865234375,3263.7099609375,21302.91015625
2015-09-24,16201.3203125,1932.239990234375,4347.240234375,9837.8095703125,4734.47998046875,5961.5,17571.830078125,3142.68701171875,10237.92578125,3291.81005859375,21095.98046875
2015-09-25,16314.669921875,1931.3399658203125,4480.66015625,9857.259765625,4686.5,6109.0,17880.509765625,3092.346923828125,9904.6484375,3239.0400390625,21186.3203125
2015-09-28,16001.8896484375,1881.77001953125,4357.0498046875,9601.419921875,4543.97021484375,5958.89990234375,17645.109375,3100.756103515625,10115.4365234375,3247.800048828125,
2015-09-29,16049.1298828125,1884.0899658203125,4343.72998046875,9622.0703125,4517.31982421875,5909.2001953125,16930.83984375,3038.136962890625,9949.80859375,3182.06005859375,20556.599609375
2015-09-30,16284.7001953125,1920.030029296875,4455.2900390625,9799.6904296875,4620.16015625,6061.60009765625,17388.150390625,3052.781005859375,9988.138671875,3197.3701171875,20846.30078125
2015-10-01,16272.009765625,1923.8199462890625,4426.5400390625,9820.9501953125,4627.080078125,6072.5,17722.419921875,,,,
2015-10-02,16472.369140625,1951.3599853515625,4458.8798828125,9973.5595703125,4707.77978515625,6130.0,17725.130859375,,,,21506.08984375
2015-10-05,16776.4296875,1987.050048828125,4616.89990234375,10167.9296875,4781.259765625,6298.89990234375,18005.490234375,,,,21854.5
2015-10-06,16790.189453125,1979.9200439453125,4660.64013671875,10156.3798828125,4748.35986328125,6326.2001953125,18186.099609375,,,,21831.619140625
2015-10-07,16912.2890625,1995.8299560546875,4667.33984375,10258.51953125,4791.14990234375,6336.39990234375,18322.98046875,,,,22515.759765625
2015-10-08,17050.75,2013.4300537109375,4675.91015625,10361.0400390625,4810.7900390625,6374.7998046875,18141.169921875,3143.35693359375,10394.6142578125,3292.2900390625,22354.91015625
2015-10-09,17084.490234375,2014.8900146484375,4701.39013671875,10361.259765625,4830.47021484375,6416.2001953125,18438.669921875,3183.152099609375,10540.0732421875,3334.030029296875,22458.80078125
2015-10-12,17131.859375,2017.4599609375,4688.7001953125,10356.490234375,4838.64013671875,6371.2001953125,,3287.662109375,10961.2373046875,3443.409912109375,22730.9296875
2015-10-13,17081.890625,2003.68994140625,4643.3798828125,10262.9404296875,4796.60986328125,6342.2998046875,18234.740234375,3293.22998046875,11042.0068359375,3449.139892578125,22600.4609375
2015-10-14,16924.75,1994.239990234375,4609.02978515625,10229.669921875,4782.85009765625,6269.60009765625,17891.0,3262.44091796875,10901.3583984375,3416.89990234375,22439.91015625
2015-10-15,17141.75,2023.8599853515625,4675.2900390625,10378.26953125,4870.10009765625,6338.7001953125,18096.900390625,3338.072998046875,11229.25390625,3496.090087890625,22888.169921875
2015-10-16,17215.970703125,2033.1099853515625,4702.7900390625,10421.91015625,4886.68994140625,6378.0,18291.80078125,3391.35205078125,11374.7021484375,3551.830078125,23067.369140625
2015-10-19,17230.5390625,2033.6600341796875,4704.06982421875,10391.599609375,4905.47021484375,6352.2998046875,18131.23046875,3386.699951171875,11390.8818359375,3547.080078125,23075.609375
2015-10-20,17217.109375,2030.77001953125,4673.81005859375,10383.419921875,4880.97021484375,6345.10009765625,18207.150390625,3425.330078125,11596.9501953125,3587.5400390625,22989.220703125
2015-10-21,17168.609375,2018.93994140625,4695.10009765625,10306.4404296875,4840.1201171875,6348.39990234375,18554.279296875,3320.676025390625,10915.8681640625,3478.1201171875,
2015-10-22,17489.16015625,2052.510009765625,4802.18017578125,10448.830078125,4920.0498046875,6376.2998046875,18435.869140625,3368.739013671875,11304.97265625,3528.22998046875,22845.369140625
2015-10-23,17646.69921875,2075.14990234375,4923.64013671875,10506.509765625,5031.85986328125,6444.10009765625,18825.30078125,3412.43408203125,11603.330078125,3573.85009765625,23151.939453125
2015-10-26,17623.05078125,2071.179931640625,4897.1298828125,10464.6201171875,5034.7001953125,6417.0,18947.119140625,3429.5810546875,11687.638671875,3591.909912109375,23116.25
2015-10-27,17581.4296875,2065.889892578125,4847.06982421875,10400.1796875,5030.14990234375,6365.2998046875,18777.0390625,3434.3359375,11758.2783203125,3596.860107421875,23142.73046875
2015-10-28,17779.51953125,2090.35009765625,4890.580078125,10538.2001953125,5095.68994140625,6437.7998046875,18903.01953125,3375.196044921875,11494.220703125,3534.909912109375,22956.5703125
2015-10-29,17755.80078125,2089.409912109375,4885.81982421875,10498.16015625,5074.27001953125,6395.7998046875,18935.7109375,3387.31494140625,11566.5302734375,3547.489990234375,22819.939453125
2015-10-30,17663.5390625,2079.360107421875,4897.66015625,10460.9599609375,5053.75,6361.10009765625,19083.099609375,3382.56103515625,11545.919921875,3542.159912109375,22640.0390625
2015-11-02,17828.759765625,2104.050048828125,4916.2099609375,10579.8701171875,5127.14990234375,6361.7998046875,18683.240234375,3325.0849609375,11304.7529296875,3481.93994140625,22370.0390625
2015-11-03,17918.150390625,2109.7900390625,4936.18017578125,10609.919921875,5145.1298828125,6383.60009765625,,3316.695068359375,11288.013671875,3473.1201171875,22568.4296875
2015-11-04,17867.580078125,2102.31005859375,4948.2900390625,10563.9599609375,5142.47998046875,6412.89990234375,18926.91015625,3459.639892578125,11884.767578125,3622.97998046875,23053.5703125
2015-11-05,17863.4296875,2099.929931640625,4980.0400390625,10548.3603515625,5127.740234375,6364.89990234375,19116.41015625,3522.819091796875,11939.67578125,3689.3798828125,23051.0390625
2015-11-06,17910.330078125,2099.199951171875,4984.14990234375,10513.3603515625,5147.1201171875,6353.7998046875,19265.599609375,3590.031982421875,12273.212890625,3759.860107421875,22867.330078125
2015-11-09,17730.48046875,2078.580078125,4911.169921875,10415.1904296875,5095.2998046875,6295.2001953125,19642.740234375,3646.881103515625,12453.1005859375,3819.43994140625,22726.76953125
2015-11-10,17758.2109375,2081.719970703125,4912.16015625,10432.349609375,5083.240234375,6275.2998046875,19671.259765625,3640.485107421875,12500.390625,3812.719970703125,22401.69921875
2015-11-11,17702.220703125,2075.0,4952.509765625,10399.900390625,5067.02001953125,6297.2001953125,19691.390625,3650.2490234375,12677.3984375,3822.8798828125,22352.169921875
2015-11-12,17448.0703125,2045.969970703125,4856.64990234375,10235.9501953125,5005.080078125,6178.7001953125,19697.76953125,3632.902099609375,12635.248046875,3804.6298828125,22888.919921875
2015-11-13,17245.240234375,2023.0400390625,4807.9501953125,10155.0703125,4927.8798828125,6118.2998046875,19596.91015625,3580.839111328125,12401.9013671875,3749.889892578125,22396.140625
2015-11-16,17483.009765625,2053.18994140625,4804.31005859375,10299.400390625,4984.6201171875,6146.39990234375,19393.689453125,3606.95703125,12620.23828125,3777.330078125,22010.8203125
2015-11-17,17489.5,2050.43994140625,4937.31005859375,10285.759765625,4986.02001953125,6268.7998046875,19630.630859375,3604.794921875,12511.41015625,3775.030029296875,22264.25
2015-11-18,17737.16015625,2083.580078125,4906.72021484375,10429.599609375,5075.2001953125,6279.0,19649.1796875,3568.468017578125,12283.623046875,3737.030029296875,22188.259765625
2015-11-19,17732.75,2081.239990234375,4915.10009765625,10431.4599609375,5073.64013671875,6329.89990234375,19859.810546875,3617.06201171875,12609.6982421875,3787.889892578125,22500.220703125
2015-11-20,17823.810546875,2089.169921875,4910.97021484375,10444.2001953125,5104.919921875,6334.60009765625,19879.810546875,3630.5,12701.8876953125,3801.969970703125,22754.720703125
2015-11-23,17792.6796875,2086.590087890625,4889.1201171875,10421.41015625,5102.47998046875,6305.5,,3610.31494140625,12586.548828125,3780.919921875,22665.900390625
2015-11-24,17812.189453125,2089.139892578125,4820.27978515625,10449.7197265625,5102.81005859375,6277.2001953125,19924.890625,3616.113037109375,12694.7177734375,3786.9599609375,22587.630859375
2015-11-25,17813.390625,2088.8701171875,4892.990234375,10450.3603515625,5116.14013671875,6337.60009765625,19847.580078125,3647.929931640625,12893.0859375,3820.1298828125,22498.0
2015-11-26,,,4946.02001953125,,,6393.10009765625,19944.41015625,3635.552001953125,12767.357421875,3807.219970703125,22488.939453125
2015-11-27,17813.390625,2090.110107421875,4930.14013671875,10450.5302734375,5127.52001953125,6375.2001953125,19883.939453125,3436.302978515625,11961.56640625,3598.35009765625,22068.3203125
2015-11-30,17719.919921875,2080.409912109375,4957.60009765625,10409.58984375,5108.669921875,6356.10009765625,19747.470703125,3445.405029296875,12037.7255859375,3607.389892578125,21996.419921875
2015-12-01,17888.349609375,2102.6298828125,4914.52978515625,10519.58984375,5156.31005859375,6395.7001953125,20012.400390625,3456.30908203125,12081.0341796875,3618.81005859375,22381.349609375
2015-12-02,17729.6796875,2079.510009765625,4905.759765625,10389.2001953125,5123.22021484375,6420.89990234375,19938.130859375,3536.905029296875,12186.1328125,3703.47998046875,22479.689453125
2015-12-03,17477.669921875,2049.6201171875,4730.2099609375,10257.3798828125,5037.52978515625,6275.0,19939.900390625,3584.823974609375,12447.240234375,3753.719970703125,22417.009765625
2015-12-04,17847.630859375,2091.68994140625,4714.7900390625,10408.8603515625,5142.27001953125,6238.2998046875,19504.48046875,3524.991943359375,12329.041015625,3690.89990234375,22235.890625
2015-12-07,17730.509765625,2077.070068359375,4756.41015625,10304.5302734375,5101.81005859375,6223.5,19698.150390625,3536.927001953125,12442.91015625,3703.340087890625,22203.220703125
2015-12-08,17568.0,2063.590087890625,4681.85986328125,10198.3701171875,5098.240234375,6135.2001953125,19492.599609375,3470.070068359375,12164.8330078125,3633.27001953125,21905.130859375
2015-12-09,17492.30078125,2047.6199951171875,4637.4501953125,10162.3701171875,5022.8701171875,6126.7001953125,19301.0703125,3472.43896484375,12179.693359375,3635.550048828125,21803.759765625
2015-12-10,17574.75,2052.22998046875,4635.06005859375,10172.0400390625,5045.169921875,6088.10009765625,19046.55078125,3455.4951171875,12180.8935546875,3617.68994140625,21704.609375
2015-12-11,17265.2109375,2012.3699951171875,4549.56005859375,9976.650390625,4933.47021484375,5952.7998046875,19230.48046875,3434.5810546875,12133.8837890625,3595.679931640625,21464.05078125
2015-12-14,17368.5,2021.93994140625,4473.06982421875,9986.759765625,4952.22998046875,5874.10009765625,18883.419921875,3520.66796875,12400.451171875,3685.929931640625,21309.849609375
2015-12-15,17524.91015625,2043.4100341796875,4614.39990234375,10110.9404296875,4995.35986328125,6017.7998046875,18565.900390625,3510.35400390625,12495.1103515625,3674.969970703125,21274.369140625
2015-12-16,17749.08984375,2073.070068359375,4624.669921875,10267.830078125,5071.1298828125,6061.2001953125,19049.91015625,3516.18701171875,12510.890625,3680.989990234375,21701.2109375
2015-12-17,17495.83984375,2041.8900146484375,4677.5400390625,10112.6298828125,5002.5498046875,6102.5,19353.560546875,3579.9990234375,12825.3359375,3747.909912109375,21872.060546875
2015-12-18,17128.55078125,2005.550048828125,4625.259765625,9967.6396484375,4923.080078125,6052.39990234375,18986.80078125,3578.964111328125,12830.10546875,3746.760009765625,21755.560546875
2015-12-21,17251.619140625,2021.1500244140625,4565.169921875,10023.0302734375,4968.919921875,6034.7998046875,18916.01953125,3642.471923828125,13028.1640625,3813.090087890625,21791.6796875
2015-12-22,17417.26953125,2038.969970703125,4567.60009765625,10112.400390625,5001.10986328125,6083.10009765625,18886.69921875,3651.76708984375,13138.982421875,3822.449951171875,21830.01953125
2015-12-23,17602.609375,2064.2900390625,4674.52978515625,10276.2802734375,5045.93017578125,6241.0,,3636.089111328125,13007.724609375,3805.919921875,22040.58984375
2015-12-24,17552.169921875,2060.989990234375,4663.18017578125,10258.5498046875,5048.490234375,6254.60009765625,18789.689453125,3612.485107421875,12932.2255859375,3781.10009765625,22138.130859375
2015-12-25,,,,,,,18769.060546875,3628.0009765625,12980.4248046875,3796.9599609375,
2015-12-28,17528.26953125,2056.5,4617.9501953125,10217.400390625,5040.990234375,,18873.349609375,3533.779052734375,12686.1982421875,3699.300048828125,21919.619140625
2015-12-29,17720.98046875,2078.360107421875,4701.35986328125,10306.599609375,5107.93994140625,6314.60009765625,18982.23046875,3563.736083984375,12806.0166015625,3730.409912109375,21999.619140625
2015-12-30,17603.869140625,2063.360107421875,4677.14013671875,10225.830078125,5065.85009765625,6274.10009765625,19033.7109375,3572.8759765625,12889.685546875,3739.699951171875,21882.150390625
2015-12-31,17425.029296875,2043.93994140625,,10143.419921875,5007.41015625,6242.2998046875,,3539.181884765625,12664.748046875,3704.2900390625,21914.400390625
2016-01-04,17148.939453125,2012.6600341796875,4522.4501953125,10001.5595703125,4903.08984375,6093.39990234375,18450.98046875,3296.258056640625,11625.9091796875,3450.030029296875,21327.119140625
2016-01-05,17158.66015625,2016.7099609375,4537.6298828125,10028.0595703125,4891.43017578125,6137.2001953125,18374.0,3287.7109375,11467.931640625,3440.7900390625,21188.720703125
2016-01-06,16906.509765625,1990.260009765625,4480.47021484375,9868.259765625,4835.759765625,6073.39990234375,18191.3203125,3361.840087890625,11724.7490234375,3518.5400390625,20980.810546875
2016-01-07,16514.099609375,1943.0899658203125,4403.580078125,9650.419921875,4689.43017578125,5954.10009765625,17767.33984375,3125.001953125,10760.1494140625,3270.7099609375,20333.33984375
2016-01-08,16346.4501953125,1922.030029296875,4333.759765625,9528.76953125,4643.6298828125,5912.39990234375,17697.9609375,3186.412109375,10888.7880859375,3334.929931640625,20453.7109375
2016-01-11,16398.5703125,1923.6700439453125,4312.740234375,9527.66015625,4637.990234375,5871.7998046875,,3016.7041015625,10212.345703125,3157.7099609375,19888.5
2016-01-12,16516.220703125,1938.6800537109375,4378.75,9576.51953125,4685.919921875,5929.2001953125,17218.9609375,3022.861083984375,10293.5849609375,3164.070068359375,19711.759765625
2016-01-13,16151.41015625,1890.280029296875,4391.93994140625,9374.23046875,4526.06005859375,5961.0,17715.630859375,2949.596923828125,9978.708984375,3087.199951171875,19934.880859375
2016-01-14,16379.0498046875,1921.8399658203125,4312.89013671875,9516.5498046875,4615.0,5918.2001953125,17240.94921875,3007.64892578125,10344.82421875,3147.860107421875,19817.41015625
2016-01-15,15988.080078125,1880.3299560546875,4210.16015625,9299.6298828125,4488.419921875,5804.10009765625,17147.109375,2900.969970703125,9997.80859375,3036.0400390625,19520.76953125
2016-01-18,,,4189.56982421875,,,5779.89990234375,16955.5703125,2913.8369140625,10155.845703125,3049.489990234375,19237.44921875
2016-01-19,16016.01953125,1881.3299560546875,4272.259765625,9301.740234375,4476.9501953125,5876.7998046875,17048.369140625,3007.739013671875,10501.6728515625,3147.72998046875,19635.810546875
2016-01-20,15766.740234375,1859.3299560546875,4124.9501953125,9156.83984375,4471.68994140625,5673.60009765625,16416.189453125,2976.694091796875,10366.7333984375,3115.340087890625,18886.30078125
2016-01-21,15882.6796875,1868.989990234375,4206.39990234375,9226.5703125,4472.06005859375,5773.7998046875,16017.259765625,2880.48193359375,9975.8583984375,3014.7099609375,18542.150390625
2016-01-22,16093.509765625,1906.9000244140625,4336.68994140625,9426.91015625,4591.18017578125,5900.0,16958.529296875,2916.56201171875,10111.45703125,3052.469970703125,19080.509765625
2016-01-25,15885.2197265625,1877.0799560546875,4311.330078125,9262.990234375,4518.490234375,5877.0,17110.91015625,2938.514892578125,10192.416015625,3075.419921875,19340.140625
2016-01-26,16167.23046875,1903.6300048828125,4356.81005859375,9429.1103515625,4567.669921875,5911.5,16708.900390625,2749.784912109375,9483.443359375,2877.699951171875,18860.80078125
2016-01-27,15944.4599609375,1882.949951171875,4380.35986328125,9373.7802734375,4468.169921875,5990.39990234375,17163.919921875,2735.55810546875,9422.32421875,2862.75,19052.44921875
2016-01-28,16069.6396484375,1893.3599853515625,4322.16015625,9397.7900390625,4506.68017578125,5931.7998046875,17041.44921875,2655.660888671875,9082.4873046875,2778.97998046875,19195.830078125
2016-01-29,16466.30078125,1940.239990234375,4417.02001953125,9632.7001953125,4613.9501953125,6083.7998046875,17518.30078125,2737.60009765625,9418.0947265625,2864.760009765625,19683.109375
2016-02-01,16449.1796875,1939.3800048828125,4392.330078125,9616.6904296875,4620.3701171875,6060.10009765625,17865.23046875,2688.85400390625,9321.9052734375,2813.679931640625,19595.5
2016-02-02,16153.5400390625,1903.030029296875,4283.990234375,9413.7802734375,4516.9501953125,5922.0,17750.6796875,2749.570068359375,9610.8212890625,2877.2099609375,19446.83984375
2016-02-03,16336.66015625,1912.530029296875,4226.9599609375,9495.2099609375,4504.240234375,5837.10009765625,17191.25,2739.2470703125,9638.76171875,2866.360107421875,18991.58984375
2016-02-04,16416.580078125,1915.449951171875,4228.52978515625,9534.2998046875,4509.56005859375,5898.7998046875,17044.990234375,2781.02294921875,9792.9609375,2910.080078125,19183.08984375
2016-02-05,16204.9697265625,1880.050048828125,4200.669921875,9390.330078125,4363.14013671875,5848.10009765625,16819.58984375,2763.491943359375,9673.3720703125,2891.6201171875,19288.169921875
2016-02-08,16027.0498046875,1853.43994140625,4066.31005859375,9231.330078125,4283.75,5689.39990234375,17004.30078125,,,,
2016-02-09,16014.3798828125,1852.2099609375,3997.5400390625,9187.7900390625,4268.759765625,5632.2001953125,16085.4404296875,,,,
2016-02-10,15914.740234375,1851.8599853515625,4061.199951171875,9176.7197265625,4283.58984375,5672.2998046875,15713.3896484375,,,,
2016-02-11,15660.1796875,1829.0799560546875,3896.7099609375,9029.8798828125,4266.83984375,5537.0,,,,,18545.80078125
2016-02-12,15973.83984375,1864.780029296875,3995.06005859375,9229.6796875,4337.509765625,5707.60009765625,14952.6103515625,,,,18319.580078125
2016-02-15,,,4115.25,,,5824.2998046875,16022.580078125,2746.196044921875,9668.7314453125,2873.570068359375,18918.140625
2016-02-16,16196.41015625,1895.5799560546875,4110.66015625,9375.3896484375,4435.9599609375,5862.2001953125,16054.4296875,2836.571044921875,10045.2578125,2968.330078125,19122.080078125
2016-02-17,16453.830078125,1926.8199462890625,4233.47021484375,9532.2802734375,4534.06005859375,6030.2998046875,15836.3603515625,2867.337890625,10161.6552734375,3000.550048828125,18924.5703125
2016-02-18,16413.4296875,1917.8299560546875,4239.759765625,9504.98046875,4487.5400390625,5972.0,16196.7998046875,2862.89306640625,10116.287109375,2995.7900390625,19363.080078125
2016-02-19,16391.990234375,1917.780029296875,4223.0400390625,9485.9599609375,4504.43017578125,5950.2001953125,15967.169921875,2860.02099609375,10162.2060546875,2992.800048828125,19285.5
2016-02-22,16620.66015625,1945.5,4298.7001953125,9616.3203125,4570.60986328125,6037.7001953125,16111.0498046875,2927.175048828125,10370.8740234375,3063.169921875,19464.08984375
2016-02-23,16431.779296875,1921.27001953125,4238.419921875,9494.3203125,4503.580078125,5962.2998046875,16052.0498046875,2903.3310546875,10299.5546875,3038.159912109375,19414.779296875
2016-02-24,16484.990234375,1929.800048828125,4155.33984375,9506.0703125,4542.60986328125,5867.2001953125,15915.7900390625,2928.89599609375,10307.513671875,3064.929931640625,19192.44921875
2016-02-25,16697.2890625,1951.699951171875,4248.4501953125,9625.26953125,4582.2001953125,6012.7998046875,16140.33984375,2741.2451171875,9550.9736328125,2868.489990234375,18888.75
2016-02-26,16639.970703125,1948.050048828125,4314.56982421875,9619.7900390625,4590.47021484375,6096.0,16188.41015625,2767.2099609375,9573.5927734375,2895.60009765625,19364.150390625
2016-02-29,16516.5,1932.22998046875,4353.5498046875,9559.5302734375,4557.9501953125,6097.10009765625,16026.759765625,2687.97900390625,9097.2578125,2812.800048828125,19111.9296875
2016-03-01,16865.080078125,1978.3499755859375,4406.83984375,9771.0,4689.60009765625,6152.89990234375,16085.509765625,2733.169921875,9321.8955078125,2860.10009765625,19407.4609375
2016-03-02,16899.3203125,1986.449951171875,4424.89013671875,9837.58984375,4703.419921875,6147.10009765625,16746.55078125,2849.680908203125,9766.2607421875,2982.090087890625,20003.490234375
2016-03-03,16943.900390625,1993.4000244140625,4416.080078125,9907.9697265625,4707.419921875,6130.5,16960.16015625,2859.758056640625,9761.900390625,2992.7099609375,19941.759765625
2016-03-04,17006.76953125,1999.989990234375,4456.6201171875,9968.41015625,4717.02001953125,6199.39990234375,17014.779296875,2874.14697265625,9536.603515625,3007.989990234375,20176.69921875
2016-03-07,17073.94921875,2001.760009765625,4442.2900390625,10006.1904296875,4708.25,6182.39990234375,16911.3203125,2897.340087890625,9703.7216796875,3032.18994140625,20159.720703125
2016-03-08,16964.099609375,1979.260009765625,4404.02001953125,9868.51953125,4648.81982421875,6125.39990234375,16783.150390625,2901.386962890625,9732.6220703125,3036.429931640625,20011.580078125
2016-03-09,17000.359375,1989.260009765625,4425.64990234375,9924.8095703125,4674.3798828125,6146.2998046875,16642.19921875,2862.555908203125,9523.033203125,2995.81005859375,19996.259765625
2016-03-10,16995.130859375,1989.5699462890625,4350.35009765625,9918.0703125,4662.16015625,6036.7001953125,16852.349609375,2804.72607421875,9390.244140625,2935.110107421875,19984.419921875
2016-03-11,17213.310546875,2022.18994140625,4492.7900390625,10104.1904296875,4748.47021484375,6139.7998046875,16938.869140625,2810.306884765625,9363.3046875,2940.93994140625,20199.599609375
2016-03-14,17229.130859375,2019.6400146484375,4506.58984375,10074.26953125,4750.27978515625,6174.60009765625,17233.75,2859.4990234375,9665.021484375,2992.3798828125,20435.33984375
2016-03-15,17251.529296875,2015.9300537109375,4472.6298828125,10013.599609375,4728.669921875,6140.0,17117.0703125,2864.367919921875,9574.0830078125,2997.510009765625,20288.76953125
2016-03-16,17325.759765625,2027.219970703125,4463.0,10084.169921875,4763.97021484375,6175.5,16974.44921875,2870.429931640625,9468.923828125,3004.02001953125,20257.69921875
2016-03-17,17481.490234375,2040.5899658203125,4442.89013671875,10190.400390625,4774.990234375,6201.10009765625,16936.380859375,2904.83203125,9791.740234375,3039.97998046875,20503.810546875
2016-03-18,17602.30078125,2049.580078125,4462.509765625,10223.4296875,4795.64990234375,6189.60009765625,16724.810546875,2955.14990234375,10126.4765625,3092.590087890625,20671.630859375
2016-03-21,17623.869140625,2051.60009765625,4427.7998046875,10219.6904296875,4808.8701171875,6184.60009765625,,3018.802001953125,10394.0234375,3159.280029296875,20684.150390625
2016-03-22,17582.5703125,2049.800048828125,4431.97021484375,10194.2001953125,4821.66015625,6192.7001953125,17048.55078125,2999.363037109375,10343.9638671875,3138.889892578125,20666.75
2016-03-23,17502.58984375,2036.7099609375,4423.97998046875,10099.6796875,4768.85986328125,6199.10009765625,17000.98046875,3009.9599609375,10442.2626953125,3149.969970703125,20615.23046875
2016-03-24,17515.73046875,2035.93994140625,4329.68017578125,10086.599609375,4773.5,6106.5,16892.330078125,2960.969970703125,10283.564453125,3098.610107421875,20345.609375
2016-03-25,,,,,,,17002.75,2979.1259765625,10339.5634765625,3117.929931640625,
2016-03-28,17535.390625,2037.050048828125,,10106.4404296875,4766.7900390625,,17134.369140625,2957.820068359375,10276.724609375,3095.219970703125,
2016-03-29,17633.109375,2055.010009765625,4366.669921875,10190.41015625,4846.6201171875,6105.89990234375,17103.529296875,2919.83203125,10094.5966796875,3055.429931640625,20366.30078125
2016-03-30,17716.66015625,2063.949951171875,4444.419921875,10236.9501953125,4869.2900390625,6203.2001953125,16878.9609375,3000.64501953125,10445.5732421875,3140.1298828125,20803.390625
2016-03-31,17685.08984375,2059.739990234375,4385.06005859375,10207.3701171875,4869.85009765625,6174.89990234375,16758.669921875,3003.9150390625,10455.2529296875,3143.56005859375,20776.69921875
2016-04-01,17792.75,2072.780029296875,4322.240234375,10219.9599609375,4914.5400390625,6146.10009765625,16164.16015625,3009.530029296875,10379.5341796875,3149.469970703125,20498.919921875
2016-04-04,17737.0,2066.1298828125,4345.22021484375,10183.0,4891.7998046875,6164.7001953125,16123.26953125,,,,
2016-04-05,17603.3203125,2045.1700439453125,4250.27978515625,10061.080078125,4843.93017578125,6091.2001953125,15732.8203125,3053.06494140625,10640.150390625,3195.1201171875,20177.0
2016-04-06,17716.05078125,2066.659912109375,4284.64013671875,10159.849609375,4920.72021484375,6161.60009765625,15715.3603515625,3050.592041015625,10683.740234375,3192.5,20206.669921875
2016-04-07,17541.9609375,2041.9100341796875,4245.91015625,10045.150390625,4848.3701171875,6136.89990234375,15749.83984375,3008.419921875,10504.7626953125,3148.260009765625,20266.05078125
2016-04-08,17576.9609375,2047.5999755859375,4303.1201171875,10119.6904296875,4850.68994140625,6204.39990234375,15821.51953125,2984.9580078125,10413.4228515625,3123.7099609375,20370.400390625
2016-04-11,17556.41015625,2041.989990234375,4312.6298828125,10114.580078125,4833.39990234375,6200.10009765625,15751.1298828125,3033.95703125,10609.48046875,3175.090087890625,20440.810546875
2016-04-12,17721.25,2061.719970703125,4345.91015625,10238.6904296875,4872.08984375,6242.39990234375,15928.7900390625,3023.64599609375,10533.29296875,3164.25,20504.439453125
2016-04-13,17908.279296875,2082.419921875,4490.31005859375,10359.509765625,4947.419921875,6362.89990234375,16381.2197265625,3066.637939453125,10684.7998046875,3209.320068359375,21158.7109375
2016-04-14,17926.4296875,2082.780029296875,4511.509765625,10360.240234375,4945.89013671875,6365.10009765625,16911.05078125,3082.362060546875,10771.490234375,3225.7900390625,21337.810546875
2016-04-15,17897.4609375,2080.72998046875,4495.169921875,10355.5703125,4938.22021484375,6343.7998046875,16848.029296875,3078.116943359375,10733.51953125,3221.340087890625,21316.470703125
2016-04-18,18004.16015625,2094.340087890625,4506.83984375,10424.9296875,4960.02001953125,6353.5,16275.9501953125,3033.659912109375,10568.810546875,3174.760009765625,21161.5
2016-04-19,18053.599609375,2100.800048828125,4566.47998046875,10517.2998046875,4940.330078125,6405.39990234375,16874.439453125,3042.822998046875,10602.3408203125,3184.3798828125,21436.2109375
2016-04-20,18096.26953125,2102.39990234375,4591.919921875,10527.7900390625,4948.1298828125,6410.2998046875,16906.5390625,2972.583984375,10164.6259765625,3110.860107421875,21236.310546875
2016-04-21,17982.51953125,2091.47998046875,4582.830078125,10454.8203125,4945.89013671875,6381.39990234375,17363.619140625,2952.89111328125,10058.6865234375,3090.219970703125,21622.25
2016-04-22,18003.75,2091.580078125,4569.66015625,10511.0,4906.22998046875,6310.39990234375,17572.490234375,2959.239990234375,10151.6455078125,3096.85009765625,21467.0390625
2016-04-25,17977.240234375,2087.7900390625,4546.1201171875,10465.650390625,4895.7900390625,6260.89990234375,17439.30078125,2946.669921875,10106.6767578125,3083.669921875,21304.439453125
2016-04-26,17990.3203125,2091.699951171875,4533.18017578125,10522.580078125,4888.27978515625,6284.5,17353.279296875,2964.699951171875,10209.7861328125,3102.56005859375,21407.26953125
2016-04-27,18041.55078125,2095.14990234375,4559.39990234375,10571.830078125,4863.14013671875,6319.89990234375,17290.490234375,2953.6708984375,10174.0458984375,3090.97998046875,21361.599609375
2016-04-28,17830.759765625,2075.81005859375,4557.35986328125,10480.4501953125,4805.2900390625,6322.39990234375,16666.05078125,2945.589111328125,10149.7958984375,3082.510009765625,21388.029296875
2016-04-29,17773.640625,2065.300048828125,4428.9599609375,10436.919921875,4775.35986328125,6241.89990234375,,2938.323974609375,10141.42578125,3074.8701171875,21067.05078125
2016-05-02,17891.16015625,2081.429931640625,4442.75,10496.330078125,4817.58984375,,16147.3798828125,,,,
2016-05-03,17750.91015625,2063.3701171875,4371.97998046875,10365.830078125,4763.22021484375,6185.60009765625,,2992.64306640625,10441.802734375,3131.7900390625,20676.939453125
2016-05-04,17651.259765625,2051.1201171875,4324.22998046875,10286.240234375,4725.64013671875,6112.0,,2991.27197265625,10422.6826171875,3130.360107421875,20525.830078125
2016-05-05,17660.7109375,2050.6298828125,4319.4599609375,10281.3203125,4717.08984375,6117.2998046875,,2997.842041015625,10473.892578125,3137.260009765625,20449.8203125
2016-05-06,17740.630859375,2057.139892578125,4301.240234375,10308.830078125,4736.16015625,6125.7001953125,16106.7197265625,2913.248046875,10100.4267578125,3048.580078125,20109.869140625
2016-05-09,17705.91015625,2058.68994140625,4322.81005859375,10291.58984375,4750.2099609375,6114.7998046875,16216.0302734375,2832.113037109375,9790.37109375,2963.5400390625,20156.810546875
2016-05-10,17928.349609375,2084.389892578125,4338.2099609375,10424.1103515625,4809.8798828125,6156.7001953125,16565.189453125,2832.591064453125,9793.1005859375,2964.10009765625,20242.6796875
2016-05-11,17711.119140625,2064.4599609375,4316.669921875,10332.240234375,4760.68994140625,6162.5,16579.009765625,2837.037109375,9781.041015625,2968.929931640625,20055.2890625
2016-05-12,17720.5,2064.110107421875,4293.27001953125,10334.3798828125,4737.330078125,6104.2001953125,16646.33984375,2835.862060546875,9796.470703125,2967.7900390625,19915.4609375
2016-05-13,17535.3203125,2046.6099853515625,4319.990234375,10228.0595703125,4717.68017578125,6138.5,16412.2109375,2827.10888671875,9759.16015625,2958.659912109375,19719.2890625
2016-05-16,17710.7109375,2066.659912109375,4312.27978515625,10332.4697265625,4775.4599609375,6151.39990234375,16466.400390625,2850.862060546875,9909.96875,2983.530029296875,19883.94921875
2016-05-17,17529.98046875,2047.2099609375,4297.56982421875,10257.6103515625,4715.72998046875,6167.7998046875,16652.80078125,2843.68408203125,9908.6787109375,2976.010009765625,20118.80078125
2016-05-18,17526.619140625,2047.6300048828125,4319.2998046875,10239.650390625,4739.1201171875,6165.7998046875,16644.689453125,2807.513916015625,9694.671875,2938.320068359375,19826.41015625
2016-05-19,17435.400390625,2040.0400390625,4282.5400390625,10192.48046875,4712.52978515625,6053.39990234375,16646.66015625,2806.906005859375,9733.6318359375,2937.949951171875,19694.330078125
2016-05-20,17500.939453125,2052.320068359375,4353.89990234375,10250.490234375,4769.56005859375,6156.2998046875,16736.349609375,2825.48291015625,9816.6396484375,2957.43994140625,19852.19921875
2016-05-23,17492.9296875,2048.0400390625,4325.10009765625,10226.5595703125,4765.77978515625,6136.39990234375,16654.599609375,2843.64501953125,9918.048828125,2976.409912109375,19809.029296875
2016-05-24,17706.05078125,2076.06005859375,4431.52001953125,10353.5595703125,4861.06005859375,6219.2998046875,16498.759765625,2821.666015625,9821.58984375,2953.419921875,19830.4296875
2016-05-25,17851.509765625,2090.5400390625,4481.64013671875,10446.580078125,4894.89013671875,6262.89990234375,16757.349609375,2815.0859375,9784.490234375,2946.5,20368.05078125
2016-05-26,17828.2890625,2090.10009765625,4512.64013671875,10439.6103515625,4901.77001953125,6265.7001953125,16772.4609375,2822.443115234375,9826.029296875,2954.280029296875,20397.109375
2016-05-27,17873.220703125,2099.06005859375,4514.740234375,10469.51953125,4933.5,6270.7998046875,16834.83984375,2821.0458984375,9813.51953125,2952.780029296875,20576.76953125
2016-05-30,,,4529.39990234375,,,,17068.01953125,2822.450927734375,9768.73046875,2954.320068359375,20629.390625
2016-05-31,17787.19921875,2096.949951171875,4505.6201171875,10441.0,4948.0498046875,6230.7998046875,17234.98046875,2916.615966796875,10159.8154296875,3052.77001953125,20815.08984375
2016-06-01,17789.669921875,2099.330078125,4475.39013671875,10454.9296875,4952.25,6191.89990234375,16955.73046875,2913.508056640625,10209.025390625,3049.510009765625,20760.98046875
2016-06-02,17838.560546875,2105.260009765625,4466.0,10487.580078125,4971.35986328125,6185.60009765625,16562.55078125,2925.22900390625,10273.9150390625,3061.77001953125,20859.220703125
2016-06-03,17807.060546875,2099.1298828125,4421.77978515625,10487.9404296875,4942.52001953125,6209.60009765625,16642.23046875,2938.681884765625,10344.7939453125,3075.8701171875,20947.240234375
2016-06-06,17920.330078125,2109.409912109375,4423.3798828125,10554.8203125,4968.7099609375,6273.39990234375,16580.029296875,2934.097900390625,10362.9638671875,3071.06005859375,21030.220703125
2016-06-07,17938.279296875,2112.1298828125,4475.85986328125,10599.2197265625,4961.75,6284.5,16675.44921875,2936.044921875,10347.7236328125,3073.110107421875,21328.240234375
2016-06-08,18005.05078125,2119.1201171875,4448.72998046875,10638.3603515625,4974.64013671875,6301.5,16830.919921875,2927.158935546875,10316.7041015625,3063.75,21297.880859375
2016-06-09,17985.189453125,2115.47998046875,4405.60986328125,10589.8203125,4958.6201171875,6231.89990234375,16668.41015625,,,,
2016-06-10,17865.33984375,2096.070068359375,4306.72021484375,10446.099609375,4894.5498046875,6115.7998046875,16601.359375,,,,21042.640625
2016-06-13,17732.48046875,2079.06005859375,4227.02001953125,10349.169921875,4848.43994140625,6045.0,16019.1796875,2833.071044921875,9862.4697265625,2965.260009765625,20512.990234375
2016-06-14,17674.8203125,2075.320068359375,4130.330078125,10294.58984375,4843.5498046875,5923.5,15859.0,2842.18896484375,9895.0390625,2974.840087890625,20387.529296875
2016-06-15,17640.169921875,2071.5,4171.580078125,10297.16015625,4834.93017578125,5966.7998046875,15919.580078125,2887.2099609375,10173.7353515625,3022.010009765625,20467.51953125
2016-06-16,17733.099609375,2077.989990234375,4153.009765625,10322.83984375,4844.919921875,5950.5,15434.1396484375,2872.81689453125,10115.0068359375,3007.0,20038.419921875
2016-06-17,17675.16015625,2071.219970703125,4193.830078125,10347.9404296875,4800.33984375,6021.10009765625,15599.66015625,2885.10498046875,10182.416015625,3019.89990234375,20169.98046875
2016-06-20,17804.869140625,2083.25,4340.759765625,10450.0302734375,4837.2099609375,6204.0,15965.2998046875,2888.80908203125,10221.7353515625,3023.840087890625,20510.19921875
2016-06-21,17829.73046875,2088.89990234375,4367.240234375,10490.7802734375,4843.759765625,6226.60009765625,16169.1103515625,2878.55810546875,10131.7470703125,3013.080078125,20668.439453125
2016-06-22,17780.830078125,2085.449951171875,4380.02978515625,10473.0595703125,4833.31982421875,6261.2001953125,16065.7197265625,2905.550048828125,10297.865234375,3041.360107421875,20795.119140625
2016-06-23,18011.0703125,2113.320068359375,4465.89990234375,10641.169921875,4910.0400390625,6338.10009765625,16238.349609375,2891.9599609375,10255.1552734375,3027.080078125,20868.33984375
2016-06-24,17400.75,2037.4100341796875,4106.72998046875,10183.509765625,4707.97998046875,6138.7001953125,14952.01953125,2854.285888671875,10147.5859375,2987.580078125,20259.130859375
2016-06-27,17140.240234375,2000.5400390625,4030.300048828125,9973.5400390625,4594.43994140625,5982.2001953125,15309.2099609375,2895.702880859375,10377.4541015625,3030.97998046875,20227.30078125
2016-06-28,17409.720703125,2036.0899658203125,4088.85009765625,10161.16015625,4691.8701171875,6140.39990234375,15323.1396484375,2912.556884765625,10463.3330078125,3048.6201171875,20172.4609375
2016-06-29,17694.6796875,2070.77001953125,4195.31982421875,10350.5302734375,4779.25,6360.10009765625,15566.830078125,2931.592041015625,10460.8525390625,3068.580078125,20436.119140625
2016-06-30,17929.990234375,2098.860107421875,4237.47998046875,10489.759765625,4842.669921875,6504.2998046875,15575.919921875,2929.60595703125,10489.873046875,3066.5,20794.369140625
2016-07-01,17949.369140625,2102.949951171875,4273.9599609375,10515.759765625,4862.56982421875,6577.7998046875,15682.48046875,2932.47607421875,10458.3125,3069.5,
2016-07-04,,,4234.85986328125,,,6522.2998046875,15775.7998046875,2988.60400390625,10609.7412109375,3128.330078125,21059.19921875
2016-07-05,17840.619140625,2088.550048828125,4163.419921875,10409.5400390625,4822.89990234375,6545.39990234375,15669.330078125,3006.39208984375,10602.650390625,3147.0,20750.720703125
2016-07-06,17918.619140625,2099.72998046875,4085.300048828125,10441.580078125,4859.16015625,6463.60009765625,15378.990234375,3017.2919921875,10641.53125,3158.429931640625,20495.2890625
2016-07-07,17895.880859375,2097.89990234375,4117.85009765625,10413.9697265625,4876.81005859375,6533.7998046875,15276.240234375,3016.846923828125,10620.4609375,3158.02001953125,20706.919921875
2016-07-08,18146.740234375,2129.89990234375,4190.68017578125,10571.7802734375,4956.759765625,6590.60009765625,15106.98046875,2988.093994140625,10611.6806640625,3127.860107421875,20564.169921875
2016-07-11,18226.9296875,2137.159912109375,4264.52978515625,10627.2001953125,4988.64013671875,6682.89990234375,15708.8203125,2994.9169921875,10594.701171875,3135.030029296875,20880.5
2016-07-12,18347.669921875,2152.139892578125,4331.3798828125,10726.7900390625,5022.81982421875,6680.7001953125,16095.650390625,3049.381103515625,10757.7294921875,3192.179931640625,21224.740234375
2016-07-13,18372.119140625,2152.429931640625,4335.259765625,10734.2001953125,5005.72998046875,6670.39990234375,16231.4296875,3060.68896484375,10853.4375,3204.030029296875,21322.369140625
2016-07-14,18506.41015625,2163.75,4385.52001953125,10786.6298828125,5034.06005859375,6654.5,16385.890625,3054.01806640625,10854.017578125,3197.070068359375,21561.060546875
2016-07-15,18516.55078125,2161.739990234375,4372.509765625,10773.1201171875,5029.58984375,6669.2001953125,16497.849609375,3054.2958984375,10823.087890625,3197.330078125,21659.25
2016-07-18,18533.05078125,2166.889892578125,4357.740234375,10793.169921875,5055.77978515625,6695.39990234375,,3043.56396484375,10761.8798828125,3186.110107421875,21803.1796875
2016-07-19,18559.009765625,2163.780029296875,4330.1298828125,10758.5400390625,5036.3701171875,6697.39990234375,16723.310546875,3036.597900390625,10778.1298828125,3178.7900390625,21673.19921875
2016-07-20,18595.029296875,2173.02001953125,4379.759765625,10793.099609375,5089.93017578125,6729.0,16681.890625,3027.89990234375,10759.740234375,3169.639892578125,21882.48046875
2016-07-21,18517.23046875,2165.169921875,4376.25,10758.6201171875,5073.89990234375,6699.89990234375,16810.220703125,3039.009033203125,10787.08984375,3181.260009765625,22000.490234375
2016-07-22,18570.849609375,2175.030029296875,4381.10009765625,10805.0400390625,5100.16015625,6730.5,16627.25,3012.81591796875,10708.9501953125,3153.800048828125,21964.26953125
2016-07-25,18493.060546875,2168.47998046875,4388.0,10752.4296875,5097.6298828125,6710.10009765625,16620.2890625,3015.827880859375,10718.240234375,3156.969970703125,21993.439453125
2016-07-26,18473.75,2169.179931640625,4394.77001953125,10772.990234375,5110.0498046875,6724.0,16383.0400390625,3050.166015625,10852.087890625,3192.989990234375,22129.73046875
2016-07-27,18472.169921875,2166.580078125,4446.9599609375,10739.76953125,5139.81005859375,6750.39990234375,16664.8203125,2991.9990234375,10405.7333984375,3132.090087890625,22218.990234375
2016-07-28,18456.349609375,2170.06005859375,4420.580078125,10744.16015625,5154.97998046875,6721.10009765625,16476.83984375,2994.322998046875,10396.193359375,3134.530029296875,22174.33984375
2016-07-29,18432.240234375,2173.60009765625,4439.81005859375,10785.509765625,5162.1298828125,6724.39990234375,16569.26953125,2979.339111328125,10329.32421875,3118.89990234375,21891.369140625
2016-08-01,18404.509765625,2170.840087890625,4409.169921875,10730.2001953125,5184.2001953125,6694.0,16635.76953125,2953.385009765625,10185.3662109375,3091.75,22129.140625
2016-08-02,18313.76953125,2157.030029296875,4327.990234375,10661.1298828125,5137.72998046875,6645.39990234375,16391.44921875,2971.279052734375,10250.435546875,3110.510009765625,
2016-08-03,18355.0,2163.7900390625,4321.080078125,10695.1396484375,5159.740234375,6634.39990234375,16083.1103515625,2978.4609375,10281.134765625,3117.989990234375,21739.119140625
2016-08-04,18352.05078125,2164.25,4345.6298828125,10707.1298828125,5166.25,6740.2001953125,16254.8896484375,2982.426025390625,10366.3837890625,3122.110107421875,21832.23046875
2016-08-05,18543.529296875,2182.8701171875,4410.5498046875,10782.8701171875,5221.1201171875,6793.5,16254.4501953125,2976.696044921875,10342.1640625,3116.080078125,22146.08984375
2016-08-08,18529.2890625,2180.889892578125,4415.4599609375,10788.009765625,5213.14013671875,6809.10009765625,16650.5703125,3004.277099609375,10468.7626953125,3145.010009765625,22494.759765625
2016-08-09,18533.05078125,2181.739990234375,4468.06982421875,10804.509765625,5225.47998046875,6851.2998046875,16764.970703125,3025.680908203125,10564.6611328125,3167.449951171875,22465.609375
2016-08-10,18495.66015625,2175.489990234375,4452.009765625,10774.98046875,5204.580078125,6866.39990234375,16735.119140625,3018.74609375,10511.04296875,3160.18994140625,22492.4296875
2016-08-11,18613.51953125,2185.7900390625,4503.9501953125,10836.150390625,5228.39990234375,6914.7001953125,,3002.637939453125,10390.84375,3143.340087890625,22580.55078125
2016-08-12,18576.470703125,2184.050048828125,4500.18994140625,10822.41015625,5232.89013671875,6916.0,16919.919921875,3050.6669921875,10527.982421875,3193.739990234375,22766.91015625
2016-08-15,18636.05078125,2190.14990234375,4497.85986328125,10858.5,5262.02001953125,6941.2001953125,16869.560546875,3125.195068359375,10821.98828125,3271.81005859375,22932.509765625
2016-08-16,18552.01953125,2178.14990234375,4460.43994140625,10809.740234375,5227.10986328125,6893.89990234375,16596.509765625,3110.037109375,10882.828125,3255.830078125,22910.83984375
2016-08-17,18573.939453125,2182.219970703125,4417.68017578125,10824.6396484375,5228.66015625,6859.2001953125,16745.640625,3109.554931640625,10890.568359375,3255.330078125,22799.779296875
2016-08-18,18597.69921875,2187.02001953125,4437.06005859375,10863.009765625,5240.14990234375,6869.0,16486.009765625,3104.114013671875,10879.078125,3249.580078125,23023.16015625
2016-08-19,18552.5703125,2183.8701171875,4400.52001953125,10829.150390625,5238.3798828125,6859.0,16545.8203125,3108.10205078125,10872.587890625,3253.77001953125,22937.220703125
2016-08-22,18529.419921875,2182.639892578125,4389.93994140625,10815.919921875,5244.60009765625,6828.5,16598.189453125,3084.804931640625,10731.2802734375,3229.340087890625,22997.91015625
2016-08-23,18547.30078125,2186.89990234375,4421.4501953125,10847.490234375,5260.080078125,6868.5,16497.359375,3089.7060546875,10750.169921875,3234.510009765625,22998.9296875
2016-08-24,18481.48046875,2175.43994140625,4435.47021484375,10791.1796875,5217.68994140625,6835.7998046875,16597.30078125,3085.8798828125,10760.3203125,3230.510009765625,22820.779296875
2016-08-25,18448.41015625,2172.469970703125,4406.60986328125,10784.3701171875,5212.2001953125,6816.89990234375,16555.94921875,3068.3291015625,10679.0302734375,3212.090087890625,22814.94921875
2016-08-26,18395.400390625,2169.0400390625,4441.8701171875,10749.330078125,5218.919921875,6838.10009765625,16360.7099609375,3070.30908203125,10693.6298828125,3214.139892578125,22909.5390625
2016-08-29,18502.990234375,2180.3798828125,4424.25,10811.349609375,5232.330078125,,16737.490234375,3070.027099609375,10724.2802734375,3213.820068359375,22821.33984375
2016-08-30,18454.30078125,2176.1201171875,4457.490234375,10797.5400390625,5222.990234375,6820.7998046875,16725.359375,3074.677001953125,10729.0,3218.7099609375,23016.109375
2016-08-31,18400.880859375,2170.949951171875,4438.22021484375,10764.75,5213.22021484375,6781.5,16887.400390625,3085.490966796875,10757.759765625,3230.050048828125,22976.880859375
2016-09-01,18419.30078125,2170.860107421875,4439.669921875,10771.9296875,5227.2099609375,6746.0,16926.83984375,3063.304931640625,10669.390625,3206.7900390625,23162.33984375
2016-09-02,18491.9609375,2179.97998046875,4542.169921875,10856.919921875,5249.89990234375,6894.60009765625,16925.6796875,3067.35205078125,10640.30078125,3211.050048828125,23266.69921875
2016-09-05,,,4541.080078125,,,6879.39990234375,17037.630859375,3072.094970703125,10695.330078125,3216.02001953125,23649.55078125
2016-09-06,18538.119140625,2186.47998046875,4529.9599609375,10890.7900390625,5275.91015625,6826.10009765625,17081.98046875,3090.712890625,10861.3779296875,3235.510009765625,23787.6796875
2016-09-07,18526.140625,2186.159912109375,4557.66015625,10890.1796875,5283.93017578125,6846.60009765625,17012.439453125,3091.927978515625,10838.59765625,3236.77001953125,23741.810546875
2016-09-08,18479.91015625,2181.300048828125,4542.2001953125,10882.330078125,5259.47998046875,6858.7001953125,16958.76953125,3095.9541015625,10851.068359375,3240.969970703125,23919.33984375
2016-09-09,18085.44921875,2127.81005859375,4491.39990234375,10613.5302734375,5125.91015625,6777.0,16965.759765625,3078.85498046875,10762.669921875,3223.02001953125,24099.69921875
2016-09-12,18325.0703125,2159.0400390625,4439.7998046875,10741.240234375,5211.89013671875,6700.89990234375,16672.919921875,3021.97705078125,10461.462890625,3163.429931640625,23290.599609375
2016-09-13,18066.75,2127.02001953125,4387.18017578125,10535.3603515625,5155.25,6665.60009765625,16729.0390625,3023.510009765625,10514.462890625,3165.0,23215.759765625
2016-09-14,18034.76953125,2125.77001953125,4370.259765625,10511.400390625,5173.77001953125,6673.2998046875,16614.240234375,3002.84912109375,10454.123046875,3143.280029296875,23190.640625
2016-09-15,18212.48046875,2147.260009765625,4373.22021484375,10602.9404296875,5249.68994140625,6730.2998046875,16405.009765625,,,,23335.58984375
2016-09-16,18123.80078125,2139.159912109375,4332.4501953125,10532.26953125,5244.56982421875,6710.2998046875,16519.2890625,,,,
2016-09-19,18120.169921875,2139.1201171875,4394.18994140625,10564.2998046875,5235.02978515625,6813.60009765625,,3026.051025390625,10557.130859375,3167.6298828125,23550.44921875
2016-09-20,18129.9609375,2139.760009765625,4388.60009765625,10560.25,5241.35009765625,6830.7998046875,16492.150390625,3023.0,10544.412109375,3164.43994140625,23530.859375
2016-09-21,18293.69921875,2163.1201171875,4409.5498046875,10708.3701171875,5295.18017578125,6834.7998046875,16807.619140625,3025.8740234375,10583.28125,3167.449951171875,23669.900390625
2016-09-22,18392.4609375,2177.179931640625,4509.81982421875,10793.66015625,5339.52001953125,6911.39990234375,,3042.31298828125,10662.0908203125,3184.669921875,23759.80078125
2016-09-23,18261.44921875,2164.68994140625,4488.68994140625,10717.990234375,5305.75,6909.39990234375,16754.01953125,3033.89599609375,10609.5810546875,3175.8798828125,23686.48046875
2016-09-26,18094.830078125,2146.10009765625,4407.85009765625,10624.8798828125,5257.490234375,6818.0,16544.560546875,2980.429931640625,10392.583984375,3119.8701171875,23317.919921875
2016-09-27,18228.30078125,2159.929931640625,4398.68017578125,10665.33984375,5305.7099609375,6807.7001953125,16683.9296875,2998.172119140625,10476.8525390625,3138.47998046875,23571.900390625
2016-09-28,18339.240234375,2171.3701171875,4432.4501953125,10753.4501953125,5318.5498046875,6849.39990234375,16465.400390625,2987.85791015625,10467.04296875,3127.590087890625,23619.650390625
2016-09-29,18143.44921875,2151.1298828125,4443.83984375,10643.51953125,5269.14990234375,6919.39990234375,16693.7109375,2998.48291015625,10512.1328125,3138.659912109375,23739.470703125
2016-09-30,18308.150390625,2168.27001953125,4448.259765625,10721.740234375,5312.0,6899.2998046875,16449.83984375,3004.702880859375,10567.4609375,3145.169921875,23297.150390625
2016-10-03,18253.849609375,2161.199951171875,4453.56005859375,10690.76953125,5300.8701171875,6983.5,16598.669921875,,,,23584.4296875
2016-10-04,18168.44921875,2150.489990234375,4503.08984375,10629.150390625,5289.66015625,7074.2998046875,16735.650390625,,,,23689.439453125
2016-10-05,18281.029296875,2159.72998046875,4489.9501953125,10683.9404296875,5316.02001953125,7033.2998046875,16819.240234375,,,,23788.310546875
2016-10-06,18268.5,2160.77001953125,4480.10009765625,10675.740234375,5306.85009765625,7000.0,16899.099609375,,,,23952.5
2016-10-07,18240.490234375,2153.739990234375,4449.91015625,10626.919921875,5292.39990234375,7044.39990234375,16860.08984375,,,,23851.8203125
2016-10-10,18329.0390625,2163.659912109375,4497.259765625,10682.669921875,5328.669921875,7097.5,,3048.14306640625,10741.5703125,3190.719970703125,
2016-10-11,18128.66015625,2136.72998046875,4471.740234375,10548.0,5246.7900390625,7070.89990234375,17024.759765625,3065.25,10782.189453125,3208.669921875,23549.51953125
2016-10-12,18144.19921875,2139.179931640625,4452.240234375,10560.26953125,5239.02001953125,7024.0,16840.0,3058.498046875,10788.4697265625,3201.590087890625,23407.05078125
2016-10-13,18098.939453125,2132.550048828125,4405.169921875,10522.9404296875,5213.330078125,6977.7001953125,16774.240234375,3061.345947265625,10787.3701171875,3204.530029296875,23031.30078125
2016-10-14,18138.380859375,2132.97998046875,4470.919921875,10521.2998046875,5214.16015625,7013.60009765625,16856.369140625,3063.80908203125,10759.5595703125,3207.159912109375,23233.310546875
2016-10-17,18086.400390625,2126.5,4450.22998046875,10492.8603515625,5199.81982421875,6947.60009765625,16900.119140625,3041.166015625,10651.380859375,3184.14990234375,23037.5390625
2016-10-18,18161.939453125,2139.60009765625,4508.91015625,10567.8095703125,5243.83984375,7000.10009765625,16963.609375,3083.875,10796.8994140625,3228.72998046875,23394.390625
2016-10-19,18202.619140625,2144.2900390625,4520.2998046875,10600.919921875,5246.41015625,7021.89990234375,16998.91015625,3084.718994140625,10757.7998046875,3229.679931640625,23304.970703125
2016-10-20,18162.349609375,2141.340087890625,4540.1201171875,10597.3603515625,5241.830078125,7026.89990234375,17235.5,3084.4580078125,10784.2099609375,3229.3701171875,23374.400390625
2016-10-21,18145.7109375,2141.159912109375,4536.06982421875,10571.8798828125,5257.39990234375,7020.5,17184.58984375,3090.94091796875,10748.7802734375,3236.31005859375,
2016-10-24,18223.029296875,2151.330078125,4552.580078125,10591.2998046875,5309.830078125,6986.39990234375,17234.419921875,3128.2470703125,10842.517578125,3275.260009765625,23604.080078125
2016-10-25,18169.26953125,2143.159912109375,4540.83984375,10550.1904296875,5283.39990234375,7017.60009765625,17365.25,3131.93896484375,10871.3876953125,3279.10009765625,23565.109375
2016-10-26,18199.330078125,2139.429931640625,4534.58984375,10528.1904296875,5250.27001953125,6958.10009765625,17391.83984375,3116.31201171875,10817.3876953125,3262.72998046875,23325.4296875
2016-10-27,18169.6796875,2133.0400390625,4533.56982421875,10503.0595703125,5215.97021484375,6986.60009765625,17336.419921875,3112.35009765625,10788.849609375,3258.56005859375,23132.349609375
2016-10-28,18161.189453125,2126.409912109375,4548.580078125,10476.6201171875,5190.10009765625,6996.2998046875,17446.41015625,3104.27001953125,10710.919921875,3250.159912109375,22954.810546875
2016-10-31,18142.419921875,2126.14990234375,4509.259765625,10481.8896484375,5189.14013671875,6954.2001953125,17425.01953125,3100.491943359375,10704.1796875,3246.25,22934.5390625
2016-11-01,18037.099609375,2111.719970703125,4470.27978515625,10414.0498046875,5153.580078125,6917.10009765625,17442.400390625,3122.43603515625,10796.01953125,3269.239990234375,23147.0703125
2016-11-02,17959.640625,2097.93994140625,4414.669921875,10334.5,5105.56982421875,6845.39990234375,17134.6796875,3102.73291015625,10692.5302734375,3248.570068359375,22810.5
2016-11-03,17930.669921875,2088.659912109375,4411.68017578125,10307.6396484375,5058.41015625,6790.5,,3128.93603515625,10743.83984375,3276.06005859375,22683.509765625
2016-11-04,17888.279296875,2085.179931640625,4377.4599609375,10289.349609375,5046.3701171875,6693.2998046875,16905.359375,3125.31689453125,10702.4501953125,3272.239990234375,22642.619140625
2016-11-07,18259.599609375,2131.52001953125,4461.2099609375,10500.16015625,5166.169921875,6806.89990234375,17177.2109375,3133.3330078125,10695.0595703125,3280.64990234375,22801.400390625
2016-11-08,18332.740234375,2139.56005859375,4476.89013671875,10530.5595703125,5193.490234375,6843.10009765625,17171.380859375,3147.887939453125,10763.009765625,3295.919921875,22909.470703125
2016-11-09,18589.689453125,2163.260009765625,4543.47998046875,10643.41015625,5251.06982421875,6911.7998046875,16251.5400390625,3128.3701171875,10696.990234375,3275.469970703125,22415.189453125
2016-11-10,18807.880859375,2167.47998046875,4530.9501953125,10683.41015625,5208.7998046875,6828.0,17344.419921875,3171.281982421875,10821.5380859375,3320.39990234375,22839.109375
2016-11-11,18847.66015625,2164.449951171875,4489.27001953125,10652.240234375,5237.10986328125,6730.39990234375,17374.7890625,3196.0439453125,10878.017578125,3346.31005859375,22531.08984375
2016-11-14,18868.689453125,2164.199951171875,4508.5498046875,10679.76953125,5218.39990234375,6753.2001953125,17672.619140625,3210.37109375,10907.408203125,3361.35009765625,22222.220703125
2016-11-15,18923.060546875,2180.389892578125,4536.52978515625,10745.509765625,5275.6201171875,6792.7001953125,17668.150390625,3206.986083984375,10957.9765625,3357.77001953125,22323.91015625
2016-11-16,18868.140625,2176.93994140625,4501.14013671875,10699.4296875,5294.580078125,6749.7001953125,17862.2109375,3205.056884765625,10967.95703125,3355.7099609375,22280.529296875
2016-11-17,18903.8203125,2187.1201171875,4527.77001953125,10740.080078125,5333.97021484375,6794.7001953125,17862.630859375,3208.452880859375,10945.296875,3359.300048828125,22262.880859375
2016-11-18,18867.9296875,2181.89990234375,4504.35009765625,10709.509765625,5321.509765625,6775.7998046875,17967.41015625,3192.85595703125,10888.98828125,3342.989990234375,22344.2109375
2016-11-21,18956.689453125,2198.179931640625,4529.580078125,10791.83984375,5368.85986328125,6778.0,18106.01953125,3218.14794921875,10899.7978515625,3369.530029296875,22357.779296875
2016-11-22,19023.869140625,2202.93994140625,4548.35009765625,10820.1796875,5386.35009765625,6819.7001953125,18162.939453125,3248.35205078125,10985.4765625,3401.18994140625,22678.0703125
2016-11-23,19083.1796875,2204.719970703125,4529.2099609375,10835.900390625,5380.68017578125,6817.7001953125,,3241.136962890625,10973.6767578125,3393.659912109375,22676.689453125
2016-11-24,,,4542.56005859375,,,6829.2001953125,18333.41015625,3241.736083984375,10967.3466796875,3394.320068359375,22608.490234375
2016-11-25,19152.140625,2213.35009765625,4550.27001953125,10878.08984375,5398.919921875,6840.7998046875,18381.220703125,3261.93798828125,11036.4072265625,3415.5400390625,22723.44921875
2016-11-28,19097.900390625,2201.719970703125,4510.39013671875,10808.6298828125,5368.81005859375,6799.5,18356.890625,3277.0,11068.74609375,3431.35009765625,22830.5703125
2016-11-29,19121.599609375,2204.659912109375,4551.4599609375,10817.7001953125,5379.919921875,6772.0,18307.0390625,3282.924072265625,11034.5771484375,3437.75,22737.0703125
2016-11-30,19123.580078125,2198.81005859375,4578.33984375,10838.4599609375,5323.68017578125,6783.7998046875,18308.48046875,3250.033935546875,11012.0673828125,3403.219970703125,22789.76953125
2016-12-01,19191.9296875,2191.080078125,4560.60986328125,10828.990234375,5251.10986328125,6752.89990234375,18513.119140625,3273.30908203125,11088.03515625,3427.639892578125,22878.23046875
2016-12-02,19170.419921875,2191.949951171875,4528.81982421875,10838.580078125,5255.64990234375,6730.7001953125,18426.080078125,3243.843017578125,10912.5078125,3396.7099609375,22564.8203125
2016-12-05,19216.240234375,2204.7099609375,4574.31982421875,10910.900390625,5308.89013671875,6746.7998046875,18274.990234375,3204.708984375,10784.2099609375,3355.6298828125,22505.55078125
2016-12-06,19251.779296875,2212.22998046875,4631.93994140625,10970.7802734375,5333.0,6779.7998046875,18360.5390625,3199.64697265625,10779.6494140625,3350.25,22675.150390625
2016-12-07,19549.619140625,2241.35009765625,4694.72021484375,11114.6103515625,5393.759765625,6902.2001953125,18496.689453125,3222.241943359375,10855.59765625,3373.919921875,22800.919921875
2016-12-08,19614.810546875,2246.18994140625,4735.47998046875,11149.9599609375,5417.35986328125,6931.60009765625,18765.470703125,3215.365966796875,10812.177734375,3366.699951171875,22861.83984375
2016-12-09,19756.849609375,2259.530029296875,4764.06982421875,11191.7900390625,5444.5,6954.2001953125,18996.369140625,3232.883056640625,10789.5,3385.14990234375,22760.98046875
2016-12-12,19796.4296875,2256.9599609375,4760.77001953125,11177.2802734375,5412.5400390625,6890.39990234375,19155.029296875,3152.969970703125,10302.7333984375,3301.409912109375,22433.01953125
2016-12-13,19911.2109375,2271.719970703125,4803.8701171875,11237.169921875,5463.830078125,6968.60009765625,19250.51953125,3155.037109375,10332.1640625,3303.52001953125,22446.69921875
2016-12-14,19792.529296875,2253.280029296875,4769.240234375,11098.669921875,5436.669921875,6949.2001953125,19253.609375,3140.531005859375,10232.7060546875,3288.25,22456.619140625
2016-12-15,19852.240234375,2262.030029296875,4819.22998046875,11131.8896484375,5456.85009765625,6999.0,19273.7890625,3117.677001953125,10255.99609375,3264.219970703125,22059.400390625
2016-12-16,19843.41015625,2258.070068359375,4833.27001953125,11125.2197265625,5437.16015625,7011.60009765625,19401.150390625,3122.98193359375,10334.6435546875,3269.75,22020.75
2016-12-19,19883.060546875,2262.530029296875,4822.77001953125,11128.5400390625,5457.43994140625,7017.2001953125,19391.599609375,3118.0849609375,10283.044921875,3264.669921875,21832.6796875
2016-12-20,19974.619140625,2270.760009765625,4849.89013671875,11172.1904296875,5483.93994140625,7044.0,19494.529296875,3102.8759765625,10245.2158203125,3248.780029296875,21729.060546875
2016-12-21,19941.9609375,2265.179931640625,4833.81982421875,11142.5703125,5471.43017578125,7041.39990234375,19444.490234375,3137.429931640625,10313.4541015625,3285.0400390625,21809.80078125
2016-12-22,19918.880859375,2260.9599609375,4834.6298828125,11114.1396484375,5447.419921875,7063.7001953125,19427.669921875,3139.55810546875,10306.8037109375,3287.219970703125,21636.19921875
2016-12-23,19933.810546875,2263.7900390625,4839.68017578125,11128.7998046875,5462.68994140625,7068.2001953125,,3110.154052734375,10199.74609375,3256.409912109375,21574.759765625
2016-12-26,,,,,,,19396.640625,3122.569091796875,10233.3056640625,3269.43994140625,
2016-12-27,19945.0390625,2268.8798828125,4848.27978515625,11146.400390625,5487.43994140625,,19403.060546875,3114.6640625,10230.4560546875,3261.110107421875,
2016-12-28,19833.6796875,2249.919921875,4848.009765625,11058.8798828125,5438.56005859375,7106.10009765625,19401.720703125,3102.236083984375,10187.0458984375,3248.139892578125,21754.740234375
2016-12-29,19819.779296875,2249.260009765625,4838.47021484375,11074.330078125,5432.08984375,7120.2998046875,19145.140625,3096.096923828125,10159.3359375,3241.669921875,21790.91015625
2016-12-30,19762.599609375,2238.830078125,4862.31005859375,11056.900390625,5383.1201171875,7142.7998046875,19114.369140625,3103.636962890625,10177.025390625,3249.590087890625,22000.560546875
2017-01-02,,,4882.3798828125,,,,,,,,
2017-01-03,19881.759765625,2257.830078125,4899.330078125,11154.349609375,5429.080078125,7177.89990234375,,3135.9208984375,10262.7353515625,3283.449951171875,22150.400390625
2017-01-04,19942.16015625,2270.75,4899.39990234375,11246.5400390625,5477.0,7189.7001953125,19594.16015625,3158.7939453125,10384.75390625,3307.449951171875,22134.470703125
2017-01-05,19899.2890625,2269.0,4900.64013671875,11247.6904296875,5487.93994140625,7195.2998046875,19520.689453125,3165.410888671875,10371.353515625,3314.389892578125,22456.689453125
2017-01-06,19963.80078125,2276.97998046875,4909.83984375,11237.6201171875,5521.06005859375,7210.10009765625,19454.330078125,3154.321044921875,10289.2451171875,3302.7900390625,22503.009765625
2017-01-09,19887.380859375,2268.89990234375,4887.56982421875,11169.7900390625,5531.81982421875,7237.7998046875,,3171.236083984375,10331.673828125,3320.530029296875,22558.689453125
2017-01-10,19855.529296875,2268.89990234375,4888.22998046875,11183.330078125,5551.81982421875,7275.5,19301.439453125,3161.6708984375,10306.2236328125,3310.489990234375,22744.849609375
2017-01-11,19954.279296875,2275.320068359375,4888.7099609375,11226.7802734375,5563.64990234375,7290.5,19364.669921875,3136.75390625,10215.3662109375,3284.3701171875,22935.349609375
2017-01-12,19891.0,2270.43994140625,4863.97021484375,11204.150390625,5547.490234375,7292.39990234375,19134.69921875,3119.2890625,10131.1171875,3266.0400390625,22829.01953125
2017-01-13,19885.73046875,2274.639892578125,4922.490234375,11227.169921875,5574.1201171875,7337.7998046875,19287.279296875,3112.763916015625,10008.1875,3259.27001953125,22937.380859375
2017-01-16,,,4882.18017578125,,,7327.10009765625,19095.240234375,3103.427978515625,9712.69140625,3249.77001953125,22718.150390625
2017-01-17,19826.76953125,2267.889892578125,4859.68994140625,11196.2900390625,5538.72998046875,7220.39990234375,18813.529296875,3108.77490234375,9826.6796875,3255.330078125,22840.970703125
2017-01-18,19804.720703125,2271.889892578125,4853.39990234375,11196.099609375,5555.64990234375,7247.60009765625,18894.369140625,3113.011962890625,9804.650390625,3259.77001953125,23098.259765625
2017-01-19,19732.400390625,2263.68994140625,4841.14013671875,11148.849609375,5540.080078125,7208.39990234375,19072.25,3101.299072265625,9768.4609375,3247.47998046875,23049.9609375
2017-01-20,19827.25,2271.31005859375,4850.669921875,11192.7900390625,5555.330078125,7198.39990234375,19137.91015625,3123.138916015625,9906.0283203125,3270.330078125,22885.91015625
2017-01-23,19799.849609375,2265.199951171875,4821.41015625,11170.6201171875,5552.93994140625,7151.2001953125,18891.029296875,3136.77490234375,9976.0791015625,3284.570068359375,22898.51953125
2017-01-24,19912.7109375,2280.070068359375,4830.02978515625,11249.2802734375,5600.9599609375,7150.2998046875,18787.990234375,3142.552978515625,9941.4384765625,3290.6201171875,22949.859375
2017-01-25,20068.509765625,2298.3701171875,4877.669921875,11339.0498046875,5656.33984375,7164.39990234375,19057.5,3149.554931640625,9977.8486328125,3297.9599609375,23049.119140625
2017-01-26,20100.91015625,2296.679931640625,4867.240234375,11313.1201171875,5655.18017578125,7161.5,19402.390625,3159.166015625,10051.9375,3308.06005859375,23374.169921875
2017-01-27,20093.779296875,2294.68994140625,4839.97998046875,11283.1904296875,5660.77978515625,7184.5,19467.400390625,,,,23360.779296875
2017-01-30,19971.130859375,2280.89990234375,4784.64013671875,11205.240234375,5613.7099609375,7118.5,19368.849609375,,,,
2017-01-31,19864.08984375,2278.8701171875,4748.89990234375,11222.9599609375,5614.7900390625,7099.2001953125,19041.33984375,,,,
2017-02-01,19890.939453125,2279.550048828125,4794.580078125,11207.240234375,5642.64990234375,7107.7001953125,19148.080078125,,,,23318.390625
2017-02-02,19884.91015625,2280.85009765625,4794.2900390625,11215.3896484375,5636.2001953125,7140.7998046875,18914.580078125,,,,23184.51953125
2017-02-03,20071.4609375,2297.419921875,4825.419921875,11310.740234375,5666.77001953125,7188.2998046875,18918.19921875,3140.169921875,10004.728515625,3288.169921875,23129.2109375
2017-02-06,20052.419921875,2292.56005859375,4778.080078125,11264.1103515625,5663.5498046875,7172.2001953125,18976.7109375,3156.98388671875,10078.6171875,3305.800048828125,23348.240234375
2017-02-07,20090.2890625,2293.080078125,4754.47021484375,11243.3798828125,5674.22021484375,7186.2001953125,18910.779296875,3153.087890625,10055.45703125,3301.699951171875,23331.5703125
2017-02-08,20054.33984375,2294.669921875,4766.60009765625,11251.7998046875,5682.4501953125,7188.7998046875,19007.599609375,3166.98193359375,10130.0068359375,3316.27001953125,23485.130859375
2017-02-09,20172.400390625,2307.8701171875,4826.240234375,11327.6796875,5715.18017578125,7229.5,18907.669921875,3183.178955078125,10182.6162109375,3333.22998046875,23525.140625
2017-02-10,20269.369140625,2316.10009765625,4828.31982421875,11377.7197265625,5734.1298828125,7258.7998046875,19378.9296875,3196.698974609375,10186.265625,3347.389892578125,23574.98046875
2017-02-13,20412.16015625,2328.25,4888.18994140625,11433.9296875,5763.9599609375,7278.89990234375,19459.150390625,3216.839111328125,10270.7158203125,3368.4599609375,23710.98046875
2017-02-14,20504.41015625,2337.580078125,4895.81982421875,11468.8701171875,5782.56982421875,7268.60009765625,19238.98046875,3217.927978515625,10264.8056640625,3369.60009765625,23703.009765625
2017-02-15,20611.859375,2349.25,4924.85986328125,11514.400390625,5819.43994140625,7302.39990234375,19437.98046875,3212.986083984375,10177.1357421875,3364.39990234375,23994.869140625
2017-02-16,20619.76953125,2347.219970703125,4899.4599609375,11504.1904296875,5814.89990234375,7277.89990234375,19347.529296875,3229.617919921875,10253.845703125,3381.8701171875,24107.69921875
2017-02-17,20624.05078125,2351.159912109375,4867.580078125,11510.91015625,5838.580078125,7300.0,19234.619140625,3202.075927734375,10197.8056640625,3352.9599609375,24033.740234375
2017-02-20,,,4864.990234375,,,7299.89990234375,19251.080078125,3239.9609375,10328.8837890625,3392.64990234375,24146.080078125
2017-02-21,20743.0,2365.3798828125,4888.759765625,11578.25,5865.9501953125,7274.7998046875,19381.439453125,3253.325927734375,10405.6337890625,3406.64990234375,23963.630859375
2017-02-22,20775.599609375,2362.820068359375,4895.8798828125,11550.1796875,5860.6298828125,7302.2998046875,19379.869140625,3261.218017578125,10444.2626953125,3414.93994140625,24201.9609375
2017-02-23,20810.3203125,2363.81005859375,4891.2900390625,11556.150390625,5835.509765625,7271.39990234375,19371.4609375,3251.375,10432.5224609375,3404.590087890625,24114.859375
2017-02-24,20821.759765625,2367.340087890625,4845.240234375,11541.2900390625,5845.31005859375,7243.7001953125,19283.5390625,3253.43310546875,10443.61328125,3406.7900390625,23965.69921875
2017-02-27,20837.439453125,2369.75,4845.18017578125,11558.349609375,5861.89990234375,7253.0,19107.470703125,3228.659912109375,10353.43359375,3380.820068359375,23925.05078125
2017-02-28,20812.240234375,2363.639892578125,4858.580078125,11512.3896484375,5825.43994140625,7263.39990234375,19118.990234375,3241.73291015625,10391.2236328125,3394.5,23740.73046875
2017-03-01,21115.55078125,2395.9599609375,4960.830078125,11661.2197265625,5904.02978515625,7382.89990234375,19393.5390625,3246.93408203125,10418.5029296875,3399.889892578125,23776.490234375
2017-03-02,21002.970703125,2381.919921875,4963.7998046875,11575.91015625,5861.22021484375,7382.39990234375,19564.80078125,3230.028076171875,10367.193359375,3382.2099609375,23728.0703125
2017-03-03,21005.7109375,2383.1201171875,4995.1298828125,11598.3701171875,5870.75,7374.2998046875,19469.169921875,3218.31201171875,10396.93359375,3369.929931640625,23552.720703125
2017-03-06,20954.33984375,2375.31005859375,4972.18994140625,11547.7900390625,5849.18017578125,7350.10009765625,19379.140625,3233.865966796875,10522.1630859375,3386.2099609375,23596.279296875
2017-03-07,20924.759765625,2368.389892578125,4955.0,11506.3203125,5833.93017578125,7339.0,19344.150390625,3242.406005859375,10552.0205078125,3395.199951171875,23681.0703125
2017-03-08,20855.73046875,2362.97998046875,4960.47998046875,11448.2099609375,5837.5498046875,7334.60009765625,19254.029296875,3240.6650390625,10498.1923828125,3393.409912109375,23782.26953125
2017-03-09,20858.189453125,2364.8701171875,4981.509765625,11457.6396484375,5838.81005859375,7315.0,19318.580078125,3216.74609375,10420.9423828125,3368.320068359375,23501.560546875
2017-03-10,20902.98046875,2372.60009765625,4993.31982421875,11500.759765625,5861.72998046875,7343.10009765625,19604.609375,3212.760009765625,10450.892578125,3364.10009765625,23568.669921875
2017-03-13,20881.48046875,2373.469970703125,4999.60009765625,11519.4404296875,5875.77978515625,7367.10009765625,19633.75,3237.02392578125,10559.7607421875,3389.56005859375,23829.669921875
2017-03-14,20837.369140625,2365.449951171875,4974.259765625,11459.2900390625,5856.81982421875,7357.89990234375,19609.5,3239.327880859375,10531.61328125,3392.0,23827.94921875
2017-03-15,20950.099609375,2385.260009765625,4985.47998046875,11590.3095703125,5900.0498046875,7368.60009765625,19577.380859375,3241.760009765625,10542.8916015625,3394.590087890625,23792.849609375
2017-03-16,20934.55078125,2381.3798828125,5013.3798828125,11600.240234375,5900.759765625,7416.0,19590.140625,3268.93505859375,10624.30078125,3423.010009765625,24288.279296875
2017-03-17,20914.619140625,2378.25,5029.240234375,11589.009765625,5901.0,7425.0,19521.58984375,3237.447021484375,10515.29296875,3389.949951171875,24309.9296875
2017-03-20,20905.859375,2373.469970703125,5012.16015625,11556.9296875,5901.52978515625,7429.7998046875,,3250.80810546875,10532.212890625,3403.969970703125,24501.990234375
2017-03-21,20668.009765625,2344.02001953125,5002.43017578125,11420.4296875,5793.830078125,7378.2998046875,19455.880859375,3261.611083984375,10586.5009765625,3415.280029296875,24593.119140625
2017-03-22,20661.30078125,2348.449951171875,4994.7001953125,11426.6904296875,5821.64013671875,7324.7001953125,19041.380859375,3245.219970703125,10553.4111328125,3398.110107421875,24320.41015625
2017-03-23,20656.580078125,2345.9599609375,5032.759765625,11430.8896484375,5817.68994140625,7340.7001953125,19085.310546875,3248.550048828125,10582.9208984375,3401.820068359375,24327.69921875
2017-03-24,20596.720703125,2343.97998046875,5020.89990234375,11418.8896484375,5828.740234375,7336.7998046875,19262.529296875,3269.445068359375,10646.6005859375,3423.77001953125,24358.26953125
2017-03-27,20550.98046875,2341.590087890625,5017.43017578125,11414.330078125,5840.3701171875,7293.5,18985.58984375,3266.955078125,10581.80078125,3421.199951171875,24193.69921875
2017-03-28,20701.5,2358.570068359375,5046.2001953125,11493.83984375,5875.14013671875,7343.39990234375,19202.869140625,3252.947998046875,10563.1708984375,3406.5,24345.869140625
2017-03-29,20659.3203125,2361.1298828125,5069.0400390625,11496.669921875,5897.5498046875,7373.7001953125,19217.48046875,3241.31396484375,10520.703125,3394.35009765625,24392.05078125
2017-03-30,20728.490234375,2368.06005859375,5089.64013671875,11519.83984375,5914.33984375,7369.5,19063.220703125,3210.237060546875,10348.1533203125,3361.7900390625,24301.08984375
2017-03-31,20663.220703125,2362.719970703125,5122.509765625,11492.849609375,5911.740234375,7322.89990234375,18909.259765625,3222.513916015625,10428.6025390625,3374.659912109375,24111.58984375
2017-04-03,20650.2109375,2358.840087890625,5085.91015625,11463.91015625,5894.68017578125,7282.7001953125,18983.23046875,,,,24261.48046875
2017-04-04,20689.240234375,2360.159912109375,5101.1298828125,11470.5400390625,5898.60986328125,7321.7998046875,18810.25,,,,
2017-04-05,20648.150390625,2352.949951171875,5091.85009765625,11423.3603515625,5864.47998046875,7331.7001953125,18861.26953125,3270.304931640625,10627.0107421875,3424.610107421875,24400.80078125
2017-04-06,20662.94921875,2357.489990234375,5121.43994140625,11457.2900390625,5878.9501953125,7303.2001953125,18597.060546875,3281.0048828125,10656.05078125,3435.8701171875,24273.720703125
2017-04-07,20656.099609375,2355.5400390625,5135.27978515625,11445.580078125,5877.81005859375,7349.39990234375,18664.630859375,3286.615966796875,10669.361328125,3441.760009765625,24267.30078125
2017-04-10,20658.01953125,2357.159912109375,5107.4501953125,11464.33984375,5880.93017578125,7348.89990234375,18797.880859375,3269.39306640625,10603.1611328125,3423.68994140625,24262.1796875
2017-04-11,20651.30078125,2353.780029296875,5101.85986328125,11473.6201171875,5866.77001953125,7365.5,18747.869140625,3288.966064453125,10655.6708984375,3444.260009765625,24088.4609375
2017-04-12,20591.859375,2344.929931640625,5101.10986328125,11423.169921875,5836.16015625,7349.0,18552.609375,3273.830078125,10587.1904296875,3428.3701171875,24313.5
2017-04-13,20453.25,2328.949951171875,5071.10009765625,11324.5302734375,5805.14990234375,7327.60009765625,18426.83984375,3275.9599609375,10653.970703125,3430.610107421875,24261.66015625
2017-04-14,,,,,,,18335.630859375,3244.48291015625,10519.7431640625,3399.31005859375,
2017-04-17,20636.919921875,2349.010009765625,,11427.080078125,5856.7900390625,,18355.259765625,3222.1669921875,10450.7431640625,3374.239990234375,
2017-04-18,20523.279296875,2342.18994140625,4990.25,11378.580078125,5849.47021484375,7147.5,18418.58984375,3196.712890625,10411.3232421875,3347.47998046875,23924.5390625
2017-04-19,20404.490234375,2338.169921875,5003.72998046875,11342.419921875,5863.02978515625,7114.39990234375,18432.19921875,3170.68701171875,10348.2939453125,3320.22998046875,23825.880859375
2017-04-20,20578.7109375,2355.840087890625,5077.91015625,11426.91015625,5916.77978515625,7118.5,18430.490234375,3172.10009765625,10358.9736328125,3321.7099609375,24056.98046875
2017-04-21,20547.759765625,2348.68994140625,5059.2001953125,11389.1298828125,5910.52001953125,7114.60009765625,18620.75,3173.15087890625,10314.2333984375,3322.800048828125,24042.01953125
2017-04-24,20763.890625,2374.14990234375,5268.85009765625,11531.7900390625,5983.81982421875,7264.7001953125,18875.880859375,3129.531005859375,10091.7763671875,3277.110107421875,24139.48046875
2017-04-25,20996.119140625,2388.610107421875,5277.8798828125,11603.2802734375,6025.490234375,7275.60009765625,19079.330078125,3134.56689453125,10165.10546875,3282.3798828125,24455.939453125
2017-04-26,20975.08984375,2387.449951171875,5287.8798828125,11592.91015625,6025.22998046875,7288.7001953125,19289.4296875,3140.846923828125,10204.7255859375,3288.929931640625,24578.4296875
2017-04-27,20981.330078125,2388.77001953125,5271.7001953125,11578.51953125,6048.93994140625,7237.2001953125,19251.869140625,3152.18701171875,10229.076171875,3300.81005859375,24698.48046875
2017-04-28,20940.509765625,2384.199951171875,5267.330078125,11536.080078125,6047.60986328125,7203.89990234375,19196.740234375,3154.657958984375,10234.5361328125,3303.43994140625,24615.130859375
2017-05-01,20913.4609375,2388.330078125,,11536.490234375,6091.60009765625,,19310.51953125,,,,
2017-05-02,20949.890625,2391.169921875,5304.14990234375,11551.2998046875,6095.3701171875,7250.10009765625,19445.69921875,3143.7119140625,10223.85546875,3292.0,24696.130859375
2017-05-03,20957.900390625,2388.1298828125,5301.0,11529.66015625,6072.5498046875,7234.5,,3135.345947265625,10184.025390625,3283.18994140625,
2017-05-04,20951.470703125,2389.52001953125,5372.419921875,11534.7099609375,6075.33984375,7248.10009765625,,3127.368896484375,10147.326171875,3274.7900390625,24683.880859375
2017-05-05,21006.939453125,2399.2900390625,5432.39990234375,11615.6103515625,6100.759765625,7297.39990234375,,3103.0380859375,10024.328125,3249.39990234375,24476.349609375
2017-05-08,21012.279296875,2399.3798828125,5382.9501953125,11595.259765625,6102.66015625,7300.89990234375,19895.69921875,3078.613037109375,9833.0595703125,3223.8798828125,24577.91015625
2017-05-09,20975.779296875,2396.919921875,5398.009765625,11567.51953125,6120.58984375,7342.2001953125,19843.0,3080.527099609375,9885.228515625,3225.8798828125,24889.029296875
2017-05-10,20943.109375,2399.6298828125,5400.4599609375,11598.990234375,6129.14013671875,7385.2001953125,19900.08984375,3052.784912109375,9756.7001953125,3196.820068359375,25015.419921875
2017-05-11,20919.419921875,2394.43994140625,5383.419921875,11563.599609375,6115.9599609375,7386.60009765625,19961.55078125,3061.5,9776.3408203125,3205.97998046875,25125.55078125
2017-05-12,20896.609375,2390.89990234375,5405.419921875,11547.0498046875,6121.22998046875,7435.39990234375,19883.900390625,3083.512939453125,9787.880859375,3229.1298828125,25156.33984375
2017-05-15,20981.939453125,2402.320068359375,5417.39990234375,11614.23046875,6149.669921875,7454.39990234375,19869.849609375,3090.22900390625,9845.4892578125,3236.199951171875,25371.58984375
2017-05-16,20979.75,2400.669921875,5406.10009765625,11606.490234375,6169.8701171875,7522.0,19919.8203125,3112.964111328125,10046.5478515625,3259.9599609375,25335.939453125
2017-05-17,20606.9296875,2357.030029296875,5317.89013671875,11423.5302734375,6011.240234375,7503.5,19814.880859375,3104.44189453125,10029.998046875,3250.969970703125,25293.630859375
2017-05-18,20663.01953125,2365.719970703125,5289.72998046875,11434.0595703125,6055.1298828125,7436.39990234375,19553.859375,3090.138916015625,9974.23828125,3235.969970703125,25136.51953125
2017-05-19,20804.83984375,2381.72998046875,5324.39990234375,11542.6904296875,6083.7001953125,7470.7001953125,19590.759765625,3090.631103515625,9970.8486328125,3236.47998046875,25174.869140625
2017-05-22,20894.830078125,2394.02001953125,5322.8798828125,11585.2099609375,6133.6201171875,7496.2998046875,19678.279296875,3075.676025390625,9899.5390625,3220.89990234375,25391.33984375
2017-05-23,20937.91015625,2398.419921875,5348.16015625,11604.6201171875,6138.7099609375,7485.2998046875,19613.279296875,3061.947021484375,9763.6708984375,3206.669921875,25403.150390625
2017-05-24,21012.419921875,2404.389892578125,5341.33984375,11621.23046875,6163.02001953125,7514.89990234375,19742.98046875,3064.075927734375,9812.349609375,3208.89990234375,25428.5
2017-05-25,21082.94921875,2415.070068359375,5337.16015625,11639.2998046875,6205.259765625,7517.7001953125,19813.130859375,3107.8310546875,9893.6689453125,3254.72998046875,25630.779296875
2017-05-26,21080.279296875,2415.820068359375,5336.64013671875,11631.8701171875,6210.18994140625,7547.60009765625,19686.83984375,3110.05908203125,9859.1201171875,3257.06005859375,25639.26953125
2017-05-29,,,5332.47021484375,,,,19682.5703125,,,,25701.630859375
2017-05-30,21029.470703125,2412.909912109375,5305.93994140625,11601.3095703125,6203.18994140625,7526.5,19677.849609375,,,,
2017-05-31,21008.650390625,2411.800048828125,5283.6298828125,11598.0302734375,6198.52001953125,7520.0,19650.5703125,3117.177978515625,9864.7294921875,3264.5400390625,25660.650390625
2017-06-01,21144.1796875,2430.06005859375,5318.669921875,11699.7900390625,6246.830078125,7543.7998046875,19860.029296875,3102.623046875,9730.2216796875,3249.43994140625,25809.220703125
2017-06-02,21206.2890625,2439.070068359375,5343.41015625,11718.7001953125,6305.7998046875,7547.60009765625,20177.279296875,3105.5400390625,9794.7802734375,3252.429931640625,25924.05078125
2017-06-05,21184.0390625,2436.10009765625,5307.89013671875,11693.6796875,6295.68017578125,7525.7998046875,20170.8203125,3091.656005859375,9842.4892578125,3237.81005859375,25862.990234375
2017-06-06,21136.23046875,2429.330078125,5269.22021484375,11671.4599609375,6275.06005859375,7525.0,19979.900390625,3102.1259765625,9915.80859375,3248.820068359375,25997.140625
2017-06-07,21173.689453125,2433.139892578125,5265.52978515625,11667.73046875,6297.3798828125,7478.60009765625,19984.619140625,3140.324951171875,10109.7666015625,3288.760009765625,25974.16015625
2017-06-08,21182.529296875,2433.7900390625,5264.240234375,11678.9501953125,6321.759765625,7450.0,19909.259765625,3150.333984375,10148.60546875,3299.2900390625,26063.060546875
2017-06-09,21271.970703125,2431.77001953125,5299.7099609375,11744.73046875,6207.919921875,7527.2998046875,20013.259765625,3158.39990234375,10177.3359375,3307.719970703125,26030.2890625
2017-06-12,21235.669921875,2429.389892578125,5240.58984375,11746.4599609375,6175.4599609375,7511.89990234375,19908.580078125,3139.876953125,10119.876953125,3288.3798828125,25708.0390625
2017-06-13,21328.470703125,2440.35009765625,5261.740234375,11796.7900390625,6220.3701171875,7500.39990234375,19898.75,3153.742919921875,10224.7060546875,3302.8798828125,25852.099609375
2017-06-14,21374.560546875,2437.919921875,5243.2900390625,11779.8095703125,6194.89013671875,7474.39990234375,19883.51953125,3130.674072265625,10151.416015625,3278.699951171875,25875.900390625
2017-06-15,21359.900390625,2432.4599609375,5216.8798828125,11740.51953125,6165.5,7419.39990234375,19831.8203125,3132.486083984375,10221.576171875,3280.550048828125,25565.33984375
2017-06-16,21384.279296875,2433.14990234375,5263.31005859375,11772.01953125,6151.759765625,7463.5,19943.259765625,3123.166015625,10191.1259765625,3270.77001953125,25626.490234375
2017-06-19,21528.990234375,2453.4599609375,5310.72021484375,11833.33984375,6239.009765625,7523.7998046875,20067.75,3144.3740234375,10262.685546875,3293.010009765625,25924.55078125
2017-06-20,21467.140625,2437.030029296875,5293.64990234375,11738.9501953125,6188.02978515625,7472.7001953125,20230.41015625,3140.013916015625,10288.4150390625,3288.43994140625,25843.0390625
2017-06-21,21410.029296875,2435.610107421875,5274.259765625,11696.2802734375,6233.9501953125,7447.7998046875,20138.7890625,3156.2119140625,10367.0537109375,3305.449951171875,25694.580078125
2017-06-22,21397.2890625,2434.5,5281.93017578125,11712.51953125,6236.68994140625,7439.2998046875,20110.509765625,3147.452880859375,10265.0859375,3296.27001953125,25674.529296875
2017-06-23,21394.759765625,2438.300048828125,5266.1201171875,11733.2001953125,6265.25,7424.10009765625,20132.669921875,3157.873046875,10366.6640625,3307.219970703125,25670.05078125
2017-06-26,21409.55078125,2439.070068359375,5295.75,11758.8603515625,6247.14990234375,7446.7998046875,20153.349609375,3185.444091796875,10537.47265625,3336.090087890625,25871.890625
2017-06-27,21310.66015625,2419.3798828125,5258.580078125,11716.919921875,6146.6201171875,7434.39990234375,20225.08984375,3191.197021484375,10535.2431640625,3342.10009765625,25839.990234375
2017-06-28,21454.609375,2440.68994140625,5252.89990234375,11812.7998046875,6234.41015625,7387.7998046875,20130.41015625,3173.200927734375,10451.453125,3323.239990234375,25683.5
2017-06-29,21287.029296875,2419.699951171875,5154.35009765625,11739.98046875,6144.35009765625,7350.2998046875,20220.30078125,3188.06298828125,10511.7431640625,3338.81005859375,25965.419921875
2017-06-30,21349.630859375,2423.409912109375,5120.68017578125,11761.7001953125,6140.419921875,7312.7001953125,20033.4296875,3192.427001953125,10529.4931640625,3343.389892578125,25764.580078125
2017-07-03,21479.26953125,2429.010009765625,5195.72021484375,11835.7197265625,6110.06005859375,7377.10009765625,20055.80078125,3195.912109375,10534.9326171875,3347.0400390625,25784.169921875
2017-07-04,,,5174.89990234375,,,7357.2001953125,20032.349609375,3182.803955078125,10474.712890625,3333.2900390625,25389.009765625
2017-07-05,21478.169921875,2432.5400390625,5180.10009765625,11809.490234375,6150.85986328125,7367.60009765625,20081.630859375,3207.134033203125,10560.970703125,3358.77001953125,25521.970703125
2017-07-06,21320.0390625,2409.75,5152.39990234375,11702.4296875,6089.4599609375,7337.2998046875,19994.060546875,3212.444091796875,10561.9404296875,3364.320068359375,25465.220703125
2017-07-07,21414.33984375,2425.179931640625,5145.16015625,11752.98046875,6153.080078125,7350.89990234375,19929.08984375,3217.95703125,10563.6005859375,3370.10009765625,25340.849609375
2017-07-10,21408.51953125,2427.429931640625,5165.64013671875,11751.7900390625,6176.39013671875,7370.0,20080.98046875,3212.632080078125,10505.482421875,3364.530029296875,25500.060546875
2017-07-11,21409.0703125,2425.530029296875,5140.60009765625,11744.76953125,6193.2998046875,7329.7998046875,20195.48046875,3203.0380859375,10467.5927734375,3354.52001953125,25877.640625
2017-07-12,21532.140625,2443.25,5222.1298828125,11825.900390625,6261.169921875,7416.89990234375,20098.380859375,3197.5439453125,10453.0732421875,3348.75,26043.640625
2017-07-13,21553.08984375,2447.830078125,5235.39990234375,11844.6201171875,6274.43994140625,7413.39990234375,20099.810546875,3218.1630859375,10465.982421875,3370.35009765625,26346.169921875
2017-07-14,21637.740234375,2459.27001953125,5235.31005859375,11897.3095703125,6312.47021484375,7378.39990234375,20118.859375,3222.4169921875,10427.6728515625,3374.820068359375,26389.23046875
2017-07-17,21629.720703125,2459.139892578125,5230.169921875,11890.509765625,6314.43017578125,7404.10009765625,,3176.465087890625,10055.6865234375,3326.800048828125,26470.580078125
2017-07-18,21574.73046875,2460.610107421875,5173.27001953125,11877.419921875,6344.31005859375,7390.2001953125,19999.91015625,3187.56689453125,10103.646484375,3338.3798828125,26524.939453125
2017-07-19,21640.75,2473.830078125,5216.06982421875,11941.33984375,6385.0400390625,7430.89990234375,20020.859375,3230.97607421875,10295.455078125,3383.840087890625,26672.16015625
2017-07-20,21611.779296875,2473.449951171875,5199.22021484375,11944.490234375,6390.0,7487.89990234375,20144.58984375,3244.864990234375,10366.8642578125,3398.419921875,26740.2109375
2017-07-21,21580.0703125,2472.5400390625,5117.66015625,11924.599609375,6387.75,7452.89990234375,20099.75,3237.98193359375,10364.7041015625,3391.179931640625,26706.08984375
2017-07-24,21513.169921875,2469.909912109375,5127.7001953125,11904.7099609375,6410.81005859375,7377.7001953125,19975.669921875,3250.59912109375,10404.103515625,3404.39990234375,26846.830078125
2017-07-25,21613.4296875,2477.1298828125,5161.080078125,11965.7197265625,6412.169921875,7434.7998046875,19955.19921875,3243.68896484375,10353.09375,3397.179931640625,26852.05078125
2017-07-26,21711.009765625,2477.830078125,5190.169921875,11964.91015625,6422.75,7452.2998046875,20050.16015625,3247.675048828125,10297.224609375,3401.35009765625,26941.01953125
2017-07-27,21796.55078125,2475.419921875,5186.9501953125,11963.23046875,6382.18994140625,7443.0,20079.640625,3249.781005859375,10395.07421875,3403.52001953125,27131.169921875
2017-07-28,21830.310546875,2472.10009765625,5131.39013671875,11954.6904296875,6374.68017578125,7368.39990234375,19959.83984375,3253.239990234375,10437.8232421875,3407.06005859375,26979.390625
2017-07-31,21891.119140625,2470.300048828125,5093.77001953125,11967.669921875,6348.1201171875,7372.0,19925.1796875,3273.028076171875,10504.9228515625,3427.7900390625,27323.990234375
2017-08-01,21963.919921875,2476.35009765625,5127.02978515625,12000.01953125,6362.93994140625,7423.7001953125,19985.7890625,3292.637939453125,10525.232421875,3448.409912109375,27540.23046875
2017-08-02,22016.240234375,2477.570068359375,5107.25,11979.3701171875,6362.64990234375,7411.39990234375,20080.0390625,3285.056884765625,10469.22265625,3440.489990234375,27607.380859375
2017-08-03,22026.099609375,2472.159912109375,5130.490234375,11956.51953125,6340.33984375,7474.7998046875,20029.259765625,3272.928955078125,10436.052734375,3427.75,27531.009765625
2017-08-04,22092.810546875,2476.830078125,5203.43994140625,11984.8896484375,6351.56005859375,7511.7001953125,19952.330078125,3262.0810546875,10361.1142578125,3416.35009765625,27562.6796875
2017-08-07,22118.419921875,2480.909912109375,5207.89013671875,11987.76953125,6383.77001953125,7531.89990234375,20055.890625,3279.45703125,10450.962890625,3434.590087890625,27690.359375
2017-08-08,22085.33984375,2474.919921875,5218.89013671875,11949.9697265625,6370.4599609375,7542.7001953125,19996.009765625,3281.873046875,10496.1328125,3437.1201171875,27854.91015625
2017-08-09,22048.69921875,2474.02001953125,5145.7001953125,11929.4599609375,6352.330078125,7498.10009765625,19738.7109375,3275.572998046875,10544.4716796875,3430.449951171875,27757.08984375
2017-08-10,21844.009765625,2438.2099609375,5115.22998046875,11771.599609375,6216.8701171875,7389.89990234375,19729.740234375,3261.7490234375,10480.5224609375,3415.9599609375,27444.0
2017-08-11,21858.3203125,2441.320068359375,5060.919921875,11763.2197265625,6256.56005859375,7310.0,,3208.541015625,10291.234375,3360.179931640625,26883.509765625
2017-08-14,21993.7109375,2465.840087890625,5121.669921875,11856.0595703125,6340.22998046875,7353.89990234375,19537.099609375,3237.360107421875,10519.6826171875,3390.35009765625,27250.23046875
2017-08-15,21998.990234375,2464.610107421875,5140.25,11843.48046875,6333.009765625,7383.89990234375,19753.310546875,3251.261962890625,10559.6611328125,3404.969970703125,27174.9609375
2017-08-16,22024.869140625,2468.110107421875,5176.60986328125,11868.8603515625,6345.10986328125,7433.0,19729.279296875,3246.450927734375,10600.6611328125,3399.909912109375,27409.0703125
2017-08-17,21750.73046875,2430.010009765625,5146.85009765625,11712.7197265625,6221.91015625,7387.89990234375,19702.630859375,3268.429931640625,10653.611328125,3422.929931640625,27344.220703125
2017-08-18,21674.509765625,2425.550048828125,5114.14990234375,11699.830078125,6216.52978515625,7324.0,19470.41015625,3268.72412109375,10613.9609375,3423.219970703125,27047.5703125
2017-08-21,21703.75,2428.3701171875,5087.58984375,11719.26953125,6213.1298828125,7318.89990234375,19393.130859375,3286.906005859375,10689.6494140625,3442.27001953125,27154.6796875
2017-08-22,21899.890625,2452.510009765625,5131.85986328125,11805.2900390625,6297.47998046875,7381.7001953125,19383.83984375,3290.22607421875,10653.861328125,3445.7900390625,27401.669921875
2017-08-23,21812.08984375,2444.0400390625,5115.39013671875,11785.919921875,6278.41015625,7382.7001953125,19434.640625,3287.705078125,10619.220703125,3443.169921875,
2017-08-24,21783.400390625,2438.969970703125,5113.1298828125,11773.7998046875,6271.330078125,7407.10009765625,19353.76953125,3271.511962890625,10552.8408203125,3426.179931640625,27518.599609375
2017-08-25,21813.669921875,2443.050048828125,5104.330078125,11812.0302734375,6265.64013671875,7401.5,19452.609375,3331.52197265625,10658.890625,3489.139892578125,27848.16015625
2017-08-28,21808.400390625,2444.239990234375,5079.75,11800.2197265625,6283.02001953125,,19449.900390625,3362.65087890625,,3521.75,27863.2890625
2017-08-29,21865.369140625,2446.300048828125,5031.919921875,11791.8798828125,6301.89013671875,7337.39990234375,19362.55078125,3365.22607421875,10762.25,3524.5,27765.009765625
2017-08-30,21892.4296875,2457.590087890625,5056.33984375,11805.0703125,6368.31005859375,7365.2998046875,19506.5390625,3363.626953125,10813.8076171875,3522.719970703125,28094.609375
2017-08-31,21948.099609375,2471.64990234375,5085.58984375,11875.6904296875,6428.66015625,7430.60009765625,19646.240234375,3360.81005859375,10816.517578125,3519.719970703125,27970.30078125
2017-09-01,21987.560546875,2476.550048828125,5123.259765625,11918.080078125,6435.330078125,7438.5,19691.470703125,3367.118896484375,10880.4375,3526.35009765625,27953.16015625
2017-09-04,,,5103.97021484375,,,7411.5,19508.25,3379.8359375,,3539.4599609375,27740.259765625
2017-09-05,21753.310546875,2457.85009765625,5086.56005859375,11827.150390625,6375.56982421875,7372.89990234375,19385.810546875,3384.31689453125,10986.8271484375,3544.3701171875,27741.349609375
2017-09-06,21807.640625,2465.5400390625,5101.41015625,11872.919921875,6393.31005859375,7354.10009765625,19357.970703125,3385.388916015625,11024.466796875,3545.449951171875,27613.759765625
2017-09-07,21784.779296875,2465.10009765625,5114.6201171875,11879.6103515625,6397.8701171875,7397.0,19396.51953125,3365.4970703125,10969.0068359375,3524.570068359375,27522.919921875
2017-09-08,21797.7890625,2461.429931640625,5113.490234375,11887.98046875,6360.18994140625,7377.60009765625,19274.8203125,3365.242919921875,10970.646484375,3524.050048828125,27668.470703125
2017-09-11,22057.369140625,2488.110107421875,5176.7099609375,12010.26953125,6432.259765625,7413.60009765625,19545.76953125,3376.4189453125,11053.6865234375,3535.659912109375,27955.130859375
2017-09-12,22118.859375,2496.47998046875,5209.009765625,12057.1201171875,6454.27978515625,7400.7001953125,19776.619140625,3379.488037109375,11043.5673828125,3538.93994140625,27972.240234375
2017-09-13,22158.1796875,2498.3701171875,5217.58984375,12055.1796875,6460.18994140625,7379.7001953125,19865.8203125,3384.14697265625,11091.4462890625,3543.780029296875,27894.080078125
2017-09-14,22203.48046875,2495.6201171875,5225.2001953125,12062.6201171875,6429.080078125,7295.39990234375,19807.439453125,3371.426025390625,11070.4462890625,3530.4599609375,27777.19921875
2017-09-15,22268.33984375,2500.22998046875,5213.91015625,12080.1396484375,6448.47021484375,7215.5,19909.5,3353.618896484375,11063.0556640625,3511.85009765625,27807.58984375
2017-09-18,22331.349609375,2503.8701171875,5229.31982421875,12111.4501953125,6454.64013671875,7253.2998046875,,3362.85888671875,11153.486328125,3521.52001953125,28159.76953125
2017-09-19,22370.80078125,2506.64990234375,5237.43994140625,12131.73046875,6461.31982421875,7275.2998046875,20299.380859375,3356.844970703125,11083.8564453125,3515.18994140625,28051.41015625
2017-09-20,22412.58984375,2508.239990234375,5241.66015625,12147.5,6456.0400390625,7272.0,20310.4609375,3365.99609375,11191.0859375,3524.72998046875,28127.80078125
2017-09-21,22359.23046875,2500.60009765625,5267.2900390625,12133.6298828125,6422.68994140625,7263.89990234375,20347.48046875,3357.81201171875,11098.2958984375,3516.139892578125,28110.330078125
2017-09-22,22349.58984375,2502.219970703125,5281.2900390625,12151.7998046875,6426.919921875,7310.60009765625,20296.44921875,3352.529052734375,11069.7763671875,3510.6201171875,27880.529296875
2017-09-25,22296.08984375,2496.659912109375,5267.1298828125,12141.5595703125,6370.58984375,7301.2998046875,20397.580078125,3341.549072265625,10930.626953125,3499.199951171875,27500.33984375
2017-09-26,22284.3203125,2496.840087890625,5268.759765625,12127.919921875,6380.16015625,7285.7001953125,20330.189453125,3343.5830078125,10950.7265625,3501.300048828125,27513.009765625
2017-09-27,22340.7109375,2507.0400390625,5281.9599609375,12157.650390625,6453.259765625,7313.5,20267.05078125,3345.27197265625,11036.7373046875,3502.9599609375,27642.4296875
2017-09-28,22381.19921875,2510.06005859375,5293.77001953125,12179.3095703125,6453.4501953125,7322.7998046875,20363.109375,3339.64208984375,11031.376953125,3497.0400390625,27421.599609375
2017-09-29,22405.08984375,2519.360107421875,5329.81005859375,12209.16015625,6495.9599609375,7372.7998046875,20356.279296875,3348.943115234375,11087.146484375,3506.72998046875,27554.30078125
2017-10-02,22557.599609375,2529.1201171875,5350.43994140625,12264.66015625,6516.72021484375,7438.7998046875,20400.779296875,,,,
2017-10-03,22641.669921875,2534.580078125,5367.41015625,12302.8798828125,6531.7099609375,7468.10009765625,20614.0703125,,,,28173.2109375
2017-10-04,22661.640625,2537.739990234375,5363.22998046875,12304.669921875,6534.6298828125,7467.60009765625,20626.66015625,,,,28379.1796875
2017-10-05,22775.390625,2552.070068359375,5379.2099609375,12338.9296875,6585.35986328125,7508.0,20628.560546875,,,,
2017-10-06,22773.669921875,2549.330078125,5359.89990234375,12317.6904296875,6590.18017578125,7522.89990234375,20690.7109375,,,,28458.0390625
2017-10-09,22761.0703125,2544.72998046875,5365.830078125,12293.9501953125,6579.72998046875,7507.89990234375,,3374.3779296875,11264.2255859375,3533.39990234375,28326.58984375
2017-10-10,22830.6796875,2550.639892578125,5363.64990234375,12346.58984375,6587.25,7538.2998046875,20823.509765625,3382.988037109375,11329.46484375,3542.43994140625,28490.830078125
2017-10-11,22872.890625,2555.239990234375,5362.41015625,12362.0595703125,6603.5498046875,7533.7998046875,20881.26953125,3388.283935546875,11312.455078125,3548.02001953125,28389.5703125
2017-10-12,22841.009765625,2550.929931640625,5360.81005859375,12338.740234375,6591.509765625,7556.2001953125,20954.720703125,3386.10009765625,11307.275390625,3545.85009765625,28459.029296875
2017-10-13,22871.720703125,2553.169921875,5351.740234375,12352.0,6605.7998046875,7535.39990234375,21155.1796875,3390.52294921875,11399.044921875,3550.4599609375,28476.4296875
2017-10-16,22956.9609375,2557.639892578125,5362.8798828125,12359.51953125,6624.0,7527.0,21255.560546875,3378.469970703125,11271.15625,3537.909912109375,28692.80078125
2017-10-17,22997.439453125,2559.360107421875,5361.3701171875,12349.9697265625,6623.66015625,7516.2001953125,21336.119140625,3372.041015625,11275.2958984375,3531.320068359375,28697.490234375
2017-10-18,23157.599609375,2561.260009765625,5383.81005859375,12371.01953125,6624.22021484375,7542.89990234375,21363.05078125,3381.7939453125,11282.7060546875,3541.639892578125,28711.759765625
2017-10-19,23163.0390625,2562.10009765625,5368.2900390625,12380.3203125,6605.06982421875,7523.0,21448.51953125,3370.172119140625,11189.505859375,3529.489990234375,28159.08984375
2017-10-20,23328.630859375,2575.2099609375,5372.3798828125,12430.51953125,6629.0498046875,7523.2001953125,21457.640625,3378.64794921875,11238.8359375,3538.2099609375,28487.240234375
2017-10-23,23273.9609375,2564.97998046875,5386.81005859375,12384.419921875,6586.830078125,7524.5,21696.650390625,3380.698974609375,11306.2646484375,3540.39990234375,28305.880859375
2017-10-24,23441.759765625,2569.1298828125,5394.7998046875,12404.990234375,6598.43017578125,7526.5,21805.169921875,3388.248046875,11339.0849609375,3548.35009765625,28154.970703125
2017-10-25,23329.4609375,2557.14990234375,5374.89013671875,12336.580078125,6563.89013671875,7447.2001953125,21707.619140625,3396.89794921875,11437.1650390625,3557.340087890625,28302.890625
2017-10-26,23400.859375,2560.39990234375,5455.39990234375,12352.4296875,6556.77001953125,7486.5,21739.779296875,3407.56689453125,11461.2353515625,3568.489990234375,28202.380859375
2017-10-27,23434.189453125,2581.070068359375,5494.1298828125,12366.4296875,6701.259765625,7505.0,22008.44921875,3416.81201171875,11444.474609375,3578.2900390625,28438.849609375
2017-10-30,23348.740234375,2572.830078125,5493.6298828125,12319.4697265625,6698.9599609375,7487.7998046875,22011.669921875,3390.3369140625,11312.5654296875,3550.6201171875,28336.189453125
2017-10-31,23377.240234375,2575.260009765625,5503.2900390625,12341.009765625,6727.669921875,7493.10009765625,22011.609375,3393.342041015625,11367.5751953125,3553.719970703125,28245.5390625
2017-11-01,23435.009765625,2579.360107421875,5514.2900390625,12362.8798828125,6716.52978515625,7488.0,22420.080078125,3395.9130859375,11350.275390625,3556.419921875,28594.060546875
2017-11-02,23516.259765625,2579.85009765625,5510.5,12372.9599609375,6714.93994140625,7555.2998046875,22539.119140625,3383.31005859375,11292.3759765625,3543.27001953125,28518.640625
2017-11-03,23539.189453125,2587.840087890625,5517.97021484375,12373.0595703125,6764.43994140625,7560.39990234375,,3371.743896484375,11215.146484375,3531.2099609375,28603.609375
2017-11-06,23548.419921875,2591.1298828125,5507.25,12400.9296875,6786.43994140625,7562.2998046875,22548.349609375,3388.174072265625,11373.6953125,3548.429931640625,28596.80078125
2017-11-07,23557.23046875,2590.639892578125,5480.64013671875,12371.25,6767.77978515625,7513.10009765625,22937.599609375,3413.574951171875,11467.9248046875,3575.030029296875,28994.33984375
2017-11-08,23563.359375,2594.3798828125,5471.43017578125,12384.7197265625,6789.1201171875,7529.7001953125,22913.8203125,3415.4599609375,11447.35546875,3576.97998046875,28907.599609375
2017-11-09,23461.939453125,2584.6201171875,5407.75,12339.66015625,6750.0498046875,7484.10009765625,22868.7109375,3427.794921875,11553.1943359375,3589.860107421875,29136.5703125
2017-11-10,23422.2109375,2582.300048828125,5380.72021484375,12322.599609375,6750.93994140625,7433.0,22681.419921875,3432.673095703125,11645.00390625,3594.969970703125,29120.919921875
2017-11-13,23439.69921875,2584.840087890625,5341.6298828125,12316.8203125,6757.60009765625,7415.2001953125,22380.990234375,3447.8359375,11694.9541015625,3610.860107421875,29182.1796875
2017-11-14,23409.470703125,2578.8701171875,5315.580078125,12280.1103515625,6737.8701171875,7414.39990234375,22380.009765625,3429.548095703125,11582.8740234375,3591.68994140625,29152.119140625
2017-11-15,23271.279296875,2564.6201171875,5301.25,12220.33984375,6706.2099609375,7372.60009765625,22028.3203125,3402.52490234375,11462.0654296875,3563.389892578125,28851.689453125
2017-11-16,23458.359375,2585.639892578125,5336.39013671875,12303.2802734375,6793.2900390625,7386.89990234375,22351.119140625,3399.25,11537.9150390625,3559.9599609375,29018.759765625
2017-11-17,23358.240234375,2578.85009765625,5319.169921875,12302.8896484375,6782.7900390625,7380.7001953125,22396.80078125,3382.907958984375,11292.8857421875,3543.030029296875,29199.0390625
2017-11-20,23430.330078125,2582.139892578125,5340.4501953125,12320.76953125,6790.7099609375,7389.5,22261.759765625,3392.39892578125,11437.5048828125,3552.97998046875,29260.310546875
2017-11-21,23590.830078125,2599.030029296875,5366.14990234375,12385.8896484375,6862.47998046875,7411.2998046875,22416.48046875,3410.498046875,11602.0537109375,3571.97998046875,29818.0703125
2017-11-22,23526.1796875,2597.080078125,5352.759765625,12390.8203125,6867.35986328125,7419.0,22523.150390625,3430.464111328125,11560.75390625,3592.919921875,30003.490234375
2017-11-23,,,5379.5400390625,,,7417.2001953125,,3352.989013671875,11175.42578125,3510.530029296875,29707.939453125
2017-11-24,23557.990234375,2602.419921875,5390.4599609375,12421.9296875,6889.16015625,7409.60009765625,22550.849609375,3353.821044921875,11168.345703125,3512.47998046875,29866.3203125
2017-11-27,23580.779296875,2601.419921875,5360.08984375,12390.7802734375,6878.52001953125,7383.89990234375,22495.990234375,3322.22998046875,10954.13671875,3479.429931640625,29686.189453125
2017-11-28,23836.7109375,2627.0400390625,5390.47998046875,12520.23046875,6912.35986328125,7460.7001953125,22486.240234375,3333.656982421875,11091.095703125,3491.340087890625,29680.849609375
2017-11-29,23940.6796875,2626.070068359375,5398.0498046875,12561.3203125,6824.39013671875,7393.60009765625,22597.19921875,3337.862060546875,11082.0859375,3495.72998046875,29623.830078125
2017-11-30,24272.349609375,2647.580078125,5372.7900390625,12627.7998046875,6873.97021484375,7326.7001953125,22724.9609375,3317.18798828125,10944.056640625,3474.010009765625,29177.349609375
2017-12-01,24231.58984375,2642.219970703125,5316.89013671875,12614.5595703125,6847.58984375,7300.5,22819.029296875,3317.616943359375,11013.107421875,3474.429931640625,29074.240234375
2017-12-04,24290.05078125,2639.43994140625,5389.2900390625,12634.8896484375,6775.3701171875,7339.0,22707.16015625,3309.617919921875,11014.5068359375,3466.070068359375,29138.279296875
2017-12-05,24180.640625,2629.570068359375,5375.52978515625,12567.16015625,6762.2099609375,7327.5,22622.380859375,3303.675048828125,10854.716796875,3460.06005859375,28842.80078125
2017-12-06,24140.91015625,2629.27001953125,5374.35009765625,12532.4296875,6776.3798828125,7348.0,22177.0390625,3293.965087890625,10911.287109375,3449.830078125,28224.80078125
2017-12-07,24211.48046875,2636.97998046875,5383.85986328125,12568.98046875,6812.83984375,7320.7998046875,22498.029296875,3272.053955078125,10801.20703125,3426.8701171875,28303.189453125
2017-12-08,24329.16015625,2651.5,5399.08984375,12643.0595703125,6840.080078125,7394.0,22811.080078125,3289.991943359375,10935.0166015625,3445.6298828125,28639.849609375
2017-12-11,24386.029296875,2659.989990234375,5386.830078125,12668.2197265625,6875.080078125,7453.5,22938.73046875,3322.196044921875,11143.2158203125,3479.3798828125,28965.2890625
2017-12-12,24504.80078125,2664.110107421875,5427.18994140625,12697.7802734375,6862.31982421875,7500.39990234375,22866.169921875,3280.81396484375,11043.1669921875,3435.93994140625,28793.880859375
2017-12-13,24585.4296875,2662.85009765625,5399.4501953125,12699.48046875,6875.7998046875,7496.5,22758.0703125,3303.037109375,11143.845703125,3459.27001953125,29222.099609375
2017-12-14,24508.66015625,2652.010009765625,5357.14013671875,12629.0703125,6856.52978515625,7448.10009765625,22694.44921875,3292.43896484375,11110.1357421875,3448.159912109375,29166.380859375
2017-12-15,24651.740234375,2675.81005859375,5349.2998046875,12699.6796875,6936.580078125,7490.60009765625,22553.220703125,3266.136962890625,10998.0771484375,3420.530029296875,28848.109375
2017-12-18,24792.19921875,2690.159912109375,5420.580078125,12785.8203125,6994.759765625,7537.0,22901.76953125,3267.922119140625,10960.0771484375,3422.389892578125,29050.41015625
2017-12-19,24754.75,2681.469970703125,5382.91015625,12747.5400390625,6963.85009765625,7544.10009765625,22868.0,3296.5380859375,11074.9462890625,3452.419921875,29253.66015625
2017-12-20,24726.650390625,2679.25,5352.77001953125,12747.5498046875,6960.9599609375,7525.2001953125,22891.720703125,3287.60595703125,11003.287109375,3443.090087890625,29234.08984375
2017-12-21,24782.2890625,2684.570068359375,5385.97021484375,12800.2099609375,6965.35986328125,7604.0,22866.099609375,3300.05908203125,11118.2060546875,3456.139892578125,29367.060546875
2017-12-22,24754.060546875,2683.340087890625,5364.72021484375,12797.4404296875,6959.9599609375,7592.7001953125,22902.759765625,3297.06298828125,11094.1162109375,3452.989990234375,29578.009765625
2017-12-25,,,,,,,22939.1796875,3280.839111328125,11005.45703125,3435.60009765625,
2017-12-26,24746.2109375,2680.5,,12808.900390625,6936.25,,22892.689453125,3306.125,11021.787109375,3462.5,
2017-12-27,24774.30078125,2682.6201171875,5368.83984375,12821.990234375,6939.33984375,7620.7001953125,22911.2109375,3275.782958984375,10911.1669921875,3430.6201171875,29597.66015625
2017-12-28,24837.509765625,2687.5400390625,5339.419921875,12853.08984375,6950.16015625,7622.89990234375,22783.98046875,3296.385009765625,10973.966796875,3452.18994140625,29863.7109375
2017-12-29,24719.220703125,2673.610107421875,5312.56005859375,12808.83984375,6903.39013671875,7687.7998046875,22764.939453125,3307.172119140625,11040.4072265625,3463.47998046875,29919.150390625
2018-01-02,24824.009765625,2695.81005859375,5288.60009765625,12902.7197265625,7006.89990234375,7648.10009765625,,3348.325927734375,11178.005859375,3506.6201171875,30515.310546875
2018-01-03,24922.6796875,2713.06005859375,5331.27978515625,12957.2802734375,7065.52978515625,7671.10009765625,,3369.10791015625,11280.255859375,3528.429931640625,30560.94921875
2018-01-04,25075.130859375,2723.989990234375,5413.68994140625,13028.4599609375,7077.91015625,7695.89990234375,23506.330078125,3385.7099609375,11341.3046875,3545.800048828125,30736.48046875
2018-01-05,25295.869140625,2743.14990234375,5470.75,13103.23046875,7136.56005859375,7724.2001953125,23714.529296875,3391.75,11342.8046875,3552.169921875,30814.640625
2018-01-08,25283.0,2747.7099609375,5487.419921875,13114.349609375,7157.39013671875,7696.5,,3409.47998046875,11382.6748046875,3570.75,30899.529296875
2018-01-09,25385.80078125,2751.2900390625,5523.93994140625,13120.83984375,7163.580078125,7731.0,23849.990234375,3413.89990234375,11447.044921875,3575.419921875,31011.41015625
2018-01-10,25369.130859375,2748.22998046875,5504.68017578125,13106.599609375,7153.56982421875,7748.5,23788.19921875,3421.833984375,11437.03515625,3583.800048828125,31073.720703125
2018-01-11,25574.73046875,2767.56005859375,5488.5498046875,13210.76953125,7211.77978515625,7762.89990234375,23710.4296875,3425.344970703125,11464.1552734375,3587.510009765625,31120.390625
2018-01-12,25803.189453125,2786.239990234375,5517.06005859375,13294.3203125,7261.06005859375,7778.60009765625,23653.8203125,3428.94091796875,11461.9453125,3591.27001953125,31412.5390625
2018-01-15,,,5509.68994140625,,,7769.10009765625,23714.880859375,3410.488037109375,11307.4150390625,3572.010009765625,31338.869140625
2018-01-16,25792.859375,2776.419921875,5513.81982421875,13246.8603515625,7223.68994140625,7755.89990234375,23951.810546875,3436.593994140625,11386.865234375,3599.340087890625,31904.75
2018-01-17,26115.650390625,2802.56005859375,5493.990234375,13352.3896484375,7298.27978515625,7725.39990234375,23868.33984375,3444.6708984375,11303.9248046875,3607.81005859375,31983.41015625
2018-01-18,26017.810546875,2798.030029296875,5494.830078125,13315.91015625,7296.0498046875,7701.0,23763.369140625,3474.75390625,11319.865234375,3639.3701171875,32121.939453125
2018-01-19,26071.720703125,2810.300048828125,5526.509765625,13384.4599609375,7336.3798828125,7730.7998046875,23808.060546875,3487.864013671875,11296.224609375,3653.1298828125,32254.890625
2018-01-22,26214.599609375,2832.969970703125,5541.990234375,13470.3701171875,7408.02978515625,7715.39990234375,23816.330078125,3501.362060546875,11513.03515625,3667.31005859375,32393.41015625
2018-01-23,26210.810546875,2839.1298828125,5535.259765625,13474.1103515625,7460.2900390625,7731.7998046875,24124.150390625,3546.5048828125,11555.2041015625,3714.800048828125,32930.69921875
2018-01-24,26252.119140625,2837.5400390625,5495.16015625,13507.66015625,7415.06005859375,7643.39990234375,23940.779296875,3559.465087890625,11607.5244140625,3728.35009765625,32958.69140625
2018-01-25,26392.7890625,2839.25,5481.2099609375,13512.66015625,7411.16015625,7615.7998046875,23669.490234375,3548.306884765625,11552.513671875,3716.590087890625,32654.44921875
2018-01-26,26616.7109375,2872.8701171875,5529.14990234375,13637.01953125,7505.77001953125,7665.5,23631.880859375,3558.12890625,11557.7744140625,3726.889892578125,33154.12109375
2018-01-29,26439.48046875,2853.530029296875,5521.58984375,13524.650390625,7466.509765625,7671.5,23629.33984375,3523.0009765625,11352.6748046875,3690.02001953125,32966.890625
2018-01-30,26076.890625,2822.429931640625,5473.77978515625,13375.509765625,7402.47998046875,7588.0,23291.970703125,3488.009033203125,11278.736328125,3653.27001953125,32607.2890625
2018-01-31,26149.390625,2823.81005859375,5481.93017578125,13367.9599609375,7411.47998046875,7533.60009765625,23098.2890625,3480.8330078125,11159.6357421875,3645.800048828125,32887.26953125
2018-02-01,26186.7109375,2821.97998046875,5454.5498046875,13381.9697265625,7385.85986328125,7490.39990234375,23486.109375,3446.97998046875,10864.296875,3610.510009765625,32642.08984375
2018-02-02,25520.9609375,2762.1298828125,5364.97998046875,13085.349609375,7240.9501953125,7443.39990234375,23274.529296875,3462.0810546875,10925.1171875,3626.27001953125,32601.779296875
2018-02-05,24345.75,2648.93994140625,5285.830078125,12572.9296875,6967.52978515625,7335.0,22682.080078125,3487.4970703125,10836.20703125,3652.97998046875,32245.220703125
2018-02-06,24912.76953125,2695.139892578125,5161.81005859375,12745.4501953125,7115.8798828125,7141.39990234375,21610.240234375,3370.652099609375,10377.5693359375,3530.570068359375,30595.419921875
2018-02-07,24893.349609375,2681.659912109375,5255.89990234375,12687.1796875,7051.97998046875,7279.39990234375,21645.369140625,3309.260009765625,10246.9296875,3466.1298828125,30323.19921875
2018-02-08,23860.4609375,2581.0,5151.68017578125,12270.650390625,6777.16015625,7170.7001953125,21890.859375,3262.050048828125,10372.548828125,3416.570068359375,30451.26953125
2018-02-09,24190.900390625,2619.550048828125,5079.2099609375,12405.8203125,6874.490234375,7092.39990234375,21382.619140625,3129.85107421875,10001.19140625,3278.010009765625,29507.419921875
2018-02-12,24601.26953125,2656.0,5140.06005859375,12560.1201171875,6981.9599609375,7177.10009765625,,3154.125,10291.83984375,3303.3701171875,29459.630859375
2018-02-13,24640.44921875,2662.93994140625,5109.240234375,12574.3701171875,7013.509765625,7168.0,21244.6796875,3184.958984375,10362.388671875,3335.68994140625,29839.529296875
2018-02-14,24893.490234375,2698.6298828125,5165.259765625,12746.7197265625,7143.6201171875,7214.0,21154.169921875,3199.158935546875,10431.869140625,3350.570068359375,30515.599609375
2018-02-15,25200.369140625,2731.199951171875,5222.52001953125,12856.8701171875,7256.43017578125,7234.7998046875,21464.98046875,,,,31115.4296875
2018-02-16,25219.380859375,2732.219970703125,5281.580078125,12874.3603515625,7239.47021484375,7294.7001953125,21720.25,,,,
2018-02-19,,,5256.18017578125,,,7247.7001953125,22149.2109375,,,,
2018-02-20,24964.75,2716.260009765625,5289.85986328125,12763.33984375,7234.31005859375,7246.7998046875,21925.099609375,,,,30873.630859375
2018-02-21,24797.779296875,2701.330078125,5302.169921875,12695.5302734375,7218.22998046875,7281.60009765625,21970.810546875,,,,31431.890625
2018-02-22,24962.48046875,2703.9599609375,5309.22998046875,12711.75,7210.08984375,7252.39990234375,21736.439453125,3268.55908203125,10658.8984375,3423.3701171875,30965.6796875
2018-02-23,25309.990234375,2747.300048828125,5317.3701171875,12884.1103515625,7337.39013671875,7244.39990234375,21892.779296875,3289.02392578125,10662.748046875,3444.830078125,31267.169921875
2018-02-26,25709.26953125,2779.60009765625,5344.259765625,12999.6201171875,7421.4599609375,7289.60009765625,22153.630859375,3329.573974609375,10895.5166015625,3487.35009765625,31498.599609375
2018-02-27,25410.029296875,2744.280029296875,5343.93017578125,12819.2197265625,7330.35009765625,7282.5,22389.859375,3292.068115234375,10807.4873046875,3448.030029296875,31268.66015625
2018-02-28,25029.19921875,2713.830078125,5320.490234375,12652.5498046875,7273.009765625,7231.89990234375,22068.240234375,3259.407958984375,10828.6875,3413.739990234375,30844.720703125
2018-03-01,24608.98046875,2677.669921875,5262.56005859375,12518.73046875,7180.56005859375,7175.60009765625,21724.470703125,3273.7548828125,10943.0869140625,3428.77001953125,31044.25
2018-03-02,24538.060546875,2691.25,5136.580078125,12557.990234375,7257.8701171875,7069.89990234375,21181.640625,3254.528076171875,10856.20703125,3408.60009765625,30583.44921875
2018-03-05,24874.759765625,2720.93994140625,5167.22998046875,12680.73046875,7330.7099609375,7116.0,21042.08984375,3256.926025390625,10875.63671875,3411.179931640625,29886.390625
2018-03-06,24884.119140625,2728.1201171875,5170.22998046875,12720.76953125,7372.009765625,7146.7998046875,21417.759765625,3289.64208984375,11007.9072265625,3445.449951171875,30510.73046875
2018-03-07,24801.359375,2726.800048828125,5187.830078125,12707.009765625,7396.64990234375,7157.7998046875,21252.720703125,3271.66796875,10904.947265625,3426.6201171875,30196.919921875
2018-03-08,24895.2109375,2738.969970703125,5254.10009765625,12745.009765625,7427.9501953125,7203.2001953125,21368.0703125,3288.406005859375,11019.037109375,3444.169921875,30654.51953125
2018-03-09,25335.740234375,2786.570068359375,5274.39990234375,12918.8203125,7560.81005859375,7224.5,21469.19921875,3307.166015625,11194.8662109375,3463.81005859375,30996.2109375
2018-03-12,25178.609375,2783.02001953125,5276.7099609375,12898.400390625,7588.31982421875,7214.7998046875,21824.029296875,3326.698974609375,11326.224609375,3484.14990234375,31594.330078125
2018-03-13,25007.029296875,2765.31005859375,5242.7900390625,12831.75,7511.009765625,7138.7998046875,21968.099609375,3310.239013671875,11241.3662109375,3466.909912109375,31601.44921875
2018-03-14,24758.119140625,2749.47998046875,5233.35986328125,12762.669921875,7496.81005859375,7132.7001953125,21777.2890625,3291.382080078125,11139.5859375,3447.1298828125,31435.009765625
2018-03-15,24873.66015625,2747.330078125,5267.259765625,12743.6103515625,7481.740234375,7139.7998046875,21803.94921875,3291.112060546875,11163.6064453125,3446.8701171875,31541.099609375
2018-03-16,24946.509765625,2752.010009765625,5282.75,12784.3896484375,7481.990234375,7164.10009765625,21676.509765625,3269.882080078125,11051.076171875,3424.639892578125,31501.970703125
2018-03-19,24610.91015625,2712.919921875,5222.83984375,12651.4599609375,7344.240234375,7042.89990234375,21480.900390625,3279.251953125,11068.4462890625,3434.5400390625,31513.759765625
2018-03-20,24727.26953125,2716.93994140625,5252.43017578125,12663.6396484375,7364.2998046875,7061.2998046875,21380.970703125,3290.639892578125,11077.755859375,3446.489990234375,31549.9296875
2018-03-21,24682.310546875,2711.929931640625,5239.740234375,12683.759765625,7345.2900390625,7039.0,,3280.951904296875,10980.5068359375,3436.360107421875,31414.51953125
2018-03-22,23957.890625,2643.68994140625,5167.2099609375,12377.3896484375,7166.68017578125,6952.60009765625,21591.990234375,3263.47998046875,10877.20703125,3417.97998046875,31071.05078125
2018-03-23,23533.19921875,2588.260009765625,5095.22021484375,12177.7001953125,6992.669921875,6921.89990234375,20617.859375,3152.760986328125,10439.94921875,3301.949951171875,30309.2890625
2018-03-26,24202.599609375,2658.550048828125,5066.27978515625,12433.150390625,7220.5400390625,6888.7001953125,20766.099609375,3133.721923828125,10564.337890625,3281.919921875,30548.76953125
2018-03-27,23857.7109375,2612.6201171875,5115.740234375,12302.5400390625,7008.81005859375,7000.10009765625,21317.3203125,3166.64892578125,10775.66796875,3316.409912109375,30790.830078125
2018-03-28,23848.419921875,2605.0,5130.43994140625,12308.900390625,6949.22998046875,7044.7001953125,21031.310546875,3122.2900390625,10630.6484375,3269.8798828125,30022.529296875
2018-03-29,24103.109375,2640.8701171875,5167.2998046875,12452.0595703125,7063.4501953125,7056.60009765625,21159.080078125,3160.531005859375,10755.8779296875,3309.97998046875,30093.380859375
2018-03-30,,,,,,,21454.30078125,3168.89697265625,10868.607421875,3318.7099609375,
2018-04-02,23644.189453125,2581.8798828125,,12216.7099609375,6870.1201171875,,21388.580078125,3163.178955078125,10852.9072265625,3312.68994140625,
2018-04-03,24033.359375,2614.449951171875,5152.1201171875,12367.0703125,6941.27978515625,7030.5,21292.2890625,3136.633056640625,10754.248046875,3284.85009765625,30180.099609375
2018-04-04,24264.30078125,2644.68994140625,5141.7998046875,12466.4501953125,7042.10986328125,7034.0,21319.55078125,3131.111083984375,10684.517578125,3279.070068359375,29518.689453125
2018-04-05,24505.220703125,2662.840087890625,5276.669921875,12571.9404296875,7076.5498046875,7199.5,21645.419921875,,,,
2018-04-06,23932.759765625,2604.469970703125,5258.240234375,12349.1103515625,6915.10986328125,7183.60009765625,21567.51953125,,,,29844.939453125
2018-04-09,23979.099609375,2613.159912109375,5263.39013671875,12380.5498046875,6950.33984375,7194.7998046875,21678.259765625,3138.2939453125,10653.337890625,3286.6201171875,30229.580078125
2018-04-10,24408.0,2656.8701171875,5307.56005859375,12565.9697265625,7094.2998046875,7266.7998046875,21794.3203125,3190.322021484375,10765.578125,3341.239990234375,30728.740234375
2018-04-11,24189.44921875,2642.18994140625,5277.93994140625,12514.58984375,7069.02978515625,7257.10009765625,21687.099609375,3208.08203125,10808.3271484375,3359.8701171875,30897.7109375
2018-04-12,24483.05078125,2663.989990234375,5309.22021484375,12580.2197265625,7140.25,7258.2998046875,21660.279296875,3180.157958984375,10726.908203125,3330.56005859375,30831.279296875
2018-04-13,24360.140625,2656.300048828125,5315.02001953125,12546.0498046875,7106.64990234375,7264.60009765625,21778.740234375,3159.052001953125,10686.9775390625,3308.3798828125,30808.380859375
2018-04-16,24573.0390625,2677.840087890625,5312.9599609375,12628.2099609375,7156.27978515625,7198.2001953125,21835.529296875,3110.64892578125,10621.748046875,3257.639892578125,30315.58984375
2018-04-17,24786.630859375,2706.389892578125,5353.5400390625,12705.759765625,7281.10009765625,7226.10009765625,21847.58984375,3066.797119140625,10395.119140625,3211.659912109375,30062.75
2018-04-18,24748.0703125,2708.639892578125,5380.169921875,12732.849609375,7295.240234375,7317.2998046875,22158.19921875,3091.39892578125,10491.109375,3237.5,30284.25
2018-04-19,24664.890625,2693.1298828125,5391.64013671875,12671.48046875,7238.06005859375,7328.89990234375,22191.1796875,3117.3759765625,10598.3076171875,3264.739990234375,30708.439453125
2018-04-20,24462.939453125,2670.139892578125,5412.830078125,12607.16015625,7146.1298828125,7368.2001953125,22162.240234375,3071.54296875,10408.869140625,3216.699951171875,30418.330078125
2018-04-23,24448.689453125,2670.2900390625,5438.5498046875,12610.76953125,7128.60009765625,7398.89990234375,22088.0390625,3068.011962890625,10330.5888671875,3213.050048828125,30254.400390625
2018-04-24,24024.130859375,2634.56005859375,5444.16015625,12514.0,7007.35009765625,7425.39990234375,22278.119140625,3128.927001953125,10556.7783203125,3276.89990234375,30636.240234375
2018-04-25,24083.830078125,2639.39990234375,5413.2998046875,12517.8603515625,7003.740234375,7379.2998046875,22215.3203125,3117.97412109375,10547.05859375,3265.409912109375,30328.150390625
2018-04-26,24322.33984375,2666.93994140625,5453.580078125,12582.900390625,7118.68017578125,7421.39990234375,22319.609375,3075.030029296875,10292.080078125,3220.389892578125,30007.6796875
2018-04-27,24311.189453125,2669.909912109375,5483.18994140625,12594.01953125,7119.7998046875,7502.2001953125,22467.869140625,3082.23193359375,10324.4287109375,3227.919921875,30280.669921875
2018-04-30,24163.150390625,2648.050048828125,5520.5,12515.3603515625,7066.27001953125,7509.2998046875,,,,,30808.44921875
2018-05-01,24099.05078125,2654.800048828125,,12493.01953125,7130.7001953125,7520.39990234375,22508.029296875,,,,
2018-05-02,23924.98046875,2635.669921875,5529.22021484375,12418.0595703125,7100.89990234375,7543.2001953125,22472.779296875,3081.177001953125,10342.80859375,3226.889892578125,30723.880859375
2018-05-03,23930.150390625,2629.72998046875,5501.66015625,12392.5,7088.14990234375,7502.7001953125,,3100.85888671875,10458.5791015625,3247.530029296875,30313.369140625
2018-05-04,24262.509765625,2663.419921875,5516.0498046875,12493.349609375,7209.6201171875,7567.10009765625,,3091.032958984375,10426.1494140625,3237.22998046875,29926.5
2018-05-07,24357.3203125,2672.6298828125,5531.419921875,12519.75,7265.2099609375,,22467.16015625,3136.64501953125,10626.4677734375,3285.0400390625,29994.259765625
2018-05-08,24360.2109375,2671.919921875,5521.93017578125,12520.240234375,7266.89990234375,7565.7998046875,22508.689453125,3161.498046875,10707.7578125,3311.10009765625,30402.810546875
2018-05-09,24542.5390625,2697.7900390625,5534.6298828125,12632.490234375,7339.91015625,7662.5,22408.880859375,3159.14990234375,10689.0283203125,3308.639892578125,30536.140625
2018-05-10,24739.529296875,2723.070068359375,5545.9501953125,12731.6396484375,7404.97021484375,7701.0,22497.1796875,3174.4130859375,10729.7275390625,3324.639892578125,30809.220703125
2018-05-11,24831.169921875,2727.719970703125,5541.93994140625,12761.8203125,7402.8798828125,7724.60009765625,22758.48046875,3163.262939453125,10634.2578125,3312.949951171875,31122.060546875
2018-05-14,24899.41015625,2730.1298828125,5540.68017578125,12772.0302734375,7411.31982421875,7711.0,22865.859375,3174.031982421875,10671.41796875,3324.27001953125,31541.080078125
2018-05-15,24706.41015625,2711.449951171875,5553.16015625,12704.6298828125,7351.6298828125,7723.0,22818.01953125,3192.117919921875,10747.9482421875,3343.27001953125,31152.029296875
2018-05-16,24768.9296875,2722.4599609375,5567.5400390625,12743.7998046875,7398.2998046875,7734.2001953125,22717.23046875,3169.56494140625,10701.2783203125,3319.60009765625,31110.19921875
2018-05-17,24713.98046875,2720.1298828125,5621.919921875,12747.830078125,7382.47021484375,7788.0,22838.369140625,3154.282958984375,10635.4580078125,3303.60009765625,30942.150390625
2018-05-18,24715.08984375,2712.969970703125,5614.509765625,12717.419921875,7354.33984375,7778.7998046875,22930.359375,3193.302978515625,10672.4775390625,3344.5400390625,31047.91015625
2018-05-21,25013.2890625,2733.010009765625,5637.509765625,12804.009765625,7394.0400390625,7859.2001953125,23002.369140625,3213.840087890625,10765.3076171875,3366.070068359375,31234.349609375
2018-05-22,24834.41015625,2724.43994140625,5640.10009765625,12766.650390625,7378.4599609375,7877.5,22960.33984375,3214.35009765625,10765.767578125,3366.610107421875,
2018-05-23,24886.810546875,2733.2900390625,5565.85009765625,12743.400390625,7425.9599609375,7788.39990234375,22689.740234375,3168.964111328125,10631.078125,3319.02001953125,30665.640625
2018-05-24,24811.759765625,2727.760009765625,5548.4501953125,12696.6904296875,7424.43017578125,7716.7001953125,22437.009765625,3154.65087890625,10564.087890625,3304.0,30760.41015625
2018-05-25,24753.08984375,2721.330078125,5542.5498046875,12634.9404296875,7433.85009765625,7730.2998046875,22450.7890625,3141.302978515625,10448.1787109375,3290.02001953125,30588.0390625
2018-05-28,,,5508.93017578125,,,,22481.08984375,3135.08203125,10465.4990234375,3283.489990234375,30792.259765625
2018-05-29,24361.44921875,2689.860107421875,5438.06005859375,12442.6904296875,7396.58984375,7632.60009765625,22358.4296875,3120.4609375,10349.029296875,3268.139892578125,30484.580078125
2018-05-30,24667.779296875,2724.010009765625,5427.35009765625,12625.8701171875,7462.4501953125,7689.60009765625,22018.51953125,3041.443115234375,10105.75,3185.360107421875,30056.7890625
2018-05-31,24415.83984375,2705.27001953125,5398.39990234375,12527.1396484375,7442.1201171875,7678.2001953125,22201.8203125,3095.47412109375,10295.6904296875,3242.110107421875,30468.560546875
2018-06-01,24635.2109375,2734.6201171875,5465.52978515625,12620.830078125,7554.330078125,7701.7998046875,22171.349609375,3075.136962890625,10169.3095703125,3220.8798828125,30492.91015625
2018-06-04,24813.689453125,2746.8701171875,5472.91015625,12673.91015625,7606.4599609375,7741.2998046875,22475.939453125,3091.19091796875,10204.2802734375,3237.699951171875,30997.98046875
2018-06-05,24799.98046875,2748.800048828125,5460.9501953125,12658.7001953125,7637.85986328125,7686.7998046875,22539.5390625,3114.2060546875,10385.5693359375,3261.760009765625,31093.44921875
2018-06-06,25146.390625,2772.35009765625,5457.56005859375,12778.23046875,7689.240234375,7712.39990234375,22625.73046875,3115.179931640625,10365.0888671875,3262.780029296875,31259.099609375
2018-06-07,25241.41015625,2770.3701171875,5448.35986328125,12788.5,7635.06982421875,7704.39990234375,22823.259765625,3109.4990234375,10313.80859375,3256.820068359375,31512.630859375
2018-06-08,25316.529296875,2779.030029296875,5450.22021484375,12832.0703125,7645.509765625,7681.10009765625,22694.5,3067.14794921875,10205.4794921875,3212.3701171875,30958.2109375
2018-06-11,25322.310546875,2782.0,5473.91015625,12856.9599609375,7659.93017578125,7737.39990234375,22804.0390625,3052.782958984375,10175.3095703125,3197.330078125,31063.69921875
2018-06-12,25320.73046875,2786.85009765625,5453.3701171875,12844.7099609375,7703.7900390625,7703.7998046875,22878.349609375,3079.802001953125,10315.2392578125,3225.639892578125,31103.060546875
2018-06-13,25201.19921875,2775.6298828125,5452.72998046875,12785.4501953125,7695.7001953125,7703.7001953125,22966.380859375,3049.797119140625,10161.6103515625,3194.169921875,30725.150390625
2018-06-14,25175.310546875,2782.489990234375,5528.4599609375,12771.9501953125,7761.0400390625,7765.7998046875,22738.609375,3044.159912109375,10084.1396484375,3188.260009765625,30440.169921875
2018-06-15,25090.48046875,2779.659912109375,5501.8798828125,12734.6396484375,7746.3798828125,7633.89990234375,22851.75,3021.90087890625,9943.0908203125,3165.0,30309.490234375
2018-06-18,24987.470703125,2773.75,5450.47998046875,12708.6298828125,7747.02978515625,7631.2998046875,22680.330078125,,,,
2018-06-19,24700.2109375,2762.590087890625,5390.6298828125,12638.98046875,7725.58984375,7603.89990234375,22278.48046875,2907.822021484375,9414.72265625,3045.659912109375,29468.150390625
2018-06-20,24657.80078125,2767.320068359375,5372.31005859375,12648.740234375,7781.509765625,7627.39990234375,22555.4296875,2915.73095703125,9501.302734375,3053.889892578125,29696.169921875
2018-06-21,24461.69921875,2749.760009765625,5316.009765625,12560.23046875,7712.9501953125,7556.39990234375,22693.0390625,2875.81005859375,9316.642578125,3012.080078125,29296.05078125
2018-06-22,24580.890625,2754.8798828125,5387.3798828125,12639.5703125,7692.81982421875,7682.2998046875,22516.830078125,2889.760009765625,9409.9130859375,3026.6201171875,29338.69921875
2018-06-25,24252.80078125,2717.070068359375,5283.85986328125,12481.599609375,7532.009765625,7509.7998046875,22338.150390625,2859.3359375,9324.79296875,2994.699951171875,28961.390625
2018-06-26,24283.109375,2723.06005859375,5281.2900390625,12510.5498046875,7561.6298828125,7537.89990234375,22342.0,2844.508056640625,9339.3330078125,2979.1298828125,28881.400390625
2018-06-27,24117.58984375,2699.6298828125,5327.2001953125,12412.0703125,7445.080078125,7621.7001953125,22271.76953125,2813.177978515625,9168.6240234375,2946.22998046875,28356.259765625
2018-06-28,24216.05078125,2716.31005859375,5275.64013671875,12475.98046875,7503.68017578125,7615.60009765625,22270.390625,2786.89697265625,9071.6943359375,2918.6298828125,28497.3203125
2018-06-29,24271.41015625,2718.3701171875,5323.52978515625,12504.25,7510.2998046875,7636.89990234375,22304.509765625,2847.41796875,9379.4326171875,2981.989990234375,28955.109375
2018-07-02,24307.1796875,2726.7099609375,5276.759765625,12485.580078125,7567.68994140625,7547.89990234375,21811.9296875,2775.556884765625,9179.763671875,2906.6201171875,
2018-07-03,24174.8203125,2713.219970703125,5316.77001953125,12494.7001953125,7502.669921875,7593.2998046875,21785.5390625,2786.887939453125,9221.50390625,2918.5,28545.5703125
2018-07-04,,,5320.5,,,7573.10009765625,21717.0390625,2759.1259765625,9035.455078125,2889.429931640625,28241.669921875
2018-07-05,24356.740234375,2736.610107421875,5366.31982421875,12585.2099609375,7586.43017578125,7603.2001953125,21546.990234375,2733.882080078125,8862.14453125,2862.989990234375,28182.08984375
2018-07-06,24456.48046875,2759.820068359375,5375.77001953125,12664.8798828125,7688.39013671875,7617.7001953125,21788.140625,2747.22900390625,8911.3046875,2877.010009765625,28315.619140625
2018-07-09,24776.58984375,2784.169921875,5398.10986328125,12776.919921875,7756.2001953125,7688.0,22052.1796875,2815.110107421875,9160.583984375,2948.179931640625,28688.5
2018-07-10,24919.66015625,2793.840087890625,5434.35986328125,12814.6396484375,7759.2001953125,7692.0,22196.890625,2827.625,9205.3935546875,2961.300048828125,28682.25
2018-07-11,24700.44921875,2774.02001953125,5353.93017578125,12681.58984375,7716.60986328125,7592.0,21932.2109375,2777.77099609375,9023.78515625,2909.090087890625,28311.689453125
2018-07-12,24924.890625,2798.2900390625,5405.89990234375,12761.4599609375,7823.919921875,7651.2998046875,22187.9609375,2837.658935546875,9273.57421875,2971.820068359375,28480.830078125
2018-07-13,25019.41015625,2801.31005859375,5429.2001953125,12769.5,7825.97998046875,7661.89990234375,22597.349609375,2831.18408203125,9326.9326171875,2965.010009765625,28525.439453125
2018-07-16,25064.359375,2798.429931640625,5409.43017578125,12748.7802734375,7805.72021484375,7600.5,22597.349609375,2814.0419921875,9317.3232421875,2947.06005859375,28539.66015625
2018-07-17,25119.890625,2809.550048828125,5422.5400390625,12779.2197265625,7855.1201171875,7626.2998046875,22697.359375,2798.1259765625,9285.1240234375,2930.3701171875,28181.6796875
2018-07-18,25199.2890625,2815.6201171875,5447.43994140625,12823.23046875,7854.43994140625,7676.2998046875,22794.189453125,2787.257080078125,9195.2041015625,2919.0,28117.419921875
2018-07-19,25064.5,2804.489990234375,5417.06982421875,12786.48046875,7825.2998046875,7684.0,22764.6796875,2772.544921875,9148.744140625,2903.60009765625,28010.859375
2018-07-20,25058.119140625,2801.830078125,5398.31982421875,12789.91015625,7820.2001953125,7678.7998046875,22697.880859375,2829.27099609375,9251.4443359375,2963.14990234375,28224.48046875
2018-07-23,25044.2890625,2806.97998046875,5378.25,12794.0498046875,7841.8701171875,7655.7998046875,22396.990234375,2859.5419921875,9314.2626953125,2994.889892578125,28256.119140625
2018-07-24,25241.939453125,2820.39990234375,5434.18994140625,12847.490234375,7840.77001953125,7709.10009765625,22510.48046875,2905.56201171875,9465.7626953125,3043.1298828125,28662.5703125
2018-07-25,25414.099609375,2846.070068359375,5426.41015625,12933.6298828125,7932.240234375,7658.2998046875,22614.25,2903.64697265625,9463.72265625,3041.10009765625,28920.900390625
2018-07-26,25527.0703125,2837.43994140625,5480.5498046875,12953.3896484375,7852.18017578125,7663.2001953125,22586.869140625,2882.22509765625,9352.212890625,3018.610107421875,28781.140625
2018-07-27,25451.060546875,2818.820068359375,5511.759765625,12921.33984375,7737.419921875,7701.2998046875,22712.75,2873.593994140625,9295.8935546875,3009.530029296875,28804.279296875
2018-07-30,25306.830078125,2802.60009765625,5491.22021484375,12903.4296875,7630.0,7700.89990234375,22544.83984375,2869.050048828125,9181.904296875,3004.7900390625,28733.130859375
2018-07-31,25415.189453125,2816.2900390625,5511.2998046875,12963.2802734375,7671.7900390625,7748.7998046875,22553.720703125,2876.40087890625,9178.744140625,3012.5,28583.009765625
2018-08-01,25333.8203125,2813.360107421875,5498.3701171875,12902.3896484375,7707.2900390625,7652.89990234375,22746.69921875,2824.533935546875,9005.3349609375,2958.050048828125,28340.740234375
2018-08-02,25326.16015625,2827.219970703125,5460.97998046875,12898.0703125,7802.68994140625,7575.89990234375,22512.529296875,2768.02392578125,8780.525390625,2898.840087890625,27714.560546875
2018-08-03,25462.580078125,2840.35009765625,5478.97998046875,12953.33984375,7812.009765625,7659.10009765625,22525.1796875,2740.443115234375,8602.0859375,2869.919921875,27676.3203125
2018-08-06,25502.1796875,2850.39990234375,5477.18017578125,12964.26953125,7859.68017578125,7663.7998046875,22507.3203125,2705.156982421875,8422.806640625,2833.0,27819.560546875
2018-08-07,25628.91015625,2858.449951171875,5521.31005859375,12999.58984375,7883.66015625,7718.5,22662.740234375,2779.3740234375,8673.99609375,2910.780029296875,28248.880859375
2018-08-08,25583.75,2857.699951171875,5501.89990234375,12987.91015625,7888.330078125,7776.7001953125,22644.310546875,2744.070068359375,8499.1865234375,2873.75,28359.140625
2018-08-09,25509.23046875,2853.580078125,5502.25,12956.66015625,7891.77978515625,7741.7998046875,22598.390625,2794.382080078125,8752.166015625,2926.47998046875,28607.30078125
2018-08-10,25313.140625,2833.280029296875,5414.68017578125,12843.490234375,7839.10986328125,7667.0,22298.080078125,2795.31005859375,8813.455078125,2927.429931640625,28366.619140625
2018-08-13,25187.69921875,2821.929931640625,5412.31982421875,12763.66015625,7819.7099609375,7642.5,21857.4296875,2785.8720703125,8844.8251953125,2917.530029296875,27936.5703125
2018-08-14,25299.919921875,2839.9599609375,5403.41015625,12835.3095703125,7870.89013671875,7611.60009765625,22356.080078125,2780.965087890625,8784.8662109375,2912.35009765625,27752.9296875
2018-08-15,25162.41015625,2818.3701171875,5305.22021484375,12723.08984375,7774.1201171875,7497.89990234375,22204.220703125,2723.258056640625,8581.1455078125,2851.840087890625,27323.58984375
2018-08-16,25558.73046875,2840.68994140625,5349.02001953125,12841.2802734375,7806.52001953125,7556.39990234375,22192.0390625,2705.19189453125,8500.38671875,2832.909912109375,27100.060546875
2018-08-17,25669.3203125,2850.1298828125,5344.93017578125,12908.259765625,7816.330078125,7558.60009765625,22270.380859375,2668.966064453125,8357.0068359375,2794.909912109375,27213.41015625
2018-08-20,25758.689453125,2857.050048828125,5379.64990234375,12965.099609375,7821.009765625,7591.2998046875,22199.0,2698.466064453125,8414.1171875,2825.889892578125,27598.01953125
2018-08-21,25822.2890625,2862.9599609375,5408.60009765625,12996.759765625,7859.169921875,7565.7001953125,22219.73046875,2733.825927734375,8549.0263671875,2862.93994140625,27752.7890625
2018-08-22,25733.599609375,2861.820068359375,5420.60986328125,12990.509765625,7889.10009765625,7574.2001953125,22362.55078125,2714.60791015625,8454.716796875,2842.780029296875,27927.580078125
2018-08-23,25656.98046875,2856.97998046875,5419.330078125,12933.4599609375,7878.4599609375,7563.2001953125,22410.8203125,2724.6240234375,8501.3564453125,2853.27001953125,27790.4609375
2018-08-24,25790.349609375,2874.68994140625,5432.5,12999.4404296875,7945.97998046875,7577.5,22601.76953125,2729.430908203125,8484.70703125,2858.35009765625,27671.869140625
2018-08-27,26049.640625,2896.739990234375,5479.10009765625,13102.0302734375,8017.89990234375,,22799.640625,2780.89892578125,8728.525390625,2912.300048828125,28271.26953125
2018-08-28,26064.01953125,2897.52001953125,5484.990234375,13084.7998046875,8030.0400390625,7617.2001953125,22813.470703125,2777.98095703125,8733.7158203125,2909.22998046875,28351.619140625
2018-08-29,26124.5703125,2914.0400390625,5501.330078125,13132.16015625,8109.68994140625,7563.2001953125,22848.220703125,2769.294921875,8678.2255859375,2900.1298828125,28416.439453125
2018-08-30,25986.919921875,2901.1298828125,5478.06005859375,13039.9296875,8088.35986328125,7516.0,22869.5,2737.737060546875,8552.7666015625,2867.010009765625,28164.05078125
2018-08-31,25964.8203125,2901.52001953125,5406.85009765625,13016.8896484375,8109.5400390625,7432.39990234375,22865.150390625,2725.25,8465.4365234375,2853.89990234375,27888.55078125
2018-09-03,,,5413.7998046875,,,7504.60009765625,22707.380859375,2720.73388671875,8455.5166015625,2849.179931640625,27712.5390625
2018-09-04,25952.48046875,2896.719970703125,5342.7001953125,12969.8603515625,8091.25,7457.89990234375,22696.900390625,2750.580078125,8554.4072265625,2880.4599609375,27973.33984375
2018-09-05,25974.990234375,2888.60009765625,5260.22021484375,12968.5498046875,7995.169921875,7383.2998046875,22580.830078125,2704.3369140625,8402.4765625,2831.9599609375,27243.849609375
2018-09-06,25995.869140625,2878.050048828125,5243.83984375,12938.91015625,7922.72998046875,7319.0,22487.939453125,2691.593017578125,8324.126953125,2818.610107421875,26974.8203125
2018-09-07,25916.5390625,2871.679931640625,5252.22021484375,12911.1201171875,7902.5400390625,7277.7001953125,22307.060546875,2702.301025390625,8322.3271484375,2829.85009765625,26973.470703125
2018-09-10,25857.0703125,2877.1298828125,5269.6298828125,12928.669921875,7924.16015625,7279.2998046875,22373.08984375,2669.485107421875,8158.4580078125,2795.47998046875,26613.419921875
2018-09-11,25971.060546875,2887.889892578125,5283.7900390625,12952.2998046875,7972.47021484375,7273.5,22664.689453125,2664.800048828125,8168.06787109375,2790.590087890625,26422.55078125
2018-09-12,25998.919921875,2888.919921875,5332.1298828125,12990.099609375,7954.22998046875,7313.39990234375,22604.609375,2656.110107421875,8111.12841796875,2781.5,26345.0390625
2018-09-13,26145.990234375,2904.179931640625,5328.1201171875,13034.6103515625,8013.7099609375,7281.60009765625,22821.3203125,2686.577880859375,8163.7275390625,2813.419921875,27014.490234375
2018-09-14,26154.669921875,2904.97998046875,5352.56982421875,13050.51953125,8010.0400390625,7304.0,23094.669921875,2681.64306640625,8113.84814453125,2808.260009765625,27286.41015625
2018-09-17,26062.119140625,2888.800048828125,5348.8701171875,13031.91015625,7895.7900390625,7302.10009765625,,2651.7890625,7999.31884765625,2776.9599609375,26932.849609375
2018-09-18,26246.9609375,2904.31005859375,5363.7900390625,13091.98046875,7956.10986328125,7300.2001953125,23420.5390625,2699.949951171875,8133.18798828125,2827.4599609375,27084.66015625
2018-09-19,26405.759765625,2907.949951171875,5393.740234375,13121.9697265625,7950.0400390625,7331.10009765625,23672.51953125,2730.85009765625,8248.087890625,2859.840087890625,27407.369140625
2018-09-20,26656.98046875,2930.75,5451.58984375,13225.1103515625,8028.22998046875,7367.2998046875,23674.9296875,2729.243896484375,8233.857421875,2858.179931640625,27477.669921875
2018-09-21,26743.5,2929.669921875,5494.169921875,13236.4404296875,7986.9599609375,7490.2001953125,23869.9296875,2797.485107421875,8409.146484375,2929.739990234375,27953.580078125
2018-09-24,26562.05078125,2919.3701171875,5476.169921875,13162.0498046875,7993.25,7458.39990234375,,,,,27499.390625
2018-09-25,26492.2109375,2915.56005859375,5479.10009765625,13160.599609375,8007.47021484375,7507.60009765625,23940.259765625,2781.138916015625,8353.3466796875,2912.610107421875,
2018-09-26,26385.279296875,2905.969970703125,5512.72998046875,13101.9599609375,7990.3701171875,7511.5,24033.7890625,2806.81298828125,8420.5068359375,2939.530029296875,27816.869140625
2018-09-27,26439.9296875,2914.0,5540.41015625,13105.7197265625,8041.97021484375,7545.39990234375,23796.740234375,2791.77490234375,8334.716796875,2923.72998046875,27715.669921875
2018-09-28,26458.310546875,2913.97998046875,5493.490234375,13082.51953125,8046.35009765625,7510.2001953125,24120.0390625,2821.35009765625,8401.056640625,2954.75,27788.51953125
2018-10-01,26651.2109375,2924.590087890625,5506.81982421875,13125.349609375,8037.2998046875,7495.7001953125,24245.759765625,,,,
2018-10-02,26773.939453125,2923.429931640625,5467.89013671875,13106.009765625,7999.5498046875,7474.60009765625,24270.619140625,,,,27126.380859375
2018-10-03,26828.390625,2925.510009765625,5491.39990234375,13118.5498046875,8025.08984375,7510.2998046875,24110.9609375,,,,27091.259765625
2018-10-04,26627.48046875,2901.610107421875,5410.85009765625,13042.2998046875,7879.509765625,7418.2998046875,23975.619140625,,,,26623.869140625
2018-10-05,26447.05078125,2885.570068359375,5359.35986328125,12991.9501953125,7788.4501953125,7318.5,23783.720703125,,,,26572.5703125
2018-10-08,26486.779296875,2884.429931640625,5300.25,13000.1396484375,7735.9501953125,7233.2998046875,,2716.510009765625,8060.79833984375,2844.840087890625,26202.5703125
2018-10-09,26430.5703125,2880.340087890625,5318.5498046875,12960.4501953125,7738.02001953125,7237.60009765625,23469.390625,2721.012939453125,8046.3583984375,2849.530029296875,26172.91015625
2018-10-10,25598.740234375,2785.679931640625,5206.22021484375,12622.1298828125,7422.0498046875,7145.7001953125,23506.0390625,2725.8369140625,8010.658203125,2854.580078125,26193.0703125
2018-10-11,25052.830078125,2728.3701171875,5106.3701171875,12349.5302734375,7329.06005859375,7006.89990234375,22590.859375,2583.4580078125,7524.06005859375,2705.449951171875,25266.369140625
2018-10-12,25339.990234375,2767.1298828125,5095.97998046875,12439.419921875,7496.89013671875,6995.89990234375,22694.66015625,2606.9130859375,7558.25,2730.050048828125,25801.490234375
2018-10-15,25250.55078125,2750.7900390625,5095.06982421875,12425.6796875,7430.740234375,7029.2001953125,22271.30078125,2568.097900390625,7444.45068359375,2689.35009765625,25445.060546875
2018-10-16,25798.419921875,2809.919921875,5173.0498046875,12645.9501953125,7645.490234375,7059.39990234375,22549.240234375,2546.330078125,7298.951171875,2666.760009765625,25462.259765625
2018-10-17,25706.6796875,2809.2099609375,5144.9501953125,12613.0498046875,7642.7001953125,7054.60009765625,22841.119140625,2561.614013671875,7365.18115234375,2682.760009765625,
2018-10-18,25379.44921875,2768.780029296875,5116.7900390625,12445.48046875,7485.14013671875,7027.0,22658.16015625,2486.4189453125,7187.4619140625,2603.989990234375,25454.55078125
2018-10-19,25444.33984375,2767.780029296875,5084.66015625,12457.26953125,7449.02978515625,7049.7998046875,22532.080078125,2550.465087890625,7387.7109375,2671.080078125,25561.400390625
2018-10-22,25317.41015625,2755.8798828125,5053.31005859375,12374.759765625,7468.6298828125,7042.7998046875,22614.8203125,2654.8759765625,7748.78955078125,2780.3798828125,26153.150390625
2018-10-23,25191.4296875,2740.68994140625,4967.68994140625,12287.4404296875,7437.5400390625,6955.2001953125,22010.779296875,2594.825927734375,7574.96044921875,2717.429931640625,25346.55078125
2018-10-24,24583.419921875,2656.10009765625,4953.08984375,11969.740234375,7108.39990234375,6963.0,22091.1796875,2603.294921875,7545.080078125,2726.300048828125,25249.779296875
2018-10-25,24984.55078125,2705.570068359375,5032.2998046875,12118.849609375,7318.33984375,7004.10009765625,21268.73046875,2603.800048828125,7529.38037109375,2726.860107421875,24994.4609375
2018-10-26,24688.310546875,2658.68994140625,4967.3701171875,11976.9501953125,7167.2099609375,6939.60009765625,21184.599609375,2598.846923828125,7504.69091796875,2721.639892578125,24717.630859375
2018-10-29,24442.919921875,2641.25,4989.35009765625,11942.509765625,7050.2900390625,7026.2998046875,21149.80078125,2542.10302734375,7322.21142578125,2662.14990234375,24812.0390625
2018-10-30,24874.640625,2682.6298828125,4978.52978515625,12129.9404296875,7161.64990234375,7035.89990234375,21457.2890625,2568.048095703125,7375.201171875,2689.31005859375,24585.529296875
2018-10-31,25115.759765625,2711.739990234375,5093.43994140625,12208.0595703125,7305.89990234375,7128.10009765625,21920.4609375,2602.782958984375,7482.80078125,2725.669921875,24979.689453125
2018-11-01,25380.740234375,2740.3701171875,5085.77978515625,12356.5,7434.06005859375,7114.7001953125,21687.650390625,2606.237060546875,7567.76025390625,2729.31005859375,25416.0
2018-11-02,25270.830078125,2723.06005859375,5102.1298828125,12321.7998046875,7356.990234375,7094.10009765625,22243.66015625,2676.47607421875,7867.50927734375,2802.969970703125,26486.349609375
2018-11-05,25461.69921875,2738.31005859375,5101.39013671875,12424.3095703125,7328.85009765625,7103.7998046875,21898.990234375,2665.430908203125,7839.04931640625,2791.35009765625,25934.390625
2018-11-06,25635.009765625,2755.449951171875,5075.18994140625,12480.0595703125,7375.9599609375,7040.7001953125,22147.75,2659.35595703125,7791.21923828125,2784.969970703125,26120.9609375
2018-11-07,26180.30078125,2813.889892578125,5137.93994140625,12679.099609375,7570.75,7117.2998046875,22085.80078125,2641.342041015625,7752.009765625,2766.10009765625,26147.689453125
2018-11-08,26191.220703125,2806.830078125,5131.4501953125,12622.0400390625,7530.8798828125,7140.7001953125,22486.919921875,2635.632080078125,7697.98974609375,2760.110107421875,26227.720703125
2018-11-09,25989.30078125,2781.010009765625,5106.75,12537.5302734375,7406.89990234375,7105.2998046875,22250.25,2598.8720703125,7648.51953125,2721.56005859375,25601.919921875
2018-11-12,25387.1796875,2726.219970703125,5059.08984375,12343.509765625,7200.8701171875,7053.10009765625,22269.880859375,2630.52001953125,7832.25927734375,2754.719970703125,25633.1796875
2018-11-13,25286.490234375,2722.179931640625,5101.85009765625,12328.2998046875,7200.8701171875,7053.7998046875,21810.51953125,2654.8798828125,7963.62890625,2780.219970703125,25792.869140625
2018-11-14,25080.5,2701.580078125,5068.85009765625,12275.490234375,7136.39013671875,7033.7998046875,21846.48046875,2632.242919921875,7908.5185546875,2756.419921875,25654.4296875
2018-11-15,25289.26953125,2730.199951171875,5033.6201171875,12361.51953125,7259.02978515625,7038.0,21803.619140625,2668.169921875,8002.06884765625,2794.030029296875,26103.33984375
2018-11-16,25413.220703125,2736.27001953125,5025.2001953125,12400.2802734375,7247.8701171875,7013.89990234375,21680.33984375,2679.110107421875,8062.25830078125,2805.429931640625,26183.529296875
2018-11-19,25017.439453125,2690.72998046875,4985.4501953125,12280.91015625,7028.47998046875,7000.89990234375,21821.16015625,2703.511962890625,8108.818359375,2831.06005859375,26372.0
2018-11-20,24465.640625,2641.889892578125,4924.89013671875,12048.66015625,6908.81982421875,6947.89990234375,21583.119140625,2645.85498046875,7879.4892578125,2770.669921875,25840.33984375
2018-11-21,24464.689453125,2649.929931640625,4975.5,12123.33984375,6972.25,7050.2001953125,21507.5390625,2651.5048828125,7908.43896484375,2776.56005859375,25971.470703125
2018-11-22,,,4938.14013671875,,,6960.2998046875,21646.55078125,2645.43408203125,7893.958984375,2770.169921875,26019.41015625
2018-11-23,24285.94921875,2632.56005859375,4946.9501953125,12036.240234375,6938.97998046875,6952.89990234375,,2579.48291015625,7636.669921875,2701.10009765625,25927.6796875
2018-11-26,24640.240234375,2673.449951171875,4994.97998046875,12181.599609375,7081.85009765625,7036.0,21812.0,2575.81005859375,7615.88037109375,2697.27001953125,26376.1796875
2018-11-27,24748.73046875,2682.169921875,4983.14990234375,12188.0703125,7082.7001953125,7016.89990234375,21952.400390625,2574.678955078125,7635.1298828125,2696.050048828125,26331.9609375
2018-11-28,25366.4296875,2743.7900390625,4983.240234375,12417.6298828125,7291.58984375,7004.5,22177.01953125,2601.737060546875,7757.03955078125,2724.39990234375,26682.560546875
2018-11-29,25338.83984375,2737.800048828125,5006.25,12389.3701171875,7273.080078125,7039.0,22262.599609375,2567.443115234375,7596.97998046875,2688.419921875,26451.029296875
2018-11-30,25538.4609375,2760.169921875,5003.919921875,12457.5498046875,7330.5400390625,6980.2001953125,22351.060546875,2588.18798828125,7681.7197265625,2710.169921875,26506.75
2018-12-03,25826.4296875,2790.3701171875,5053.97998046875,12577.5400390625,7441.509765625,7062.39990234375,22574.759765625,2654.798095703125,7938.47021484375,2779.989990234375,27182.0390625
2018-12-04,25027.0703125,2700.06005859375,5012.66015625,12221.98046875,7158.43017578125,7022.7998046875,22036.05078125,2665.9580078125,7953.72021484375,2791.679931640625,27260.439453125
2018-12-05,,,4944.3701171875,,,6921.7998046875,21919.330078125,2649.804931640625,7928.509765625,2774.7900390625,26819.6796875
2018-12-06,24947.669921875,2695.949951171875,4780.4599609375,12144.41015625,7188.259765625,6704.10009765625,21501.619140625,2605.180908203125,7735.0498046875,2727.989990234375,26156.380859375
2018-12-07,24388.94921875,2633.080078125,4813.1298828125,11941.9296875,6969.25,6778.10009765625,21678.6796875,2605.887939453125,7733.89013671875,2728.719970703125,26063.759765625
2018-12-10,24423.259765625,2637.719970703125,4742.3798828125,11889.2900390625,7020.52001953125,6721.5,21219.5,2584.58203125,7624.85986328125,2706.419921875,25752.380859375
2018-12-11,24370.240234375,2636.780029296875,4806.2001953125,11860.650390625,7031.830078125,6806.89990234375,21148.01953125,2594.087890625,7685.39990234375,2716.3798828125,25771.669921875
2018-12-12,24527.26953125,2651.070068359375,4909.4501953125,11943.2900390625,7098.31005859375,6880.2001953125,21602.75,2602.153076171875,7698.02001953125,2724.830078125,26186.7109375
2018-12-13,24597.380859375,2650.5400390625,4896.919921875,11936.16015625,7070.330078125,6877.5,21816.189453125,2634.049072265625,7808.0400390625,2758.25,26524.349609375
2018-12-14,24100.509765625,2599.949951171875,4853.7001953125,11755.3798828125,6910.66015625,6845.2001953125,21374.830078125,2593.740966796875,7629.64990234375,2716.0,26094.7890625
2018-12-17,23592.98046875,2545.93994140625,4799.8701171875,11532.1201171875,6753.72998046875,6773.2001953125,21506.880859375,2597.97412109375,7592.64990234375,2720.469970703125,26087.98046875
2018-12-18,23675.640625,2546.159912109375,4754.080078125,11502.16015625,6783.91015625,6701.60009765625,21115.44921875,2576.64990234375,7530.31982421875,2698.110107421875,25814.25
2018-12-19,23323.66015625,2506.9599609375,4777.4501953125,11371.83984375,6636.830078125,6765.89990234375,20987.919921875,2549.56298828125,7418.68994140625,2669.679931640625,25865.390625
2018-12-20,22859.599609375,2467.419921875,4692.4599609375,11222.7900390625,6528.41015625,6711.89990234375,20392.580078125,2536.26806640625,7426.43994140625,2655.72998046875,25623.529296875
2018-12-21,22445.369140625,2416.6201171875,4694.3798828125,11036.83984375,6332.990234375,6721.2001953125,20166.189453125,2516.2509765625,7337.60009765625,2634.800048828125,25753.419921875
2018-12-24,21792.19921875,2351.10009765625,4626.39013671875,10769.830078125,6192.919921875,6686.0,,2527.007080078125,7392.56005859375,2646.070068359375,25651.380859375
2018-12-25,,,,,,,19155.740234375,2504.819091796875,7332.35009765625,2622.830078125,
2018-12-26,22878.44921875,2467.699951171875,,11204.08984375,6554.35986328125,,19327.060546875,2498.2939453125,7289.5498046875,2616.0,
2018-12-27,23138.8203125,2488.830078125,4598.60986328125,11285.3095703125,6579.490234375,6584.7001953125,20077.619140625,2483.0859375,7215.33984375,2600.050048828125,25478.880859375
